{"skeleton":{"hash":"8Z0CV/5Yt3pMPzsW74w8qWFWTrY","spine":"3.8.86","x":-48.22,"y":-47.65,"width":76,"height":117,"images":"./images/","audio":"I:/A_1/2D射击项目/动画/junguan/images"},"bones":[{"name":"root","y":-48.2},{"name":"bone","parent":"root","x":4.64,"y":41.32},{"name":"shenti","parent":"bone","length":27.13,"rotation":90.48,"x":0.78,"y":2.86},{"name":"zuodatui","parent":"bone","length":13.98,"rotation":-97.05,"x":-7.07,"y":-3.86},{"name":"zuoxiaotui","parent":"zuodatui","length":13.92,"rotation":16.51,"x":15.54,"y":0.19},{"name":"zuoxiaotui2","parent":"zuoxiaotui","length":4.86,"rotation":-9.46,"x":14.9,"y":-0.16},{"name":"youdatui","parent":"bone","length":15.27,"rotation":-96.99,"x":8.24,"y":-4.29},{"name":"youxiaotui","parent":"youdatui","length":15.68,"rotation":21.79,"x":14.83,"y":0.09},{"name":"youxiaotui2","parent":"youxiaotui","length":5.72,"rotation":-14.8,"x":15.95,"y":-0.07},{"name":"youshoubi","parent":"shenti","length":16.95,"rotation":-155.9,"x":25.97,"y":-9.35},{"name":"youshou","parent":"youshoubi","length":14.09,"rotation":-64.39,"x":17.86,"y":-0.78},{"name":"youshou2","parent":"youshou","length":8.55,"rotation":-17.72,"x":14.95,"y":0.5},{"name":"zuoshoubi","parent":"shenti","length":17.7,"rotation":156.04,"x":25.24,"y":0.99},{"name":"zuoshou","parent":"zuoshoubi","length":12.1,"rotation":-33.69,"x":18.92,"y":0.89},{"name":"zuoshou2","parent":"zuoshou","length":8.8,"rotation":-6.26,"x":13.24,"y":-0.35},{"name":"shouqiang","parent":"zuoshou2","x":2.49,"y":2.42},{"name":"naodai","parent":"shenti","length":31.18,"rotation":1.27,"x":31.53,"y":1.03},{"name":"root_qiang","parent":"shouqiang","rotation":19.19,"x":33.21,"y":1.19}],"slots":[{"name":"zuoshoubi","bone":"zuoshoubi","attachment":"zuoshoubi"},{"name":"zuoshou","bone":"zuoshou","attachment":"zuoshou"},{"name":"shouqiang","bone":"shouqiang","attachment":"shouqiang"},{"name":"zuodatui","bone":"zuodatui","attachment":"zuodatui"},{"name":"zuoxiaotui","bone":"zuoxiaotui","attachment":"zuoxiaotui"},{"name":"youdatui","bone":"youdatui","attachment":"youdatui"},{"name":"youxiaotui","bone":"youxiaotui","attachment":"youxiaotui"},{"name":"shenti","bone":"shenti","attachment":"shenti"},{"name":"bozi","bone":"shenti","attachment":"bozi"},{"name":"naodai","bone":"naodai","attachment":"naodai"},{"name":"maozi","bone":"naodai","attachment":"maozi"},{"name":"youshoubi","bone":"youshoubi","attachment":"youshoubi"},{"name":"youshou","bone":"youshou","attachment":"youshou"}],"skins":[{"name":"default","attachments":{"bozi":{"bozi":{"x":29.37,"y":0.4,"rotation":-90.48,"width":22,"height":16}},"maozi":{"maozi":{"x":20.02,"y":5.24,"rotation":-91.75,"width":55,"height":44}},"naodai":{"naodai":{"x":12.03,"y":5.48,"rotation":-91.75,"width":35,"height":38}},"shenti":{"shenti":{"x":9.86,"y":-0.94,"rotation":-90.48,"width":41,"height":55}},"shouqiang":{"shouqiang":{"x":10.51,"y":-1.92,"rotation":153.43,"width":46,"height":32}},"youdatui":{"youdatui":{"x":6.5,"y":0.19,"rotation":96.99,"width":21,"height":24}},"youshou":{"youshou":{"type":"mesh","uvs":[1,0.54725,0.60845,0.85282,0.47813,1,0,1,0,0.54429,0.1571,0.45825,0.5131,0,1,0,0.32238,0.54132,0.43999,0.61252],"triangles":[2,3,9,3,8,9,2,9,1,8,4,5,8,3,4,1,9,0,0,9,6,9,8,6,6,7,0,8,5,6],"vertices":[2,10,3.16,11.1,0.89424,11,-14.45,6.5,0.10576,2,10,17.23,8.54,0.06005,11,-0.28,8.35,0.93995,1,11,5.17,10.12,1,1,11,16.46,2.93,1,2,10,21.02,-10.47,0.2192,11,9.12,-8.61,0.7808,2,10,16.22,-8.74,0.55671,11,4.03,-8.42,0.44329,1,10,-0.72,-9.89,1,1,10,-9.45,0.59,1,2,10,15.17,-3.59,0.66316,11,1.46,-3.83,0.33684,2,10,14.71,0.3,0.29281,11,-0.17,-0.26,0.70719],"hull":8,"edges":[12,14,12,10,10,16,16,18,18,2,0,14,2,0,6,8,10,8,4,6,2,4],"width":28,"height":30}},"youshoubi":{"youshoubi":{"x":9.48,"y":-1.34,"rotation":65.42,"width":21,"height":27}},"youxiaotui":{"youxiaotui":{"type":"mesh","uvs":[1,0.68964,1,0.81004,1,1,0,1,0,0.71831,0,0.58071,0,0,1,0,0.25388,0.59504,0.24958,0.66384,0.62368,0.80144,0.61078,0.70398],"triangles":[3,10,2,10,1,2,3,9,10,3,4,9,10,0,1,9,11,10,10,11,0,4,5,9,7,0,11,11,9,8,11,8,7,9,5,8,7,8,6,8,5,6],"vertices":[2,7,14.99,8.06,0.99783,8,-3.01,7.61,0.00217,2,7,18.48,7.13,0.87096,8,0.61,7.61,0.12904,2,7,23.99,5.68,0.5168,8,6.3,7.61,0.4832,2,7,18.89,-13.66,0.01789,8,6.3,-12.39,0.98211,2,7,10.72,-11.5,0.4,8,-2.15,-12.39,0.6,2,7,6.73,-10.45,0.69665,8,-6.27,-12.39,0.30335,1,7,-10.12,-6,1,1,7,-5.01,13.34,1,2,7,8.44,-5.65,0.75194,8,-5.84,-7.31,0.24806,2,7,10.41,-6.26,0.59438,8,-3.78,-7.39,0.40562,1,8,0.35,0.09,1,1,7,13.42,0.42,1],"hull":8,"edges":[4,6,12,14,10,12,10,16,16,18,18,20,4,2,20,2,16,22,2,0,0,14,22,0,6,8,8,10,18,8],"width":20,"height":30}},"zuodatui":{"zuodatui":{"x":7.51,"y":-0.38,"rotation":97.05,"width":17,"height":21}},"zuoshou":{"zuoshou":{"x":7.9,"y":-0.16,"rotation":147.17,"width":30,"height":24}},"zuoshoubi":{"zuoshoubi":{"x":8.7,"y":2.2,"rotation":113.48,"width":18,"height":28}},"zuoxiaotui":{"zuoxiaotui":{"type":"mesh","uvs":[0,0,1,0,1,0.83057,1,1,0,1,0,0.69897,0.2184,0.59264,0.34683,0.60875,0.26397,0.50242,0.07755,0.39608,0.55161,0.76946,0.83447,0.84035],"triangles":[4,10,3,10,11,3,11,2,3,10,4,7,7,5,6,7,4,5,2,11,1,11,10,1,10,7,1,7,8,1,1,8,0,8,9,0],"vertices":[1,4,-8.27,-9.86,1,1,4,-4.82,10.86,1,2,4,17.3,7.17,0.37421,5,1.16,7.63,0.62579,2,4,21.81,6.42,0.11735,5,5.73,7.63,0.88265,2,4,18.36,-14.29,0.34241,5,5.73,-13.37,0.65759,2,4,10.35,-12.96,0.49692,5,-2.39,-13.37,0.50308,2,4,8.27,-7.96,0.65741,5,-5.26,-8.78,0.34259,2,4,9.14,-5.37,0.83073,5,-4.83,-6.09,0.16927,2,4,6.02,-6.62,0.98652,5,-7.7,-7.83,0.01348,2,4,2.55,-10.01,1,5,-10.57,-11.74,0,2,4,14.13,-1.85,0.50634,5,-0.49,-1.79,0.49366,2,4,16.99,3.7,0.28571,5,1.42,4.15,0.71429],"hull":10,"edges":[0,2,6,8,8,10,10,12,12,14,14,16,16,18,0,18,14,20,20,22,2,4,4,6,22,4],"width":21,"height":27}}}}],"events":{"shoot":{}},"animations":{"attack":{"bones":{"bone":{"translate":[{"x":2.24,"y":-3.02}]},"shenti":{"rotate":[{"angle":2.89,"curve":0.26,"c3":0.618,"c4":0.44},{"time":0.1667,"angle":-9.07,"curve":0.359,"c2":0.43,"c3":0.756},{"time":0.3333,"angle":2.89}],"translate":[{"x":-2.44,"y":-2.76,"curve":0.26,"c3":0.618,"c4":0.44},{"time":0.1667,"x":-0.87,"y":-0.6,"curve":0.359,"c2":0.43,"c3":0.756},{"time":0.3333,"x":-2.1,"y":-0.63}]},"zuodatui":{"rotate":[{"angle":-39.65,"curve":0.325,"c2":0.19,"c3":0.658,"c4":0.53},{"time":0.1667,"angle":-27.32,"curve":0.321,"c2":0.23,"c3":0.654,"c4":0.57},{"time":0.3333,"angle":-29.79}],"translate":[{"x":0.47,"y":-2.84,"curve":0.325,"c2":0.19,"c3":0.658,"c4":0.53},{"time":0.1667,"x":1.07,"y":0.21,"curve":0.321,"c2":0.23,"c3":0.654,"c4":0.57},{"time":0.3333}]},"zuoxiaotui":{"rotate":[{"angle":52.69,"curve":0.325,"c2":0.19,"c3":0.658,"c4":0.53},{"time":0.1667,"angle":29.17,"curve":0.321,"c2":0.23,"c3":0.654,"c4":0.57},{"time":0.3333,"angle":38.28}],"translate":[{"x":-1.58,"y":1.88,"curve":0.325,"c2":0.19,"c3":0.658,"c4":0.53},{"time":0.1667,"x":-0.76,"y":1.63,"curve":0.321,"c2":0.23,"c3":0.654,"c4":0.57},{"time":0.3333,"x":-1.19,"y":2.3}]},"zuoxiaotui2":{"rotate":[{"angle":-15.31,"curve":0.318,"c2":0.2,"c3":0.652,"c4":0.54},{"time":0.1667,"angle":-4.04,"curve":0.314,"c2":0.24,"c3":0.649,"c4":0.58},{"time":0.3333,"angle":-10.76}],"translate":[{"x":-0.3,"y":0.71,"curve":0.318,"c2":0.2,"c3":0.652,"c4":0.54},{"time":0.1667,"x":-0.24,"y":0.87,"curve":0.314,"c2":0.24,"c3":0.649,"c4":0.58},{"time":0.3333}]},"youdatui":{"rotate":[{"angle":23.67,"curve":0.26,"c3":0.618,"c4":0.44},{"time":0.1667,"angle":28.08,"curve":0.359,"c2":0.43,"c3":0.756},{"time":0.3333,"angle":26.1}],"translate":[{"x":0.26,"y":-0.51,"curve":0.25,"c3":0.75},{"time":0.3333}]},"youxiaotui":{"rotate":[{"angle":-8.29,"curve":0.26,"c3":0.618,"c4":0.44},{"time":0.1667,"angle":-16.34,"curve":0.359,"c2":0.43,"c3":0.756},{"time":0.3333,"angle":-10.72}],"translate":[{"x":-0.12,"y":-0.05,"curve":0.26,"c3":0.618,"c4":0.44},{"time":0.1667,"x":-0.44,"y":0.28,"curve":0.359,"c2":0.43,"c3":0.756},{"time":0.3333}]},"youxiaotui2":{"rotate":[{"angle":-17.29,"curve":0.26,"c3":0.618,"c4":0.44},{"time":0.1667,"angle":-15.27,"curve":0.359,"c2":0.43,"c3":0.756},{"time":0.3333,"angle":-17.29}],"translate":[{"x":-0.38,"y":0.77,"curve":0.26,"c3":0.618,"c4":0.44},{"time":0.1667,"x":0.15,"y":0.13,"curve":0.359,"c2":0.43,"c3":0.756},{"time":0.3333}]},"youshoubi":{"rotate":[{"angle":30.72,"curve":0.26,"c3":0.618,"c4":0.44},{"time":0.1667,"angle":38,"curve":0.329,"c2":0.32,"c3":0.671,"c4":0.68},{"time":0.2333,"angle":32.02,"curve":0.382,"c2":0.56,"c3":0.74},{"time":0.3333,"angle":29.09}],"translate":[{"x":-0.01,"y":-0.25,"curve":0.26,"c3":0.618,"c4":0.44},{"time":0.1667,"x":-0.27,"y":-0.66,"curve":0.359,"c2":0.43,"c3":0.756},{"time":0.3333}]},"youshou":{"rotate":[{"angle":-2.53,"curve":0.26,"c3":0.618,"c4":0.44},{"time":0.1667,"angle":-20.59,"curve":0.359,"c2":0.43,"c3":0.756},{"time":0.3333,"angle":-2.55}]},"youshou2":{"rotate":[{"angle":-13.9}]},"zuoshoubi":{"rotate":[{"angle":-42.35,"curve":0.25,"c3":0.75},{"time":0.1667,"angle":-69.99,"curve":0.25,"c3":0.75},{"time":0.3333,"angle":-62.86}],"translate":[{"x":-0.89,"y":4.98}]},"zuoshou":{"rotate":[{"angle":7.48,"curve":0.265,"c3":0.618,"c4":0.43},{"time":0.1,"angle":-6.46,"curve":0.351,"c2":0.4,"c3":0.757},{"time":0.1667,"angle":11.05,"curve":0.25,"c3":0.75},{"time":0.3333,"angle":26.54}]},"zuoshou2":{"rotate":[{"angle":12.11,"curve":0.265,"c3":0.618,"c4":0.43},{"time":0.1,"angle":-29.86,"curve":0.351,"c2":0.4,"c3":0.757},{"time":0.1667,"angle":-39.27,"curve":0.277,"c3":0.621,"c4":0.4},{"time":0.2333,"angle":-45.23,"curve":0.31,"c2":0.26,"c3":0.663,"c4":0.66},{"time":0.3333,"angle":-5.7}]},"shouqiang":{"rotate":[{"curve":0.26,"c3":0.618,"c4":0.44},{"time":0.1667,"angle":-13.5,"curve":0.359,"c2":0.43,"c3":0.756},{"time":0.3333}]},"naodai":{"rotate":[{"angle":1.46,"curve":0.26,"c3":0.618,"c4":0.44},{"time":0.1667,"angle":21.88,"curve":0.359,"c2":0.43,"c3":0.756},{"time":0.3333,"angle":10.29}]}},"events":[{"time":0.1,"name":"shoot","float":-0.6}]},"death":{"bones":{"bone":{"rotate":[{"curve":0.25,"c3":0.75},{"time":0.0667,"angle":-15.92,"curve":0.25,"c3":0.75},{"time":0.1667,"angle":22.42,"curve":0.25,"c3":0.75},{"time":0.3333,"angle":88.79}],"translate":[{"curve":0.25,"c3":0.75},{"time":0.3333,"x":-6.43,"y":-27.03,"curve":0.25,"c3":0.75},{"time":0.4333,"x":-6.36,"y":-23.62,"curve":0.25,"c3":0.75},{"time":0.5333,"x":-6.42,"y":-26.52,"curve":0.25,"c3":0.75},{"time":0.6667,"x":-6.43,"y":-27.03}]},"shenti":{"rotate":[{"curve":0.284,"c3":0.625,"c4":0.38},{"time":0.0667,"angle":2.86,"curve":0.306,"c2":0.24,"c3":0.653,"c4":0.62},{"time":0.1667,"angle":-21.86,"curve":0.347,"c2":0.38,"c3":0.694,"c4":0.76},{"time":0.2667,"angle":-19.12,"curve":0.375,"c2":0.62,"c3":0.716},{"time":0.4333,"angle":-4.08,"curve":0.25,"c3":0.75},{"time":0.6667,"angle":-2.38}],"translate":[{"curve":0.25,"c3":0.625,"c4":0.5},{"time":0.1667,"x":-1.21,"y":-2.93,"curve":0.375,"c2":0.5,"c3":0.75},{"time":0.4333}],"scale":[{"curve":0.25,"c3":0.75},{"time":0.4333,"y":1.049,"curve":0.25,"c3":0.75},{"time":0.5333,"y":1.048}]},"zuodatui":{"rotate":[{"curve":0.25,"c3":0.625,"c4":0.5},{"time":0.1667,"angle":-28.66,"curve":0.375,"c2":0.5,"c3":0.75},{"time":0.3333,"angle":17.72,"curve":0.25,"c3":0.75},{"time":0.5,"angle":-13.31,"curve":0.25,"c3":0.75},{"time":0.6667,"angle":0.8}],"translate":[{"curve":0.25,"c3":0.75},{"time":0.0667,"x":4.94,"y":1.88,"curve":0.25,"c3":0.75},{"time":0.1667,"x":4.38,"y":0.53,"curve":0.25,"c3":0.75},{"time":0.3333,"x":4.94,"y":1.88}]},"zuoxiaotui":{"rotate":[{"curve":0.25,"c3":0.75},{"time":0.0667,"angle":19.09,"curve":0.25,"c3":0.75},{"time":0.1667,"angle":82.73,"curve":0.25,"c3":0.75},{"time":0.3333,"angle":-6.46,"curve":0.25,"c3":0.75},{"time":0.5,"angle":14.72,"curve":0.25,"c3":0.75},{"time":0.6667,"angle":-6.46}],"translate":[{"curve":0.25,"c3":0.75},{"time":0.0667,"x":0.81,"y":-0.16}]},"zuoxiaotui2":{"rotate":[{"curve":0.284,"c3":0.625,"c4":0.38},{"time":0.0667,"angle":-3.2,"curve":0.306,"c2":0.24,"c3":0.653,"c4":0.62},{"time":0.1667,"angle":96.93,"curve":0.375,"c2":0.5,"c3":0.75},{"time":0.3333,"angle":38.9}]},"youdatui":{"rotate":[{"curve":0.284,"c3":0.625,"c4":0.38},{"time":0.0667,"angle":29.52,"curve":0.306,"c2":0.24,"c3":0.653,"c4":0.62},{"time":0.1667,"angle":-6.51,"curve":0.375,"c2":0.5,"c3":0.75},{"time":0.3333,"angle":14.93,"curve":0.25,"c3":0.75},{"time":0.5,"angle":-23.07,"curve":0.25,"c3":0.75},{"time":0.6667,"angle":-16.84}],"translate":[{"curve":0.25,"c3":0.75},{"time":0.0667,"x":-0.51,"y":1.8,"curve":0.25,"c3":0.75},{"time":0.1667,"x":-0.18,"y":-1.24,"curve":0.25,"c3":0.75},{"time":0.3333,"x":-0.51,"y":1.8}]},"youxiaotui":{"rotate":[{"curve":0.284,"c3":0.625,"c4":0.38},{"time":0.0667,"angle":20.28,"curve":0.306,"c2":0.24,"c3":0.653,"c4":0.62},{"time":0.1667,"angle":56.38,"curve":0.375,"c2":0.5,"c3":0.75},{"time":0.3333,"angle":6.48,"curve":0.25,"c3":0.75},{"time":0.5,"angle":22.77,"curve":0.25,"c3":0.75},{"time":0.6667,"angle":6.48}],"translate":[{"curve":0.25,"c3":0.625,"c4":0.5},{"time":0.1667,"x":1.8,"y":0.46,"curve":0.375,"c2":0.5,"c3":0.75},{"time":0.3333}]},"youxiaotui2":{"rotate":[{"curve":0.284,"c3":0.625,"c4":0.38},{"time":0.0667,"angle":-44.21,"curve":0.306,"c2":0.24,"c3":0.653,"c4":0.62},{"time":0.1667,"angle":49.36,"curve":0.375,"c2":0.5,"c3":0.75},{"time":0.3333,"angle":48.97}],"translate":[{"curve":0.25,"c3":0.75},{"time":0.0667,"x":3.39,"y":-2.28,"curve":0.25,"c3":0.75},{"time":0.1667,"x":0.83,"y":0.52,"curve":0.25,"c3":0.75},{"time":0.3333,"x":3.39,"y":-2.28}]},"youshoubi":{"rotate":[{"angle":1.08,"curve":0.34,"c2":0.36,"c3":0.673,"c4":0.7},{"time":0.0667,"angle":11.62,"curve":0.345,"c2":0.4,"c3":0.679,"c4":0.73},{"time":0.1667,"angle":-17.77,"curve":0.348,"c2":0.46,"c3":0.682,"c4":0.8},{"time":0.3,"angle":-94.03,"curve":0.338,"c2":0.42,"c3":0.672,"c4":0.76},{"time":0.4333,"angle":-101.06,"curve":0.25,"c3":0.75},{"time":0.6,"angle":-97.38,"curve":0.25,"c3":0.75},{"time":0.8333,"angle":-97.41}],"scale":[{"time":0.4333,"curve":0.25,"c3":0.75},{"time":0.6,"x":0.983}]},"youshou":{"rotate":[{"angle":3.04,"curve":0.336,"c2":0.34,"c3":0.67,"c4":0.68},{"time":0.0667,"angle":5.25,"curve":0.34,"c2":0.36,"c3":0.674,"c4":0.69},{"time":0.1667,"angle":-9.21,"curve":0.344,"c2":0.37,"c3":0.678,"c4":0.71},{"time":0.2667,"angle":2.85,"curve":0.374,"c2":0.62,"c3":0.713},{"time":0.5,"angle":-19.68,"curve":0.25,"c3":0.75},{"time":0.6667,"angle":-23.52}],"translate":[{"time":0.6667,"curve":0.25,"c3":0.75},{"time":0.8333,"x":-0.29,"y":0.02}]},"youshou2":{"rotate":[{"angle":5.23,"curve":0.363,"c2":0.44,"c3":0.755},{"time":0.5,"angle":-4.28,"curve":0.25,"c3":0.75},{"time":0.6667,"angle":-6.8}]},"zuoshoubi":{"rotate":[{"angle":-0.91,"curve":0.34,"c2":0.36,"c3":0.673,"c4":0.7},{"time":0.0667,"angle":-11.97,"curve":0.345,"c2":0.4,"c3":0.679,"c4":0.73},{"time":0.1667,"angle":19.4,"curve":0.343,"c2":0.41,"c3":0.677,"c4":0.74},{"time":0.2333,"angle":34.46,"curve":0.351,"c2":0.65,"c3":0.685},{"time":0.3333,"angle":10.26}]},"zuoshou":{"rotate":[{"angle":-2.07,"curve":0.381,"c2":0.55,"c3":0.742},{"time":0.0667,"angle":28.14,"curve":0.25,"c3":0.75},{"time":0.1667,"angle":-11.3,"curve":0.25,"c3":0.75},{"time":0.2333,"angle":-39.52,"curve":0.25,"c3":0.75},{"time":0.3333,"angle":47}]},"zuoshou2":{"rotate":[{"angle":-5.23,"curve":0.33,"c2":0.32,"c3":0.666,"c4":0.66},{"time":0.0667,"angle":-24.89,"curve":0.34,"c2":0.35,"c3":0.678,"c4":0.7},{"time":0.1667,"angle":-30.92,"curve":0.382,"c2":0.58,"c3":0.731},{"time":0.3333,"angle":-4.53}],"translate":[{"curve":0.243,"c3":0.655,"c4":0.63},{"time":0.2333,"x":-20.8,"y":10.15}]},"naodai":{"rotate":[{"angle":1.47,"curve":0.339,"c2":0.35,"c3":0.673,"c4":0.69},{"time":0.0667,"angle":-25.19,"curve":0.347,"c2":0.39,"c3":0.682,"c4":0.73},{"time":0.2333,"angle":-29.36,"curve":0.35,"c2":0.43,"c3":0.684,"c4":0.77},{"time":0.3667,"angle":-6.16,"curve":0.356,"c2":0.65,"c3":0.691},{"time":0.4667,"angle":-4.14,"curve":0.25,"c3":0.75},{"time":0.6,"angle":-9.01,"curve":0.25,"c3":0.75},{"time":0.7333,"angle":-8.61}],"scale":[{"time":1}]}}},"idle":{"bones":{"shenti":{"rotate":[{"curve":0.25,"c3":0.75},{"time":0.5,"angle":2.11,"curve":0.25,"c3":0.75},{"time":1}],"translate":[{"curve":0.25,"c3":0.75},{"time":0.5,"x":0.27,"y":-2.94,"curve":0.25,"c3":0.75},{"time":1}]},"zuodatui":{"rotate":[{"curve":0.25,"c3":0.75},{"time":0.5,"angle":-4.38,"curve":0.25,"c3":0.75},{"time":1}],"translate":[{"curve":0.25,"c3":0.75},{"time":0.5,"y":-1.29,"curve":0.25,"c3":0.75},{"time":1}]},"zuoxiaotui":{"rotate":[{"curve":0.25,"c3":0.75},{"time":0.5,"angle":6.09,"curve":0.25,"c3":0.75},{"time":1}],"translate":[{"curve":0.25,"c3":0.75},{"time":0.5,"x":-1.22,"y":0.5,"curve":0.25,"c3":0.75},{"time":1}]},"zuoxiaotui2":{"rotate":[{"curve":0.25,"c3":0.75},{"time":0.5,"angle":-1.88,"curve":0.25,"c3":0.75},{"time":1}]},"youdatui":{"rotate":[{"curve":0.25,"c3":0.75},{"time":0.5,"angle":-13.58,"curve":0.25,"c3":0.75},{"time":1}],"translate":[{"curve":0.25,"c3":0.75},{"time":0.5,"x":2.73,"y":-1.97,"curve":0.25,"c3":0.75},{"time":1}]},"youxiaotui":{"rotate":[{"curve":0.25,"c3":0.75},{"time":0.5,"angle":14.07,"curve":0.25,"c3":0.75},{"time":1}],"translate":[{"curve":0.25,"c3":0.75},{"time":0.5,"x":-1.25,"y":0.08,"curve":0.25,"c3":0.75},{"time":1}]},"youxiaotui2":{"rotate":[{"curve":0.25,"c3":0.75},{"time":0.5,"angle":-0.27,"curve":0.25,"c3":0.75},{"time":1}]},"youshoubi":{"rotate":[{"angle":1.08,"curve":0.375,"c2":0.62,"c3":0.716},{"time":0.1},{"time":0.6,"angle":8.27,"curve":0.243,"c3":0.68,"c4":0.71},{"time":1,"angle":1.08}]},"youshou":{"rotate":[{"angle":3.04,"curve":0.381,"c2":0.55,"c3":0.742},{"time":0.2},{"time":0.7,"angle":8.27,"curve":0.245,"c3":0.637,"c4":0.56},{"time":1,"angle":3.04}]},"youshou2":{"rotate":[{"angle":5.23,"curve":0.363,"c2":0.44,"c3":0.755},{"time":0.3},{"time":0.8,"angle":8.27,"curve":0.258,"c3":0.619,"c4":0.45},{"time":1,"angle":5.23}]},"zuoshoubi":{"rotate":[{"angle":-0.91,"curve":0.375,"c2":0.62,"c3":0.716},{"time":0.1},{"time":0.6,"angle":-6.96,"curve":0.243,"c3":0.68,"c4":0.71},{"time":1,"angle":-0.91}]},"zuoshou":{"rotate":[{"angle":-2.07,"curve":0.381,"c2":0.55,"c3":0.742},{"time":0.2},{"time":0.7,"angle":-5.64,"curve":0.245,"c3":0.637,"c4":0.56},{"time":1,"angle":-2.07}]},"zuoshou2":{"rotate":[{"angle":-5.23,"curve":0.363,"c2":0.44,"c3":0.755},{"time":0.3},{"time":0.8,"angle":-8.27,"curve":0.258,"c3":0.619,"c4":0.45},{"time":1,"angle":-5.23}]},"naodai":{"rotate":[{"angle":1.47,"curve":0.382,"c2":0.57,"c3":0.735},{"time":0.1667},{"time":0.6667,"angle":5.19,"curve":0.243,"c3":0.649,"c4":0.6},{"time":1,"angle":1.47}]}}},"run":{"bones":{"bone":{"translate":[{"y":2.44},{"time":0.1333,"y":-6.27},{"time":0.2667,"y":2.44},{"time":0.4,"y":-5.99},{"time":0.5333,"y":2.44}]},"shenti":{"rotate":[{"angle":11.36,"curve":0.25,"c3":0.625,"c4":0.5},{"time":0.1333,"angle":14.03,"curve":0.375,"c2":0.5,"c3":0.75},{"time":0.2667,"angle":11.36,"curve":0.25,"c3":0.625,"c4":0.5},{"time":0.4,"angle":14.52,"curve":0.375,"c2":0.5,"c3":0.75},{"time":0.5333,"angle":11.36}],"translate":[{"x":-3.25,"y":-0.33}],"scale":[{"curve":0.25,"c3":0.625,"c4":0.5},{"time":0.1333,"x":0.952,"curve":0.375,"c2":0.5,"c3":0.75},{"time":0.2667,"curve":0.25,"c3":0.625,"c4":0.5},{"time":0.4,"x":0.952,"curve":0.375,"c2":0.5,"c3":0.75},{"time":0.5333}]},"zuodatui":{"rotate":[{"angle":-39.13,"curve":0.25,"c3":0.625,"c4":0.5},{"time":0.0667,"angle":-30.26,"curve":0.375,"c2":0.5,"c3":0.75},{"time":0.1333,"angle":-34.75,"curve":0.25,"c3":0.625,"c4":0.5},{"time":0.2,"angle":22.24,"curve":0.375,"c2":0.5,"c3":0.75},{"time":0.2667,"angle":27.74,"curve":0.25,"c3":0.625,"c4":0.5},{"time":0.3333,"angle":28.79,"curve":0.375,"c2":0.5,"c3":0.75},{"time":0.4,"angle":-1.85,"curve":0.25,"c3":0.625,"c4":0.5},{"time":0.4667,"angle":-54.61,"curve":0.375,"c2":0.5,"c3":0.75},{"time":0.5333,"angle":-39.13}],"translate":[{"curve":0.276,"c3":0.621,"c4":0.4},{"time":0.0667,"x":1.2,"y":-2.62,"curve":0.314,"c2":0.27,"c3":0.657,"c4":0.64},{"time":0.1333,"x":5.74,"y":-0.72,"curve":0.343,"c2":0.36,"c3":0.686,"c4":0.73},{"time":0.2,"x":9.2,"y":1.01,"curve":0.379,"c2":0.6,"c3":0.724},{"time":0.2667,"x":11.48,"y":-1.43,"curve":0.25,"c3":0.75},{"time":0.4,"x":4.8,"y":0.98,"curve":0.25,"c3":0.75},{"time":0.5333}]},"zuoxiaotui":{"rotate":[{"angle":22.98,"curve":0.276,"c3":0.621,"c4":0.4},{"time":0.0667,"angle":6.03,"curve":0.314,"c2":0.27,"c3":0.657,"c4":0.64},{"time":0.1333,"angle":55.19,"curve":0.25,"c3":0.625,"c4":0.5},{"time":0.2,"angle":-0.96,"curve":0.375,"c2":0.5,"c3":0.75},{"time":0.2667,"angle":32.19,"curve":0.25,"c3":0.625,"c4":0.5},{"time":0.3333,"angle":57.02,"curve":0.375,"c2":0.5,"c3":0.75},{"time":0.4,"angle":75.39,"curve":0.25,"c3":0.625,"c4":0.5},{"time":0.4667,"angle":77.28,"curve":0.375,"c2":0.5,"c3":0.75},{"time":0.5333,"angle":22.98}],"translate":[{"x":-0.52,"y":1.9,"curve":0.25,"c3":0.625,"c4":0.5},{"time":0.0667,"x":0.33,"y":1.63,"curve":0.375,"c2":0.5,"c3":0.75},{"time":0.1333,"x":-1.95,"y":1.27,"curve":0.25,"c3":0.625,"c4":0.5},{"time":0.2,"x":-0.85,"y":0.92,"curve":0.375,"c2":0.5,"c3":0.75},{"time":0.2667,"x":-0.52,"y":1.9,"curve":0.25,"c3":0.75},{"time":0.4,"x":-2,"y":0.38,"curve":0.25,"c3":0.625,"c4":0.5},{"time":0.4667,"x":-2.23,"y":2.81,"curve":0.375,"c2":0.5,"c3":0.75},{"time":0.5333,"x":-0.52,"y":1.9}],"scale":[{"time":0.2667,"curve":0.25,"c3":0.75},{"time":0.4,"x":0.971,"curve":0.25,"c3":0.75},{"time":0.5333}]},"zuoxiaotui2":{"rotate":[{"angle":48.79},{"time":0.0667,"angle":17.65,"curve":0.343,"c2":0.36,"c3":0.686,"c4":0.73},{"time":0.1,"angle":5,"curve":0.379,"c2":0.6,"c3":0.724},{"time":0.1333,"angle":-27.08,"curve":0.25,"c3":0.625,"c4":0.5},{"time":0.2,"angle":13.28,"curve":0.375,"c2":0.5,"c3":0.75},{"time":0.2667,"angle":27.82,"curve":0.25,"c3":0.625,"c4":0.5},{"time":0.3333,"angle":43.14,"curve":0.375,"c2":0.5,"c3":0.75},{"time":0.4,"angle":30.72,"curve":0.25,"c3":0.75},{"time":0.5333,"angle":48.79}],"translate":[{},{"time":0.0667,"x":-2.03,"y":0.08},{"time":0.1,"x":-0.91,"y":-0.48},{"time":0.1333,"x":-0.26,"y":-0.07,"curve":0.25,"c3":0.75},{"time":0.2667}]},"youdatui":{"rotate":[{"angle":18.12,"curve":0.25,"c3":0.625,"c4":0.5},{"time":0.0667,"angle":2.72,"curve":0.375,"c2":0.5,"c3":0.75},{"time":0.1333,"angle":-31.61,"curve":0.25,"c3":0.625,"c4":0.5},{"time":0.2,"angle":-57.01,"curve":0.375,"c2":0.5,"c3":0.75},{"time":0.2667,"angle":-41.94,"curve":0.25,"c3":0.625,"c4":0.5},{"time":0.3333,"angle":-38.81,"curve":0.375,"c2":0.5,"c3":0.75},{"time":0.4,"angle":-38,"curve":0.25,"c3":0.625,"c4":0.5},{"time":0.4667,"angle":9.98,"curve":0.375,"c2":0.5,"c3":0.75},{"time":0.5333,"angle":18.12}],"translate":[{"curve":0.25,"c3":0.75},{"time":0.1333,"x":-3.12,"y":1.68,"curve":0.25,"c3":0.75},{"time":0.2667,"x":-9.02,"y":-0.62,"curve":0.25,"c3":0.75},{"time":0.4,"x":-5.62,"y":-0.1,"curve":0.25,"c3":0.625,"c4":0.5},{"time":0.4667,"x":-2.99,"y":1.59,"curve":0.375,"c2":0.5,"c3":0.75},{"time":0.5333}]},"youxiaotui":{"rotate":[{"angle":34.3,"curve":0.25,"c3":0.625,"c4":0.5},{"time":0.0667,"angle":86.19,"curve":0.375,"c2":0.5,"c3":0.75},{"time":0.1333,"angle":86.93,"curve":0.25,"c3":0.625,"c4":0.5},{"time":0.2,"angle":72.71,"curve":0.375,"c2":0.5,"c3":0.75},{"time":0.2667,"angle":3.13,"curve":0.25,"c3":0.625,"c4":0.5},{"time":0.3333,"angle":2.28,"curve":0.375,"c2":0.5,"c3":0.75},{"time":0.4,"angle":52.59,"curve":0.25,"c3":0.625,"c4":0.5},{"time":0.4667,"angle":7.31,"curve":0.375,"c2":0.5,"c3":0.75},{"time":0.5333,"angle":34.3}],"translate":[{"time":0.2667,"curve":0.25,"c3":0.625,"c4":0.5},{"time":0.3333,"x":1.81,"y":0.92,"curve":0.375,"c2":0.5,"c3":0.75},{"time":0.4,"x":0.04,"y":0.77,"curve":0.25,"c3":0.625,"c4":0.5},{"time":0.4667,"x":-0.16,"y":0.39,"curve":0.375,"c2":0.5,"c3":0.75},{"time":0.5333}],"scale":[{"curve":0.25,"c3":0.75},{"time":0.1333,"x":0.842,"curve":0.25,"c3":0.75},{"time":0.2667}]},"youxiaotui2":{"rotate":[{"angle":29.23,"curve":0.25,"c3":0.625,"c4":0.5},{"time":0.0667,"angle":35.12,"curve":0.375,"c2":0.5,"c3":0.75},{"time":0.1333,"angle":39.49,"curve":0.25,"c3":0.625,"c4":0.5},{"time":0.2,"angle":30.5,"curve":0.375,"c2":0.5,"c3":0.75},{"time":0.2667,"angle":18.09,"curve":0.25,"c3":0.625,"c4":0.5},{"time":0.3333,"angle":31.84,"curve":0.375,"c2":0.5,"c3":0.75},{"time":0.4,"angle":-16.64,"curve":0.25,"c3":0.625,"c4":0.5},{"time":0.4667,"angle":18.28,"curve":0.375,"c2":0.5,"c3":0.75},{"time":0.5333,"angle":29.23}],"translate":[{"time":0.2667,"curve":0.25,"c3":0.75},{"time":0.4,"x":-0.82,"y":-0.53,"curve":0.25,"c3":0.75},{"time":0.5333}]},"youshoubi":{"rotate":[{"angle":-41.7,"curve":0.25,"c3":0.625,"c4":0.5},{"time":0.1333,"angle":-10.14,"curve":0.343,"c2":0.36,"c3":0.686,"c4":0.73},{"time":0.2,"angle":30.44,"curve":0.379,"c2":0.6,"c3":0.724},{"time":0.2667,"angle":33.79,"curve":0.25,"c3":0.625,"c4":0.5},{"time":0.4,"angle":-10.06,"curve":0.343,"c2":0.36,"c3":0.686,"c4":0.73},{"time":0.4667,"angle":-27.42,"curve":0.379,"c2":0.6,"c3":0.724},{"time":0.5333,"angle":-41.7}],"translate":[{"curve":0.25,"c3":0.625,"c4":0.5},{"time":0.1333,"x":0.82,"y":-1.2,"curve":0.375,"c2":0.5,"c3":0.75},{"time":0.2667,"curve":0.25,"c3":0.625,"c4":0.5},{"time":0.4,"x":0.74,"y":-1.41,"curve":0.375,"c2":0.5,"c3":0.75},{"time":0.5333}],"scale":[{"curve":0.25,"c3":0.625,"c4":0.5},{"time":0.1333,"x":1.05,"curve":0.375,"c2":0.5,"c3":0.75},{"time":0.2667,"curve":0.25,"c3":0.625,"c4":0.5},{"time":0.4,"x":1.051,"curve":0.375,"c2":0.5,"c3":0.75},{"time":0.5333}]},"youshou":{"rotate":[{"angle":-4.47,"curve":0.25,"c3":0.625,"c4":0.5},{"time":0.1333,"angle":-12.74,"curve":0.343,"c2":0.36,"c3":0.686,"c4":0.73},{"time":0.2,"angle":-1.19,"curve":0.379,"c2":0.6,"c3":0.724},{"time":0.2667,"angle":11.94,"curve":0.25,"c3":0.625,"c4":0.5},{"time":0.4,"angle":0.79,"curve":0.343,"c2":0.36,"c3":0.686,"c4":0.73},{"time":0.4667,"angle":-19.51,"curve":0.379,"c2":0.6,"c3":0.724},{"time":0.5333,"angle":-4.47}]},"youshou2":{"rotate":[{"angle":-0.05,"curve":0.25,"c3":0.625,"c4":0.5},{"time":0.1333,"angle":-3.23,"curve":0.375,"c2":0.5,"c3":0.75},{"time":0.2667,"angle":-8.55,"curve":0.25,"c3":0.625,"c4":0.5},{"time":0.4,"angle":4.12,"curve":0.343,"c2":0.36,"c3":0.686,"c4":0.73},{"time":0.4667,"angle":-4.57,"curve":0.379,"c2":0.6,"c3":0.724},{"time":0.5333,"angle":-0.05}],"translate":[{"curve":0.25,"c3":0.75},{"time":0.2667,"x":0.23,"y":0.12,"curve":0.25,"c3":0.75},{"time":0.5333}]},"zuoshoubi":{"rotate":[{"angle":40,"curve":0.25,"c3":0.625,"c4":0.5},{"time":0.1333,"angle":16.01,"curve":0.375,"c2":0.5,"c3":0.75},{"time":0.2667,"angle":-2.64,"curve":0.25,"c3":0.625,"c4":0.5},{"time":0.4,"angle":15.53,"curve":0.375,"c2":0.5,"c3":0.75},{"time":0.5333,"angle":40}],"translate":[{"curve":0.25,"c3":0.625,"c4":0.5},{"time":0.1333,"x":1.29,"y":-1.18,"curve":0.375,"c2":0.5,"c3":0.75},{"time":0.2667,"curve":0.25,"c3":0.625,"c4":0.5},{"time":0.4,"x":1.3,"y":-1.39,"curve":0.375,"c2":0.5,"c3":0.75},{"time":0.5333}],"scale":[{"curve":0.25,"c3":0.625,"c4":0.5},{"time":0.1333,"x":1.05,"curve":0.375,"c2":0.5,"c3":0.75},{"time":0.2667,"curve":0.25,"c3":0.625,"c4":0.5},{"time":0.4,"x":1.051,"curve":0.375,"c2":0.5,"c3":0.75},{"time":0.5333}]},"zuoshou":{"rotate":[{"angle":14.14,"curve":0.25,"c3":0.625,"c4":0.5},{"time":0.1333,"angle":11.11,"curve":0.375,"c2":0.5,"c3":0.75},{"time":0.2667,"angle":-31.48,"curve":0.25,"c3":0.625,"c4":0.5},{"time":0.4,"angle":-25.2,"curve":0.375,"c2":0.5,"c3":0.75},{"time":0.5333,"angle":14.14}]},"zuoshou2":{"rotate":[{"angle":-16.69,"curve":0.25,"c3":0.75},{"time":0.2667,"angle":-15.36,"curve":0.25,"c3":0.75},{"time":0.5333,"angle":-16.69}]},"naodai":{"rotate":[{"angle":-1.04},{"time":0.0667,"angle":-6.69},{"time":0.1333,"angle":-1.67},{"time":0.2,"angle":3.24},{"time":0.2667,"angle":-1.04},{"time":0.3333,"angle":-4.39},{"time":0.4,"angle":-0.42},{"time":0.4667,"angle":9},{"time":0.5333,"angle":-1.04}],"translate":[{},{"time":0.1333,"x":-0.2,"y":0.03},{"time":0.2667},{"time":0.4,"x":0.22,"y":0.21},{"time":0.5333}],"scale":[{},{"time":0.1333,"x":1.05},{"time":0.2667},{"time":0.4,"x":1.051},{"time":0.5333}]}}}}}