{"skeleton":{"hash":"bjgR1h5150orDyVdCH5+J4n57aY","spine":"3.8.86","x":-85.41,"y":-39.92,"width":128.04,"height":117,"images":"./images/","audio":""},"bones":[{"name":"root","y":-39.37},{"name":"bone","parent":"root","x":1.23,"y":31.71},{"name":"bone2","parent":"bone","x":1.25,"y":3},{"name":"yifushang","parent":"bone2","length":29.94,"rotation":93.35,"x":0.38,"y":3.12},{"name":"youshou","parent":"yifushang","length":21.14,"rotation":160.94,"x":24.32,"y":-11.78,"color":"ff3f00ff"},{"name":"youshou2","parent":"youshou","length":14.25,"rotation":-38.83,"x":21.14},{"name":"youshou3","parent":"youshou2","length":11.24,"rotation":-8.54,"x":14.6,"y":-0.05},{"name":"zuoshou","parent":"yifushang","length":17.48,"rotation":154.75,"x":23.98,"y":4.33},{"name":"zuoshou2","parent":"zuoshou","length":12.77,"rotation":-63.1,"x":18.01,"y":-0.47},{"name":"zuoshouzhi","parent":"zuoshou2","length":10.89,"rotation":1.71,"x":13.57,"y":0.09},{"name":"beibao","parent":"yifushang","x":18.78,"y":-19.73},{"name":"lian","parent":"yifushang","length":38.64,"rotation":5.95,"x":34.61,"y":0.25},{"name":"youdatui","parent":"bone","length":16.01,"rotation":-92.66,"x":12.55,"y":1.7},{"name":"youjiao","parent":"youdatui","length":10.71,"rotation":18.79,"x":16.01},{"name":"youjiao2","parent":"youjiao","length":7.07,"rotation":-18.14,"x":10.99,"y":0.05},{"name":"zuodatui","parent":"bone","length":14.95,"rotation":-108.08,"x":-4.76,"y":1.72},{"name":"zuojiao","parent":"zuodatui","length":12.52,"rotation":28.09,"x":14.58,"y":0.19},{"name":"zuojiao2","parent":"zuojiao","length":5.8,"rotation":-11.44,"x":12.52},{"name":"weapons2","parent":"youshou3","rotation":160,"x":19.46,"y":-9.16,"transform":"noScaleOrReflection"},{"name":"root_weapons","parent":"weapons2","x":-51,"y":16.54,"transform":"onlyTranslation"}],"slots":[{"name":"beibao","bone":"beibao","attachment":"beibao"},{"name":"yifuxia","bone":"yifushang","attachment":"yifuxia"},{"name":"lian","bone":"lian","attachment":"lian"},{"name":"toukui","bone":"lian","attachment":"toukui"},{"name":"zuojiao","bone":"zuojiao","attachment":"zuojiao"},{"name":"zuodatui","bone":"zuodatui","attachment":"zuodatui"},{"name":"youjiao","bone":"youjiao","attachment":"youjiao"},{"name":"youdatui","bone":"youdatui","attachment":"youdatui"},{"name":"zuoshou","bone":"zuoshou","attachment":"zuoshou"},{"name":"yifushang","bone":"yifushang","attachment":"yifushang"},{"name":"zuoshouzhi","bone":"zuoshouzhi","attachment":"zuoshouzhi"},{"name":"weapons2","bone":"weapons2","attachment":"weapons2"},{"name":"youshou","bone":"youshou","attachment":"youshou"}],"skins":[{"name":"default","attachments":{"beibao":{"beibao":{"x":-3.06,"y":3.77,"rotation":-93.35,"width":38,"height":44}},"lian":{"lian":{"type":"mesh","uvs":[0,0,1,0,1,0.57303,1,0.65688,1,0.73341,1,1,0.3472,1,0.33937,0.95128,0.33077,0.89773,0.12267,0.90224,0,0.66548,0.70914,0.80145,0.7349,0.85165],"triangles":[6,12,5,12,4,5,6,7,12,12,8,11,12,7,8,12,11,4,9,10,8,8,10,11,4,11,3,3,11,2,2,11,10,10,0,2,0,1,2],"vertices":[1,11,42.22,22.18,1,1,11,35.44,-19.27,1,2,11,6.6,-14.55,0.94711,3,42.68,-13.53,0.05289,2,11,2.38,-13.85,0.81384,3,38.41,-13.28,0.18616,2,11,-1.48,-13.22,0.60204,3,34.51,-13.05,0.39796,2,11,-14.89,-11.03,0.01665,3,20.94,-12.26,0.98335,2,11,-10.46,16.03,0.31166,3,22.54,15.11,0.68834,2,11,-7.96,15.95,0.35737,3,25.04,15.29,0.64263,2,11,-5.2,15.87,0.50715,3,27.79,15.49,0.49285,2,11,-4.02,24.53,0.73824,3,28.07,24.23,0.26176,2,11,8.73,27.66,0.89729,3,40.42,28.67,0.10271,2,11,-2.93,-0.61,0.33075,3,31.76,-0.66,0.66925,2,11,-5.63,-1.26,0.01303,3,29.14,-1.59,0.98697],"hull":11,"edges":[0,2,2,4,10,12,16,18,18,20,0,20,16,22,4,6,22,6,12,14,14,16,14,24,6,8,8,10,24,8],"width":42,"height":51}},"toukui":{"toukui":{"x":21.64,"y":4.78,"rotation":-99.3,"width":53,"height":47}},"weapons2":{"weapons2":{"x":5.49,"y":7.34,"width":124,"height":41}},"yifushang":{"yifushang":{"x":15.53,"y":-1.93,"rotation":-93.35,"width":44,"height":54}},"yifuxia":{"yifuxia":{"x":32.56,"y":6.59,"rotation":-93.35,"width":29,"height":21}},"youdatui":{"youdatui":{"x":7.49,"y":-0.55,"rotation":92.66,"width":20,"height":29}},"youjiao":{"youjiao":{"type":"mesh","uvs":[0.14367,0,0.26485,0.44492,0.24622,0.48703,0,0.49003,0,1,1,1,1,0.6408,0.95237,0.51395,0.85314,0,0.62787,0.64965,0.63592,0.56705],"triangles":[5,4,9,4,2,9,9,6,5,9,7,6,9,10,7,4,3,2,9,2,10,10,2,1,7,10,8,10,1,8,1,0,8],"vertices":[1,13,-4.18,-7.11,1,2,13,5.11,-7.02,0.84368,14,-3.38,-8.55,0.15632,2,13,5.81,-7.65,0.74185,14,-2.52,-8.93,0.25815,2,13,4.36,-12.87,0.57378,14,-2.27,-14.34,0.42622,2,13,14.16,-15.71,0.39096,14,7.92,-13.99,0.60904,1,14,7.15,8,1,2,13,13.37,7.42,0.05109,14,-0.03,7.75,0.94891,2,13,10.64,7.12,0.25123,14,-2.53,6.61,0.74877,2,13,0.16,7.88,0.97291,14,-12.73,4.07,0.02709,2,13,11.26,-0.49,0.24815,14,0.43,-0.43,0.75185,2,13,9.73,0.14,0.9867,14,-1.22,-0.31,0.0133],"hull":9,"edges":[0,2,2,4,4,6,6,8,8,10,10,12,12,14,14,16,0,16,4,18,18,12,2,20,20,14],"width":22,"height":20}},"youshou":{"youshou":{"type":"mesh","uvs":[0.61818,0,0.57446,0.27353,0.57663,0.42049,0.55709,0.46188,0.32482,0.63574,0.27273,0.64609,0,0.62746,0,1,0.49631,1,0.53104,0.91102,0.56795,0.87169,0.88053,0.68955,0.92612,0.60676,1,0.3853,1,0,0.43336,0.78062,0.39863,0.81167,0.70687,0.59435,0.73943,0.55709],"triangles":[15,4,3,16,4,15,5,4,16,16,15,9,7,6,5,7,5,16,8,16,9,7,16,8,17,3,18,15,3,17,10,15,17,10,17,11,9,15,10,1,0,14,13,1,14,2,1,13,18,2,13,3,2,18,12,18,13,11,18,12,17,18,11],"vertices":[1,4,-1.78,-10.86,1,2,4,10.03,-9.4,0.98035,5,-2.76,-14.29,0.01965,2,4,16.09,-7.61,0.73042,5,0.83,-9.09,0.26958,2,4,18.02,-7.89,0.49711,5,2.52,-8.11,0.50289,3,4,27.79,-15.04,3.9E-4,5,14.61,-7.55,0.39482,6,1.12,-7.41,0.60479,2,5,16.61,-8.42,0.14299,6,3.22,-7.98,0.85701,1,6,12.83,-13.76,1,1,6,20.09,0.53,1,2,5,17.97,9.29,0.54544,6,1.94,9.74,0.45456,2,5,14.59,7,0.78564,6,-1.06,6.98,0.21436,2,5,12.38,6.5,0.95477,6,-3.17,6.15,0.04523,2,4,23.85,7.52,0.5445,5,-2.61,7.56,0.4555,2,4,19.92,8.36,0.82302,5,-6.19,5.74,0.17698,1,4,9.93,8.69,1,1,4,-6.02,4.21,1,2,5,14.6,0.11,0.3379,6,-0.03,0.16,0.6621,2,5,16.53,0.37,0.09577,6,1.85,0.71,0.90423,1,5,0.82,0.09,1,1,4,19.93,0.41,1],"hull":15,"edges":[0,2,2,4,4,6,6,8,8,10,10,12,12,14,14,16,16,18,18,20,20,22,22,24,24,26,26,28,0,28,8,30,10,32,32,18,30,20,6,34,34,22,4,36,36,24],"width":41,"height":43}},"zuodatui":{"zuodatui":{"x":6.66,"y":0.49,"rotation":108.08,"width":20,"height":29}},"zuojiao":{"zuojiao":{"type":"mesh","uvs":[0.31881,0,0.34173,0.49521,0.33221,0.53235,0,0.5314,0,1,1,1,1,0.65038,1,0.54086,1,0,0.68719,0.7081,0.67967,0.62534],"triangles":[5,4,9,4,2,9,9,6,5,4,3,2,2,10,9,9,10,6,10,7,6,2,1,10,7,10,8,8,10,0,10,1,0],"vertices":[1,16,-2.87,-5.13,1,2,16,7.45,-6.46,0.73922,17,-3.68,-7.34,0.26078,2,16,8.18,-6.8,0.61693,17,-2.9,-7.52,0.38307,2,16,6.95,-13.66,0.30352,17,-2.74,-14.5,0.69648,2,16,16.64,-15.37,0.1826,17,7.09,-14.25,0.8174,2,16,20.29,5.31,0.02572,17,6.57,6.74,0.97428,2,16,13.06,6.58,0.69889,17,-0.77,6.56,0.30111,2,16,10.8,6.98,0.92693,17,-3.07,6.5,0.07307,1,16,-0.39,8.96,1,1,17,0.61,0.02,1,1,16,11.37,0.05,1],"hull":9,"edges":[0,2,2,4,4,6,6,8,8,10,10,12,12,14,14,16,0,16,4,18,18,12,4,20,20,14],"width":21,"height":21}},"zuoshou":{"zuoshou":{"type":"mesh","uvs":[0.61988,0,0.58478,0.4123,0.56522,0.4783,0.38678,0.5003,0.34522,0.46887,0,0.28659,0,1,0.41122,1,0.48455,1,0.83411,0.94659,0.88055,0.84916,1,0.57573,1,0,0.65566,0.73916,0.69477,0.68887,0.31833,0.75802,0.377,0.76116],"triangles":[6,5,15,15,5,4,15,4,3,16,15,3,16,2,13,2,16,3,8,7,16,15,16,7,6,15,7,13,8,16,8,13,9,1,0,12,11,1,12,14,1,11,2,1,14,13,2,14,10,14,11,9,14,10,13,14,9],"vertices":[1,7,-0.31,-9.76,1,2,7,10.87,-6.63,0.80246,8,2.26,-9.15,0.19754,3,7,12.85,-6.59,0.54611,8,3.13,-7.37,0.45206,9,-10.67,-7.15,0.00183,3,7,15.82,-12.32,0.03416,8,9.58,-7.32,0.70338,9,-4.21,-7.28,0.26246,3,7,15.56,-14.04,0.0093,8,10.99,-8.32,0.52566,9,-2.83,-8.33,0.46503,1,9,8.91,-14.85,1,1,9,11.25,4.98,1,2,8,9.92,6.7,0.85194,9,-3.45,6.71,0.14806,2,8,7.29,6.93,0.97045,9,-6.08,7.02,0.02955,2,7,21.41,7.28,0.54225,8,-5.37,6.53,0.45775,2,7,18.25,7.81,0.75132,8,-7.28,3.96,0.24868,2,7,9.55,8.95,0.99999,8,-12.23,-3.29,1.0E-5,1,7,-5.41,2.93,1,1,8,0.52,0.19,1,2,7,16.58,-0.07,0.98401,8,-1.01,-1.09,0.01599,2,8,12.66,-0.34,0.97612,9,-0.92,-0.41,0.02388,3,7,22.73,-9.93,5.0E-5,8,10.57,-0.07,0.99988,9,-3.01,-0.07,7.0E-5],"hull":13,"edges":[0,2,2,4,4,6,6,8,8,10,10,12,12,14,14,16,16,18,18,20,20,22,22,24,0,24,4,26,26,18,2,28,28,20,8,30,30,14,6,32,32,16],"width":36,"height":28}},"zuoshouzhi":{"zuoshouzhi":{"x":8.24,"y":0.81,"rotation":173.29,"width":15,"height":13}}}}],"animations":{"attack":{"bones":{"zuojiao2":{"rotate":[{"angle":5.71,"curve":0.25,"c3":0.75},{"time":0.3333,"angle":18.66,"curve":0.25,"c3":0.75},{"time":0.6667,"angle":5.71}],"translate":[{"curve":0.25,"c3":0.75},{"time":0.3333,"x":-0.15,"y":-0.25,"curve":0.25,"c3":0.75},{"time":0.6667}]},"zuojiao":{"rotate":[{"angle":61.81,"curve":0.25,"c3":0.75},{"time":0.3333,"angle":54.74,"curve":0.25,"c3":0.75},{"time":0.6667,"angle":61.81}],"translate":[{"curve":0.25,"c3":0.75},{"time":0.3333,"x":1.55,"y":2.36,"curve":0.25,"c3":0.75},{"time":0.6667}]},"zuodatui":{"rotate":[{"angle":-67.31,"curve":0.25,"c3":0.75},{"time":0.3333,"angle":-73.19,"curve":0.25,"c3":0.75},{"time":0.6667,"angle":-67.31}],"translate":[{"y":-0.86,"curve":0.25,"c3":0.75},{"time":0.3333,"x":4.71,"y":-0.3,"curve":0.25,"c3":0.75},{"time":0.6667,"y":-0.86}]},"youjiao2":{"rotate":[{"angle":45.05,"curve":0.25,"c3":0.75},{"time":0.3333,"angle":23.37,"curve":0.25,"c3":0.75},{"time":0.6667,"angle":45.05}],"translate":[{"curve":0.25,"c3":0.75},{"time":0.3333,"x":1.87,"y":-1.6,"curve":0.25,"c3":0.75},{"time":0.6667}]},"youjiao":{"rotate":[{"angle":57.68,"curve":0.25,"c3":0.75},{"time":0.3333,"angle":73.63,"curve":0.25,"c3":0.75},{"time":0.6667,"angle":57.68}],"translate":[{"curve":0.25,"c3":0.75},{"time":0.3333,"x":-0.45,"y":-1.27,"curve":0.25,"c3":0.75},{"time":0.6667}]},"youdatui":{"rotate":[{"angle":28.78,"curve":0.25,"c3":0.75},{"time":0.3333,"angle":24.29,"curve":0.25,"c3":0.75},{"time":0.6667,"angle":28.78}],"translate":[{"curve":0.25,"c3":0.75},{"time":0.3333,"x":1.66,"y":-1.11,"curve":0.25,"c3":0.75},{"time":0.6667}]},"lian":{"rotate":[{"angle":-1.18,"curve":0.284,"c3":0.625,"c4":0.38},{"time":0.0667,"angle":1.77,"curve":0.311,"c2":0.26,"c3":0.651,"c4":0.61},{"time":0.1333,"angle":-3.19,"curve":0.363,"c2":0.44,"c3":0.755},{"time":0.2667,"angle":22.33,"curve":0.25,"c3":0.625,"c4":0.5},{"time":0.5,"angle":1.51,"curve":0.375,"c2":0.5,"c3":0.75},{"time":0.6667,"angle":-1.18}]},"beibao":{"rotate":[{"angle":-0.8,"curve":0.284,"c3":0.625,"c4":0.38},{"time":0.0667,"angle":7.54,"curve":0.306,"c2":0.24,"c3":0.653,"c4":0.62},{"time":0.1667,"angle":-1.51,"curve":0.375,"c2":0.5,"c3":0.75},{"time":0.3333,"angle":9.56,"curve":0.25,"c3":0.75},{"time":0.6667,"angle":-0.8}],"translate":[{"x":-0.33,"y":-0.14,"curve":0.25,"c3":0.625,"c4":0.5},{"time":0.1667,"x":1.59,"y":-0.91,"curve":0.375,"c2":0.5,"c3":0.75},{"time":0.3333,"x":2.63,"y":0.68,"curve":0.25,"c3":0.75},{"time":0.6667,"x":-0.33,"y":-0.14}]},"zuoshouzhi":{"rotate":[{"angle":30.91}]},"zuoshou":{"rotate":[{"angle":-37.8,"curve":0.284,"c3":0.625,"c4":0.38},{"time":0.0667,"angle":-29.37,"curve":0.311,"c2":0.26,"c3":0.651,"c4":0.61},{"time":0.1333,"angle":-80.63,"curve":0.363,"c2":0.44,"c3":0.755},{"time":0.3333,"angle":-82.18,"curve":0.25,"c3":0.625,"c4":0.5},{"time":0.5,"angle":-56.57,"curve":0.375,"c2":0.5,"c3":0.75},{"time":0.6667,"angle":-37.8}]},"youshou3":{"rotate":[{"angle":36.5}]},"youshou2":{"rotate":[{"angle":-30.22,"curve":0.284,"c3":0.625,"c4":0.38},{"time":0.0667,"angle":-33.7,"curve":0.32,"c2":0.29,"c3":0.757},{"time":0.3333,"angle":-43.51,"curve":0.25,"c3":0.625,"c4":0.5},{"time":0.5,"angle":-45.37,"curve":0.375,"c2":0.5,"c3":0.75},{"time":0.6667,"angle":-30.22}]},"youshou":{"rotate":[{"angle":-28.1,"curve":0.284,"c3":0.625,"c4":0.38},{"time":0.0667,"angle":-19.84,"curve":0.311,"c2":0.26,"c3":0.651,"c4":0.61},{"time":0.1333,"angle":-51.76,"curve":0.363,"c2":0.44,"c3":0.755},{"time":0.3333,"angle":-52.64,"curve":0.25,"c3":0.625,"c4":0.5},{"time":0.5,"angle":-31.75,"curve":0.375,"c2":0.5,"c3":0.75},{"time":0.6667,"angle":-28.1}]},"yifushang":{"rotate":[{"angle":0.68,"curve":0.284,"c3":0.625,"c4":0.38},{"time":0.0667,"angle":4.61,"curve":0.32,"c2":0.29,"c3":0.757},{"time":0.3333,"angle":-18.76,"curve":0.25,"c3":0.75},{"time":0.6667,"angle":0.68}],"translate":[{"curve":0.284,"c3":0.625,"c4":0.38},{"time":0.0667,"x":-1.72,"y":-0.3,"curve":0.32,"c2":0.29,"c3":0.757},{"time":0.3333,"x":3.69,"y":2.5,"curve":0.25,"c3":0.75},{"time":0.6667}]},"bone":{"translate":[{"y":-11.76}]}}},"death":{"bones":{"zuojiao2":{"rotate":[{"curve":0.25,"c3":0.75},{"time":0.0667,"angle":19.09,"curve":"stepped"},{"time":0.6,"angle":19.09},{"time":0.7667,"angle":19.84},{"time":0.9667,"angle":22.61}]},"zuojiao":{"rotate":[{"time":0.1667},{"time":0.3,"angle":12.93},{"time":0.4333,"angle":43.4},{"time":0.6,"angle":20.64},{"time":0.7667,"angle":-1.54},{"time":0.9667,"angle":1.22}]},"zuodatui":{"rotate":[{"curve":0.25,"c3":0.75},{"time":0.0667,"angle":-27.67,"curve":0.25,"c3":0.75},{"time":0.1667,"angle":-37.15},{"time":0.3,"angle":-101.69},{"time":0.4333,"angle":-102.12},{"time":0.6,"angle":-71.07},{"time":0.9,"angle":-23.03},{"time":1.1333,"angle":-30.68}]},"youjiao2":{"rotate":[{"curve":0.25,"c3":0.75},{"time":0.0667,"angle":17.41,"curve":0.25,"c3":0.75},{"time":0.1667,"angle":28.54}]},"youjiao":{"rotate":[{"curve":0.25,"c3":0.75},{"time":0.0667,"angle":-5.27,"curve":0.25,"c3":0.75},{"time":0.1667,"angle":12.07},{"time":0.3,"angle":37.7},{"time":0.4333,"angle":27.59,"curve":"stepped"},{"time":0.6,"angle":27.59},{"time":0.7667,"angle":-7.15}]},"youdatui":{"rotate":[{"curve":0.25,"c3":0.75},{"time":0.0667,"angle":-31.18,"curve":0.25,"c3":0.75},{"time":0.1667,"angle":-27.34},{"time":0.3,"angle":-62.24},{"time":0.4333,"angle":-87.04},{"time":0.6,"angle":-43.78},{"time":0.8333,"angle":-27.92},{"time":1.1333,"angle":-33.84}],"translate":[{"time":0.1667},{"time":0.3,"x":-12.43,"y":-0.41}]},"lian":{"rotate":[{"angle":-1.18,"curve":0.25,"c3":0.75},{"time":0.0667,"angle":20.14,"curve":0.25,"c3":0.75},{"time":0.1667,"angle":-42.05,"curve":"stepped"},{"time":0.3,"angle":-42.05},{"time":0.4333,"angle":20.83},{"time":0.6,"angle":-18.31},{"time":0.8,"angle":-13.88},{"time":1.0333,"angle":-21.28}]},"beibao":{"rotate":[{"angle":-0.8,"curve":"stepped"},{"time":0.0667,"angle":-0.8,"curve":0.25,"c3":0.75},{"time":0.1667,"angle":10.26},{"time":0.3,"angle":-21.34}],"translate":[{"x":-0.33,"y":-0.14,"curve":0.25,"c3":0.75},{"time":0.0667,"x":-0.08,"y":1.37,"curve":0.25,"c3":0.75},{"time":0.1667,"x":-1.82,"y":-2.03},{"time":0.3,"x":-0.33,"y":-0.14,"curve":"stepped"},{"time":0.4333,"x":-0.33,"y":-0.14},{"time":0.6,"x":-0.81,"y":-3.32},{"time":0.8,"x":-0.76,"y":-1.93},{"time":1.0333,"x":-0.76,"y":-1.58}]},"zuoshou2":{"rotate":[{"curve":0.25,"c3":0.75},{"time":0.0667,"angle":6.88,"curve":0.25,"c3":0.75},{"time":0.1667,"angle":16.08},{"time":0.3,"angle":-27.24},{"time":0.4333,"angle":12.74},{"time":0.6333,"angle":20.34},{"time":0.8333,"angle":-54.34},{"time":0.9667,"angle":-75.13}]},"zuoshou":{"rotate":[{"angle":-40.05,"curve":0.25,"c3":0.75},{"time":0.0667,"angle":-85.74,"curve":0.25,"c3":0.75},{"time":0.1667,"angle":-84.88},{"time":0.3,"angle":-96.52},{"time":0.4333,"angle":-90.15},{"time":0.6333,"angle":-67.53},{"time":0.8333,"angle":-43.69},{"time":0.9667,"angle":-28.61}]},"youshou3":{"rotate":[{"angle":25.61,"curve":0.25,"c3":0.75},{"time":0.0667,"angle":29.63,"curve":"stepped"},{"time":0.6333,"angle":29.63},{"time":0.9667,"angle":24.28}]},"youshou2":{"rotate":[{"angle":-37.13,"curve":"stepped"},{"time":0.0667,"angle":-37.13,"curve":0.25,"c3":0.75},{"time":0.1667,"angle":-20.56},{"time":0.3,"angle":-56.13},{"time":0.4333,"angle":-27.42},{"time":0.6333,"angle":-27.32},{"time":0.8333,"angle":-89.35},{"time":0.9667,"angle":-94.67}]},"youshou":{"rotate":[{"angle":-23.62,"curve":0.25,"c3":0.75},{"time":0.0667,"angle":-55.82,"curve":0.25,"c3":0.75},{"time":0.1667,"angle":-64.86},{"time":0.3,"angle":-64.98,"curve":"stepped"},{"time":0.4333,"angle":-64.98},{"time":0.6333,"angle":-46.95},{"time":0.8333,"angle":4.06},{"time":0.9667,"angle":10.56}]},"yifushang":{"rotate":[{"angle":0.68,"curve":0.25,"c3":0.75},{"time":0.0667,"angle":5.8,"curve":0.25,"c3":0.75},{"time":0.1667,"angle":-36.5},{"time":0.3,"angle":-58},{"time":0.4333,"angle":-51.68},{"time":0.6,"angle":-61.72},{"time":0.7667,"angle":-54.88},{"time":0.9333,"angle":-58.79},{"time":1.1,"angle":-58.17}]},"bone":{"rotate":[{"time":0.1667},{"time":0.3,"angle":-17.11},{"time":0.4333,"angle":-35.58}],"translate":[{"curve":0.25,"c3":0.75},{"time":0.0667,"x":16.53,"y":-1.07,"curve":0.25,"c3":0.75},{"time":0.1667,"x":45.48,"y":28.21},{"time":0.3,"x":91.16,"y":44.13},{"time":0.4333,"x":141.28,"y":-13.61},{"time":0.6,"x":163.16,"y":-6.75},{"time":0.7667,"x":172.53,"y":-15.76},{"time":0.9333,"x":178.89,"y":-15.38}],"scale":[{"time":1.2}]}}},"idle":{"bones":{"zuojiao2":{"rotate":[{"curve":0.25,"c3":0.625,"c4":0.5},{"time":0.5,"angle":-3.97,"curve":0.375,"c2":0.5,"c3":0.75},{"time":1}],"translate":[{"curve":0.25,"c3":0.625,"c4":0.5},{"time":0.5,"x":0.02,"y":0.23,"curve":0.375,"c2":0.5,"c3":0.75},{"time":1}]},"zuojiao":{"rotate":[{"curve":0.25,"c3":0.625,"c4":0.5},{"time":0.5,"angle":10.94,"curve":0.375,"c2":0.5,"c3":0.75},{"time":1}],"translate":[{"curve":0.25,"c3":0.625,"c4":0.5},{"time":0.5,"x":-1.55,"y":-0.8,"curve":0.375,"c2":0.5,"c3":0.75},{"time":1}]},"zuodatui":{"rotate":[{"curve":0.25,"c3":0.625,"c4":0.5},{"time":0.5,"angle":-6.98,"curve":0.375,"c2":0.5,"c3":0.75},{"time":1}],"translate":[{"curve":0.25,"c3":0.625,"c4":0.5},{"time":0.5,"x":0.65,"y":-2.59,"curve":0.375,"c2":0.5,"c3":0.75},{"time":1}]},"youjiao2":{"rotate":[{"curve":0.25,"c3":0.625,"c4":0.5},{"time":0.5,"angle":-7.78,"curve":0.375,"c2":0.5,"c3":0.75},{"time":1}],"translate":[{"curve":0.25,"c3":0.625,"c4":0.5},{"time":0.5,"x":0.01,"y":0.36,"curve":0.375,"c2":0.5,"c3":0.75},{"time":1}]},"youjiao":{"rotate":[{"curve":0.25,"c3":0.75},{"time":0.5,"angle":8.87,"curve":0.25,"c3":0.75},{"time":1}],"translate":[{"curve":0.25,"c3":0.75},{"time":0.5,"x":-1.2,"y":-1.29,"curve":0.25,"c3":0.75},{"time":1}]},"youdatui":{"rotate":[{"curve":0.25,"c3":0.75},{"time":0.5,"angle":-1.09,"curve":0.25,"c3":0.75},{"time":1}],"translate":[{"curve":0.25,"c3":0.75},{"time":0.5,"x":-0.22,"y":-1.94,"curve":0.25,"c3":0.75},{"time":1}]},"lian":{"rotate":[{"angle":-1.18,"curve":0.337,"c2":0.35,"c3":0.758},{"time":0.3667,"angle":-5.81,"curve":0.25,"c3":0.75},{"time":0.8667,"curve":0.273,"c3":0.62,"c4":0.41},{"time":1,"angle":-1.18}]},"beibao":{"rotate":[{"angle":-0.8,"curve":0.375,"c2":0.62,"c3":0.716},{"time":0.1},{"time":0.6,"angle":-6.14,"curve":0.243,"c3":0.68,"c4":0.71},{"time":1,"angle":-0.8}],"translate":[{"x":-0.33,"y":-0.14,"curve":0.375,"c2":0.62,"c3":0.716},{"time":0.1},{"time":0.6,"x":-2.51,"y":-1.07,"curve":0.243,"c3":0.68,"c4":0.71},{"time":1,"x":-0.33,"y":-0.14}]},"zuoshouzhi":{"rotate":[{"angle":30.91,"curve":0.25,"c3":0.75},{"time":0.5,"angle":45.8,"curve":0.25,"c3":0.75},{"time":1,"angle":30.91}]},"zuoshou2":{"rotate":[{"curve":0.25,"c3":0.75},{"time":0.5,"angle":-30.81,"curve":0.25,"c3":0.75},{"time":1}]},"zuoshou":{"rotate":[{"angle":-37.8,"curve":0.25,"c3":0.75},{"time":0.5,"angle":-33.41,"curve":0.25,"c3":0.75},{"time":1,"angle":-37.8}]},"youshou3":{"rotate":[{"angle":36.5,"curve":0.25,"c3":0.75},{"time":0.5,"angle":41.3,"curve":0.25,"c3":0.75},{"time":1,"angle":36.5}]},"youshou2":{"rotate":[{"angle":-30.22,"curve":0.25,"c3":0.75},{"time":0.5,"angle":-44.76,"curve":0.25,"c3":0.75},{"time":1,"angle":-30.22}]},"youshou":{"rotate":[{"angle":-28.1,"curve":0.25,"c3":0.75},{"time":0.5,"angle":-25.26,"curve":0.25,"c3":0.75},{"time":1,"angle":-28.1}]},"yifushang":{"rotate":[{"angle":0.68,"curve":0.38,"c2":0.59,"c3":0.727},{"time":0.1333},{"time":0.6333,"angle":3.37,"curve":0.242,"c3":0.663,"c4":0.65},{"time":1,"angle":0.68}]},"bone2":{"translate":[{"curve":0.25,"c3":0.75},{"time":0.5,"y":-3.02,"curve":0.25,"c3":0.75},{"time":1}]}}},"run":{"bones":{"zuojiao2":{"rotate":[{"angle":16.67,"curve":0.276,"c3":0.621,"c4":0.4},{"time":0.0667,"angle":29.43,"curve":0.314,"c2":0.27,"c3":0.657,"c4":0.64},{"time":0.1333,"angle":7.51,"curve":0.375,"c2":0.5,"c3":0.75},{"time":0.2667,"angle":31.44,"curve":0.25,"c3":0.625,"c4":0.5},{"time":0.4,"angle":24.06,"curve":0.343,"c2":0.36,"c3":0.686,"c4":0.73},{"time":0.4667,"angle":22.39,"curve":0.379,"c2":0.6,"c3":0.724},{"time":0.5333,"angle":16.67}]},"zuojiao":{"rotate":[{"angle":-18.29,"curve":0.25,"c3":0.625,"c4":0.5},{"time":0.1333,"angle":3.62,"curve":0.343,"c2":0.36,"c3":0.686,"c4":0.73},{"time":0.2,"angle":-4.66,"curve":0.379,"c2":0.6,"c3":0.724},{"time":0.2667,"angle":25.53,"curve":0.25,"c3":0.625,"c4":0.5},{"time":0.4,"angle":76.95,"curve":0.343,"c2":0.36,"c3":0.686,"c4":0.73},{"time":0.4667,"angle":58.55,"curve":0.379,"c2":0.6,"c3":0.724},{"time":0.5333,"angle":-18.29}],"translate":[{"curve":0.276,"c3":0.621,"c4":0.4},{"time":0.0667,"x":3.52,"y":0.03,"curve":0.314,"c2":0.27,"c3":0.657,"c4":0.64},{"time":0.1333}]},"zuodatui":{"rotate":[{"angle":-18.89,"curve":0.25,"c3":0.625,"c4":0.5},{"time":0.1333,"angle":-8.13,"curve":0.343,"c2":0.36,"c3":0.686,"c4":0.73},{"time":0.2,"angle":42.01,"curve":0.379,"c2":0.6,"c3":0.724},{"time":0.2667,"angle":47.72,"curve":0.276,"c3":0.621,"c4":0.4},{"time":0.3333,"angle":48.28,"curve":0.314,"c2":0.27,"c3":0.657,"c4":0.64},{"time":0.4,"angle":3.12,"curve":0.343,"c2":0.36,"c3":0.686,"c4":0.73},{"time":0.4667,"angle":-49.23,"curve":0.379,"c2":0.6,"c3":0.724},{"time":0.5333,"angle":-18.89}],"translate":[{"curve":0.276,"c3":0.621,"c4":0.4},{"time":0.0667,"x":3.1,"y":-3.85,"curve":0.314,"c2":0.27,"c3":0.657,"c4":0.64},{"time":0.1333,"x":8.47,"y":-0.92,"curve":0.375,"c2":0.5,"c3":0.75},{"time":0.2667,"x":16.95,"y":-1.83,"curve":0.25,"c3":0.625,"c4":0.5},{"time":0.4,"x":8.47,"y":-0.92,"curve":0.375,"c2":0.5,"c3":0.75},{"time":0.5333}]},"youjiao2":{"rotate":[{"angle":36.59,"curve":0.276,"c3":0.621,"c4":0.4},{"time":0.0667,"angle":44.13,"curve":0.314,"c2":0.27,"c3":0.657,"c4":0.64},{"time":0.1333,"angle":28.18,"curve":0.343,"c2":0.36,"c3":0.686,"c4":0.73},{"time":0.2,"angle":37.85,"curve":0.379,"c2":0.6,"c3":0.724},{"time":0.2667,"angle":19.78,"curve":0.276,"c3":0.621,"c4":0.4},{"time":0.3333,"angle":49.01,"curve":0.314,"c2":0.27,"c3":0.657,"c4":0.64},{"time":0.4,"angle":11.82,"curve":0.343,"c2":0.36,"c3":0.686,"c4":0.73},{"time":0.4667,"angle":14.11,"curve":0.379,"c2":0.6,"c3":0.724},{"time":0.5333,"angle":36.59}],"translate":[{"time":0.2667,"curve":0.276,"c3":0.621,"c4":0.4},{"time":0.3333,"x":2.99,"y":-0.41,"curve":0.314,"c2":0.27,"c3":0.657,"c4":0.64},{"time":0.4}]},"youjiao":{"rotate":[{"angle":42.09,"curve":0.276,"c3":0.621,"c4":0.4},{"time":0.0667,"angle":66.78,"curve":0.314,"c2":0.27,"c3":0.657,"c4":0.64},{"time":0.1333,"angle":77.65,"curve":0.343,"c2":0.36,"c3":0.686,"c4":0.73},{"time":0.2,"angle":79.78,"curve":0.379,"c2":0.6,"c3":0.724},{"time":0.2667,"angle":-14.76,"curve":0.276,"c3":0.621,"c4":0.4},{"time":0.3333,"angle":-7.86,"curve":0.314,"c2":0.27,"c3":0.657,"c4":0.64},{"time":0.4,"angle":13.66,"curve":0.343,"c2":0.36,"c3":0.686,"c4":0.73},{"time":0.4667,"angle":13.33,"curve":0.379,"c2":0.6,"c3":0.724},{"time":0.5333,"angle":42.09}]},"youdatui":{"rotate":[{"angle":37.15,"curve":0.276,"c3":0.621,"c4":0.4},{"time":0.0667,"angle":35.62,"curve":0.314,"c2":0.27,"c3":0.657,"c4":0.64},{"time":0.1333,"angle":-1.98,"curve":0.343,"c2":0.36,"c3":0.686,"c4":0.73},{"time":0.2,"angle":-64.35,"curve":0.379,"c2":0.6,"c3":0.724},{"time":0.2667,"angle":-35.66,"curve":0.276,"c3":0.621,"c4":0.4},{"time":0.3333,"angle":-26.93,"curve":0.314,"c2":0.27,"c3":0.657,"c4":0.64},{"time":0.4,"angle":-25.29,"curve":0.343,"c2":0.36,"c3":0.686,"c4":0.73},{"time":0.4667,"angle":23.16,"curve":0.379,"c2":0.6,"c3":0.724},{"time":0.5333,"angle":37.15}],"translate":[{"x":-1.01,"y":-0.76,"curve":0.25,"c3":0.625,"c4":0.5},{"time":0.1333,"x":-7.54,"y":-1.9,"curve":0.375,"c2":0.5,"c3":0.75},{"time":0.2667,"x":-14.06,"y":-3.05,"curve":0.276,"c3":0.621,"c4":0.4},{"time":0.3333,"x":-13.3,"y":-5.87,"curve":0.314,"c2":0.27,"c3":0.657,"c4":0.64},{"time":0.4,"x":-7.54,"y":-1.9,"curve":0.375,"c2":0.5,"c3":0.75},{"time":0.5333,"x":-1.01,"y":-0.76}]},"lian":{"rotate":[{"angle":-14.27,"curve":0.25,"c3":0.625,"c4":0.5},{"time":0.1333,"angle":-4.13,"curve":0.375,"c2":0.5,"c3":0.75},{"time":0.2667,"angle":-14.5,"curve":0.25,"c3":0.625,"c4":0.5},{"time":0.4,"angle":-7.02,"curve":0.375,"c2":0.5,"c3":0.75},{"time":0.5333,"angle":-14.27}]},"beibao":{"rotate":[{"angle":-0.8,"curve":0.25,"c3":0.625,"c4":0.5},{"time":0.1333,"angle":8.03,"curve":0.375,"c2":0.5,"c3":0.75},{"time":0.2667,"angle":8.49,"curve":0.25,"c3":0.625,"c4":0.5},{"time":0.4,"angle":13.23,"curve":0.375,"c2":0.5,"c3":0.75},{"time":0.5333,"angle":-0.8}],"translate":[{"x":-0.33,"y":-0.14}]},"zuoshouzhi":{"rotate":[{"angle":9.95}]},"zuoshou2":{"rotate":[{"angle":-7.63,"curve":0.25,"c3":0.75},{"time":0.2667,"angle":-23.44,"curve":0.25,"c3":0.75},{"time":0.5333,"angle":-7.63}]},"zuoshou":{"rotate":[{"angle":-54.86,"curve":0.25,"c3":0.75},{"time":0.2667,"angle":-33.11,"curve":0.25,"c3":0.75},{"time":0.5333,"angle":-54.86}]},"youshou3":{"rotate":[{"angle":30.73,"curve":0.25,"c3":0.75},{"time":0.2667,"angle":31.81,"curve":0.25,"c3":0.75},{"time":0.5333,"angle":30.73}]},"youshou2":{"rotate":[{"angle":-17.04,"curve":0.25,"c3":0.75},{"time":0.2667,"angle":-20.67,"curve":0.25,"c3":0.75},{"time":0.5333,"angle":-17.04}]},"youshou":{"rotate":[{"angle":-50.99,"curve":0.25,"c3":0.75},{"time":0.2667,"angle":-45.18,"curve":0.25,"c3":0.75},{"time":0.5333,"angle":-50.99}]},"yifushang":{"rotate":[{"angle":13.12,"curve":0.25,"c3":0.625,"c4":0.5},{"time":0.1333,"angle":8.16,"curve":0.375,"c2":0.5,"c3":0.75},{"time":0.2667,"angle":13.8,"curve":0.25,"c3":0.625,"c4":0.5},{"time":0.4,"angle":13.26,"curve":0.375,"c2":0.5,"c3":0.75},{"time":0.5333,"angle":13.12}]},"bone":{"translate":[{"y":8.83,"curve":0.25,"c3":0.75},{"time":0.1333,"x":-2.25,"y":0.4,"curve":0.25,"c3":0.75},{"time":0.2667,"x":-4.5,"y":8.83,"curve":0.25,"c3":0.75},{"time":0.4,"x":-2.25,"y":0.4,"curve":0.25,"c3":0.75},{"time":0.5333,"y":8.83}]}}}}}