{"skeleton":{"hash":"Bfm9PpWx56TyQB2XY4ES9AxFQ/Y","spine":"3.8.86","x":-143.57,"y":-63.02,"width":278,"height":162,"images":"./images/","audio":"I:/A_1/2D射击项目/动画/motuobing/images"},"bones":[{"name":"root","y":-56.25},{"name":"bone","parent":"root","x":-0.52,"y":24.97},{"name":"motuoche","parent":"bone","x":0.15,"y":18.94},{"name":"houlunzi","parent":"motuoche","x":-88.71,"y":-13.68},{"name":"qianlunzi","parent":"motuoche","x":101.05,"y":-15.21},{"name":"pao","parent":"motuoche","x":23.99,"y":19.5},{"name":"pao2","parent":"pao","x":0.69,"y":18.47},{"name":"zidan","parent":"pao2","x":-1.68,"y":-3.84},{"name":"bone2","parent":"bone","x":-44.72,"y":20.92},{"name":"qiangshenti","parent":"bone2","length":34.25,"rotation":98.75,"x":0.78,"y":2.55},{"name":"qiangtou","parent":"qiangshenti","length":40.94,"rotation":-13.61,"x":38.19,"y":-4.34},{"name":"qiangzuotui","parent":"bone2","length":25.66,"rotation":-5.53,"x":2.42,"y":-3.44},{"name":"qiangyoutui","parent":"bone2","length":18.58,"rotation":3.81,"x":11.48,"y":1.5},{"name":"qiangyoushou","parent":"qiangshenti","length":23.33,"rotation":-114.61,"x":30.11,"y":6.75},{"name":"qiangyoushou2","parent":"qiangyoushou","length":23.8,"rotation":20.78,"x":23.33},{"name":"qiangyoushou3","parent":"qiangyoushou2","length":13.07,"rotation":15.64,"x":23.8},{"name":"qiangzuoshou","parent":"qiangshenti","length":22.31,"rotation":-131.9,"x":26.76,"y":-8.8},{"name":"qiangzuoshou2","parent":"qiangzuoshou","length":23.75,"rotation":93.64,"x":22.31},{"name":"bone3","parent":"bone","x":8.77,"y":40},{"name":"qishenti","parent":"bone3","length":39.61,"rotation":80.15,"y":1.36},{"name":"qitou","parent":"qishenti","length":38.84,"rotation":-4.28,"x":43,"y":-0.51},{"name":"qiyoushou","parent":"qishenti","length":25.16,"rotation":-102.3,"x":35.99,"y":8.17},{"name":"qiyoushou2","parent":"qiyoushou","length":21.85,"rotation":45.53,"x":25.16},{"name":"qiyoushou3","parent":"qiyoushou2","length":9.34,"rotation":6.15,"x":21.85},{"name":"qizuoshou","parent":"qishenti","length":22.06,"rotation":-122.66,"x":37.73,"y":-5},{"name":"qizuoshou2","parent":"qizuoshou","length":30.03,"rotation":79.07,"x":22.06},{"name":"siwang","parent":"root","x":3.63,"y":34.74},{"name":"siwang2","parent":"siwang","x":-94.5,"y":17.5},{"name":"siwang3","parent":"siwang","x":100.1,"y":24.5},{"name":"root_pao","parent":"pao2","x":88.82,"y":8.37}],"slots":[{"name":"qitou","bone":"qitou","attachment":"qitou"},{"name":"qizuoshou","bone":"qizuoshou","attachment":"qizuoshou"},{"name":"qishenti","bone":"qishenti","attachment":"qishenti"},{"name":"qiangzuoshou","bone":"qiangzuoshou","attachment":"qiangzuoshou"},{"name":"qiangtou","bone":"qiangtou","attachment":"qiangtou"},{"name":"qiangyoutui","bone":"qiangyoutui","attachment":"qiangyoutui"},{"name":"qiangzuotui","bone":"qiangzuotui","attachment":"qiangzuotui"},{"name":"qiangshenti","bone":"qiangshenti","attachment":"qiangshenti"},{"name":"houlunzi","bone":"houlunzi","attachment":"houlunzi"},{"name":"qianlunzi","bone":"qianlunzi","attachment":"qianlunzi"},{"name":"motuoche","bone":"motuoche","attachment":"motuoche"},{"name":"qiyoushou","bone":"qiyoushou","attachment":"qiyoushou"},{"name":"pao","bone":"pao","attachment":"pao"},{"name":"qiangyoushou","bone":"qiangyoushou","attachment":"qiangyoushou"},{"name":"zidan","bone":"zidan","attachment":"zidan"},{"name":"siwang","bone":"siwang","attachment":"siwang"}],"skins":[{"name":"default","attachments":{"houlunzi":{"houlunzi":{"x":-0.99,"y":0.99,"width":65,"height":62}},"motuoche":{"motuoche":{"x":-8.2,"y":12.31,"width":270,"height":126}},"pao":{"pao":{"type":"mesh","uvs":[0,0,1,0,1,0.6072,0.42734,0.55028,0.48779,1,0.15879,1,0.18128,0.8633,0,0.84298,0.26645,0.6885],"triangles":[3,0,1,3,1,2,8,0,3,6,7,0,8,6,0,8,3,4,5,6,8,4,5,8],"vertices":[2,5,-43.19,43.81,0.03253,6,-43.88,25.34,0.96747,1,6,89.12,25.34,1,1,6,89.12,-2.59,1,2,5,13.64,18.5,0.13945,6,12.95,0.03,0.86055,2,5,21.68,-2.19,0.90702,6,21,-20.66,0.09298,2,5,-22.08,-2.19,0.63543,6,-22.76,-20.66,0.36457,2,5,-19.08,4.1,0.51078,6,-19.77,-14.37,0.48922,2,5,-43.19,5.03,0.19696,6,-43.88,-13.43,0.80304,2,5,-7.76,12.14,0.3436,6,-8.44,-6.33,0.6564],"hull":8,"edges":[0,2,2,4,4,6,6,8,8,10,10,12,12,14,0,14,6,16,16,12],"width":133,"height":46}},"qiangshenti":{"qiangshenti":{"x":18.01,"y":-3.15,"rotation":-98.75,"width":41,"height":57}},"qiangtou":{"qiangtou":{"x":18.44,"y":-5.86,"rotation":-85.14,"width":50,"height":53}},"qiangyoushou":{"qiangyoushou":{"type":"mesh","uvs":[0,0.74801,0.34128,1,0.3915,1,0.44172,1,0.50867,1,0.7596,0.8797,0.78846,0.86587,1,0.71658,1,0,0.70715,0,0.68338,0.02104,0.46563,0.21373,0.4026,0.1525,0.24563,0,0,0,0.41541,0.55158,0.37237,0.5673,0.74795,0.4891,0.71208,0.50795],"triangles":[6,17,7,17,8,7,5,4,18,11,18,4,11,4,15,15,4,3,18,17,5,5,17,6,11,10,18,10,9,18,18,9,17,17,9,8,2,15,3,1,16,2,2,16,15,1,0,16,0,13,16,0,14,13,16,12,15,16,13,12,15,12,11],"vertices":[1,13,-3.97,-11.17,1,2,13,20.13,-9.83,0.88103,14,-6.48,-8.05,0.11897,2,13,23.46,-8.88,0.65905,14,-3.03,-8.35,0.34095,2,13,26.79,-7.93,0.3405,14,0.43,-8.65,0.6595,2,13,31.24,-6.67,0.06157,14,5.03,-9.04,0.93843,2,14,22.5,-8.01,0.66561,15,-3.42,-7.36,0.33439,2,14,24.5,-7.89,0.46059,15,-1.45,-7.79,0.53941,1,15,13.32,-9.98,1,2,14,40.61,8.98,0,15,18.6,4.11,1,2,14,20.47,10.71,0.74178,15,-0.32,11.21,0.25822,2,14,18.8,10.41,0.82846,15,-2.01,11.37,0.17154,2,13,23.87,8.4,0.28274,14,3.49,7.66,0.71726,2,13,19.33,8.45,0.7491,14,-0.74,9.32,0.2509,1,13,8.04,8.57,1,1,13,-8.26,3.94,1,2,13,22.47,0.63,0.86082,14,-0.57,0.89,0.13918,1,13,19.71,-0.5,1,1,14,22.4,0.23,1,2,14,19.9,0.05,0.99994,15,-3.75,1.1,6.0E-5],"hull":15,"edges":[0,2,12,14,14,16,16,18,26,28,0,28,22,30,6,8,30,6,22,24,24,26,24,32,2,4,4,6,32,4,18,34,34,12,18,20,20,22,20,36,8,10,10,12,36,10],"width":69,"height":21}},"qiangyoutui":{"qiangyoutui":{"x":7.52,"y":-2.67,"rotation":-3.81,"width":31,"height":18}},"qiangzuoshou":{"qiangzuoshou":{"type":"mesh","uvs":[0,0.36859,0.22484,0.25404,0.51998,0.50859,0.55709,0.52221,0.74634,0,1,0,1,0.53884,0.8254,0.92175,0.72421,1,0.61986,1,0.49653,1,0.13288,0.92175,0,0.79766,0.53448,0.81538,0.60721,0.82957],"triangles":[4,5,6,3,4,6,14,3,6,7,14,6,8,9,14,7,8,14,12,0,1,12,1,2,13,2,3,11,12,2,13,3,14,13,11,2,10,11,13,9,10,13,14,9,13],"vertices":[1,16,-5.24,1.15,1,1,16,-0.34,8.87,1,2,16,13.4,7.81,0.64925,17,8.36,8.4,0.35075,2,16,14.79,8.18,0.40106,17,8.64,6.98,0.59894,1,17,27.09,9.38,1,1,17,31.71,1.21,1,1,17,16.24,-7.55,1,1,17,2.06,-8.15,1,2,16,28.59,-1.63,0.09918,17,-2.03,-6.17,0.90082,2,16,25.36,-3.75,0.49474,17,-3.93,-2.81,0.50526,2,16,21.54,-6.24,0.9509,17,-6.18,1.16,0.0491,1,16,8.86,-11.44,1,1,16,2.51,-10.7,1,1,16,19.38,-0.37,1,2,16,21.89,0.71,0.2336,17,0.73,0.37,0.7664],"hull":13,"edges":[0,2,2,4,4,6,6,8,8,10,10,12,12,14,14,16,20,22,22,24,0,24,4,26,16,18,18,20,26,18,6,28,28,16],"width":37,"height":33}},"qiangzuotui":{"qiangzuotui":{"x":9.82,"y":-0.28,"rotation":5.53,"width":43,"height":20}},"qianlunzi":{"qianlunzi":{"x":-0.25,"y":-0.48,"width":66,"height":62}},"qishenti":{"qishenti":{"x":24.69,"y":-2.49,"rotation":-80.15,"width":45,"height":60}},"qitou":{"qitou":{"x":21.55,"y":-5.21,"rotation":-75.87,"width":50,"height":54}},"qiyoushou":{"qiyoushou":{"type":"mesh","uvs":[0,0.79479,0.26635,1,0.45768,1,0.51368,1,0.63968,1,0.85902,0.64695,1,0.33279,1,0,0.65835,0,0.46935,0.28967,0.42035,0.27119,0.19868,0,0,0,0.43435,0.69623,0.47868,0.70239],"triangles":[5,8,6,8,7,6,8,5,4,2,14,3,4,3,14,4,14,8,14,9,8,1,13,2,2,13,14,0,11,1,1,10,13,1,11,10,0,12,11,13,9,14,13,10,9],"vertices":[1,21,-2.89,-13.94,1,1,21,15.33,-12.06,1,2,21,27.02,-7.3,0.6403,22,-3.91,-6.45,0.3597,2,21,30.45,-5.91,0.26448,22,-0.52,-7.91,0.73552,2,21,38.15,-2.78,6.6E-4,22,7.12,-11.21,0.99934,2,22,23.91,-8.86,0.35165,23,1.1,-9.03,0.64835,1,23,13.06,-6.78,1,1,23,17.17,0.46,1,3,21,29.87,20.84,6.0E-5,22,18.17,11.24,0.70626,23,-2.45,11.57,0.29368,3,21,21.04,9.43,0.42454,22,3.85,9.55,0.57537,23,-16.87,11.42,9.0E-5,2,21,17.87,8.64,0.74976,22,1.06,11.26,0.25024,1,21,1.77,9.41,1,1,21,-10.38,4.46,1,1,21,22.73,-0.85,1,2,21,25.5,0.11,0.2432,22,0.32,-0.17,0.7568],"hull":13,"edges":[0,2,8,10,10,12,12,14,14,16,16,18,18,20,20,22,22,24,0,24,20,26,2,4,26,4,18,28,4,6,6,8,28,6],"width":66,"height":25}},"qizuoshou":{"qizuoshou":{"type":"mesh","uvs":[0,0.73529,0.26777,1,0.4116,1,0.49735,1,0.56096,1,0.86245,0.70594,1,0.41239,1,0,0.81267,0,0.45586,0.48368,0.40607,0.4711,0.18479,0.10626,0,0.10207,0.39224,0.75206,0.45309,0.76884],"triangles":[8,7,6,8,5,9,6,5,8,14,13,9,5,14,9,2,13,14,4,3,14,2,14,3,5,4,14,0,12,11,0,11,10,13,0,10,13,10,9,1,0,13,1,13,2],"vertices":[1,24,6.5,-13.31,1,2,24,21.32,-10.86,0.9048,25,-10.8,-1.33,0.0952,2,24,26.3,-6.29,0.41709,25,-5.37,-5.36,0.58291,2,24,29.27,-3.57,0.08277,25,-2.14,-7.76,0.91723,2,24,31.48,-1.55,0.00681,25,0.27,-9.54,0.99319,1,25,17.08,-10.66,1,1,25,27.69,-7.2,1,1,25,35.31,3.07,1,1,25,28.23,8.31,1,2,24,17.02,6.91,0.37139,25,5.83,6.26,0.62861,2,24,15.03,5.62,0.74187,25,4.18,7.97,0.25813,1,24,-0.28,6.93,1,1,24,-6.77,1.16,1,1,24,20.44,-1.24,1,1,25,0.46,-0.76,1],"hull":13,"edges":[0,2,8,10,10,12,12,14,14,16,16,18,18,20,20,22,22,24,0,24,20,26,2,4,26,4,18,28,4,6,6,8,28,6],"width":47,"height":31}},"siwang":{"siwang":{"type":"mesh","uvs":[0.86604,0,0.6074,0,0.47351,0,0.17138,0,0,0,0,1,0.17138,1,0.47351,1,0.60855,1,0.86947,1,1,1,1,0],"triangles":[5,3,6,7,6,3,5,4,3,8,7,1,7,2,1,8,1,0,2,7,3,9,11,10,8,0,9,9,0,11],"vertices":[3,28,-6.41,64.99,0.90001,26,93.69,89.49,0.09975,27,188.19,71.99,2.4E-4,3,28,-78.06,64.99,0.33953,26,22.04,89.49,0.5703,27,116.54,71.99,0.09017,3,28,-115.14,64.99,0.11504,26,-15.04,89.49,0.59047,27,79.46,71.99,0.29449,3,28,-198.83,64.99,7.0E-5,26,-98.73,89.49,0.08036,27,-4.23,71.99,0.91957,2,26,-146.21,89.49,2.6E-4,27,-51.71,71.99,0.99974,2,26,-146.21,-39.51,1.8E-4,27,-51.71,-57.01,0.99982,2,26,-98.73,-39.51,0.10508,27,-4.23,-57.01,0.89492,3,28,-115.14,-64.01,0.0036,26,-15.04,-39.51,0.88605,27,79.46,-57.01,0.11034,3,28,-77.74,-64.01,0.15146,26,22.36,-39.51,0.84785,27,116.86,-57.01,6.9E-4,2,28,-5.46,-64.01,0.82817,26,94.64,-39.51,0.17183,2,28,30.69,-64.01,0.95934,26,130.79,-39.51,0.04066,2,28,30.69,64.99,0.99238,26,130.79,89.49,0.00762],"hull":12,"edges":[8,10,20,22,4,14,4,2,14,16,2,16,4,6,6,8,10,12,12,14,6,12,2,0,0,22,16,18,18,20,0,18],"width":277,"height":129}},"zidan":{"zidan":{"x":0.3,"y":0.18,"width":27,"height":34}}}}],"animations":{"attack":{"slots":{"siwang":{"attachment":[{"name":null}]}},"bones":{"motuoche":{"rotate":[{},{"time":0.1667,"angle":-0.42},{"time":0.3333},{"time":0.5,"angle":0.23},{"time":0.6667}],"translate":[{},{"time":0.3333,"y":-3.29},{"time":0.6667}]},"houlunzi":{"rotate":[{},{"time":0.1667,"angle":-0.56},{"time":0.3333,"angle":-1.95},{"time":0.5,"angle":-1.21},{"time":0.6667}],"translate":[{},{"time":0.1667,"x":0.41,"y":0.66},{"time":0.3333,"x":0.62,"y":2.62},{"time":0.5,"x":0.26,"y":1.67},{"time":0.6667}]},"qianlunzi":{"rotate":[{},{"time":0.1667,"angle":2.23},{"time":0.3333,"angle":3.62},{"time":0.5,"angle":1.58},{"time":0.6667}],"translate":[{},{"time":0.1667,"x":-0.21,"y":2.23},{"time":0.3333,"x":-0.62,"y":2.98},{"time":0.5,"x":-0.37,"y":1.08},{"time":0.6667}]},"pao":{"rotate":[{},{"time":0.0333,"angle":-1.84},{"time":0.1,"angle":2.77},{"time":0.1667,"angle":3.77},{"time":0.3333},{"time":0.3667,"angle":-1.87},{"time":0.4333,"angle":1.69},{"time":0.5,"angle":3.4},{"time":0.6667}],"translate":[{},{"time":0.0333,"x":0.71,"y":0.21},{"time":0.1,"x":-4.32,"y":0.63},{"time":0.1667,"x":-5.65,"y":1.06},{"time":0.3333,"y":1.85},{"time":0.3667,"x":-0.07,"y":1.65},{"time":0.5,"x":-4.05,"y":0.84},{"time":0.6667}]},"pao2":{"rotate":[{},{"time":0.1667,"angle":8.87},{"time":0.3333,"angle":1.7},{"time":0.5,"angle":8.56},{"time":0.6667}],"translate":[{},{"time":0.3333,"y":-2.23},{"time":0.6667}]},"zidan":{"rotate":[{},{"time":0.1667,"angle":-7.77},{"time":0.3333,"angle":-1.04},{"time":0.5,"angle":-4.98},{"time":0.6667}]},"bone2":{"translate":[{},{"time":0.3333,"y":-2.41},{"time":0.6667}]},"qiangshenti":{"rotate":[{"angle":-0.57,"curve":0.335,"c2":0.34,"c3":0.668,"c4":0.67},{"time":0.1,"angle":4.98,"curve":0.337,"c2":0.35,"c3":0.671,"c4":0.68},{"time":0.1667,"angle":6.87,"curve":0.377,"c2":0.61,"c3":0.72},{"time":0.3333,"angle":-0.57,"curve":0.335,"c2":0.34,"c3":0.668,"c4":0.67},{"time":0.4333,"angle":4.55,"curve":0.337,"c2":0.35,"c3":0.671,"c4":0.68},{"time":0.5,"angle":6.87,"curve":0.377,"c2":0.61,"c3":0.72},{"time":0.6667,"angle":-0.57}]},"qiangtou":{"rotate":[{"curve":0.276,"c3":0.621,"c4":0.4},{"time":0.1667,"angle":-10.34,"curve":0.333,"c2":0.33,"c3":0.758},{"time":0.3333,"curve":0.276,"c3":0.621,"c4":0.4},{"time":0.5,"angle":-10.34,"curve":0.333,"c2":0.33,"c3":0.758},{"time":0.6667}]},"qiangzuotui":{"rotate":[{},{"time":0.3333,"angle":1.71},{"time":0.6667}]},"qiangyoutui":{"rotate":[{},{"time":0.3333,"angle":2.02},{"time":0.6667}]},"qiangyoushou":{"rotate":[{},{"time":0.0333,"angle":-1.1},{"time":0.1667,"angle":-12.57},{"time":0.3333,"angle":-4.28},{"time":0.3667,"angle":-6.28},{"time":0.5,"angle":-11.43},{"time":0.6667}]},"qiangyoushou2":{"rotate":[{},{"time":0.1667,"angle":7.35},{"time":0.3333,"angle":4.47},{"time":0.5,"angle":4.16},{"time":0.6667}]},"qiangyoushou3":{"rotate":[{},{"time":0.3333,"angle":4.23},{"time":0.6667}]},"qiangzuoshou":{"rotate":[{},{"time":0.3333,"angle":3.7},{"time":0.6667}]},"bone3":{"translate":[{},{"time":0.3333,"y":-3.71},{"time":0.6667}]},"qishenti":{"rotate":[{},{"time":0.3333,"angle":-2.2},{"time":0.6667}]},"qitou":{"rotate":[{"angle":1.81,"curve":0.375,"c2":0.5,"c3":0.75},{"time":0.1667,"angle":4.18,"curve":0.25,"c3":0.75},{"time":0.5,"angle":1.76,"curve":0.25,"c3":0.625,"c4":0.5},{"time":0.6667,"angle":1.81}]},"qiyoushou":{"rotate":[{},{"time":0.3333,"angle":2.21},{"time":0.6667}]},"qizuoshou":{"rotate":[{},{"time":0.3333,"angle":3.25},{"time":0.6667}]}}},"death":{"slots":{"houlunzi":{"color":[{"time":0.1333,"color":"ffffffff"},{"time":0.2667,"color":"ffffff00"}]},"motuoche":{"color":[{"time":0.1333,"color":"ffffffff"},{"time":0.2667,"color":"ffffff00"}]},"pao":{"color":[{"time":0.1333,"color":"ffffffff"},{"time":0.2667,"color":"ffffff00"}]},"qiangshenti":{"color":[{"time":0.1333,"color":"ffffffff"},{"time":0.3333,"color":"ffffff00"}]},"qiangtou":{"color":[{"time":0.1333,"color":"ffffffff"},{"time":0.3,"color":"ffffff00"}]},"qiangyoushou":{"color":[{"time":0.1333,"color":"ffffffff"},{"time":0.2667,"color":"ffffff00"}]},"qiangyoutui":{"color":[{"time":0.1333,"color":"ffffffff"},{"time":0.2667,"color":"ffffff00"}]},"qiangzuoshou":{"color":[{"time":0.1333,"color":"ffffffff"},{"time":0.2667,"color":"ffffff00"}]},"qiangzuotui":{"color":[{"time":0.1333,"color":"ffffffff"},{"time":0.2667,"color":"ffffff00"}]},"qianlunzi":{"color":[{"time":0.1333,"color":"ffffffff"},{"time":0.2667,"color":"ffffff00"}]},"qishenti":{"color":[{"time":0.1333,"color":"ffffffff"},{"time":0.2667,"color":"ffffff00"}]},"qitou":{"color":[{"time":0.1333,"color":"ffffffff"},{"time":0.2667,"color":"ffffff00"}]},"qiyoushou":{"color":[{"time":0.1333,"color":"ffffffff"},{"time":0.2667,"color":"ffffff00"}]},"qizuoshou":{"color":[{"time":0.1333,"color":"ffffffff"},{"time":0.2667,"color":"ffffff00"}]},"siwang":{"color":[{"color":"ffffff00"},{"time":0.1333,"color":"ffffff00"},{"time":0.1667,"color":"ffffffff"}]},"zidan":{"color":[{"time":0.1333,"color":"ffffffff"},{"time":0.2667,"color":"ffffff00"}]}},"bones":{"root":{"rotate":[{},{"time":0.2667,"angle":0.58}]},"bone":{"rotate":[{},{"time":0.1333,"angle":0.26},{"time":0.2667,"angle":-4.63}],"translate":[{},{"time":0.1333,"x":0.07,"y":14.83},{"time":0.2667,"x":0.02,"y":10.38}],"scale":[{},{"time":0.1333,"y":1.094}]},"motuoche":{"rotate":[{},{"time":0.1333,"angle":7.49},{"time":0.2667,"angle":0.58},{"time":0.3}]},"houlunzi":{"rotate":[{},{"time":0.2667,"angle":0.58},{"time":0.3}]},"qianlunzi":{"rotate":[{},{"time":0.2667,"angle":0.58},{"time":0.3}]},"pao":{"rotate":[{},{"time":0.2667,"angle":0.58},{"time":0.3}]},"pao2":{"rotate":[{},{"time":0.2667,"angle":0.58}]},"zidan":{"rotate":[{},{"time":0.2667,"angle":0.58},{"time":0.3}]},"bone2":{"rotate":[{},{"time":0.2667,"angle":0.58}],"translate":[{},{"time":0.1333,"x":-0.04,"y":-3.97},{"time":0.2667,"x":2.37,"y":-3.82}]},"qiangshenti":{"rotate":[{},{"time":0.1333,"angle":-8.32},{"time":0.3333,"angle":-22.82}]},"qiangtou":{"rotate":[{},{"time":0.1333,"angle":1.76},{"time":0.3333,"angle":-22.82}]},"qiangzuotui":{"rotate":[{},{"time":0.2667,"angle":0.58},{"time":0.3}]},"qiangyoutui":{"rotate":[{},{"time":0.2667,"angle":0.58},{"time":0.3}]},"qiangyoushou":{"rotate":[{},{"time":0.1333,"angle":13.22},{"time":0.2667,"angle":18.33}]},"qiangyoushou2":{"rotate":[{},{"time":0.2667,"angle":0.58}]},"qiangyoushou3":{"rotate":[{},{"time":0.2667,"angle":0.58}]},"qiangzuoshou":{"rotate":[{},{"time":0.2667,"angle":0.58},{"time":0.3}]},"qiangzuoshou2":{"rotate":[{},{"time":0.2667,"angle":0.58}]},"bone3":{"rotate":[{},{"time":0.2667,"angle":0.58}]},"qishenti":{"rotate":[{},{"time":0.1333,"angle":-11.54},{"time":0.2667,"angle":-3.36},{"time":0.3}]},"qitou":{"rotate":[{},{"time":0.1333,"angle":14.59},{"time":0.2667,"angle":0.58},{"time":0.3}]},"qiyoushou":{"rotate":[{},{"time":0.2667,"angle":0.58},{"time":0.3}]},"qiyoushou2":{"rotate":[{},{"time":0.2667,"angle":0.58}]},"qiyoushou3":{"rotate":[{},{"time":0.2667,"angle":0.58}]},"qizuoshou":{"rotate":[{},{"time":0.2667,"angle":0.58},{"time":0.3}]},"qizuoshou2":{"rotate":[{},{"time":0.2667,"angle":0.58}]},"siwang":{"rotate":[{},{"time":0.1667,"angle":6.51},{"time":0.2667,"angle":0.58},{"time":0.3}],"translate":[{"y":20.17},{"time":0.1667,"x":-1.78,"y":39.92},{"time":0.3,"x":-0.03,"y":17.23},{"time":0.5333,"y":-1.39},{"time":0.7333,"x":0.04,"y":6.14},{"time":0.9667,"y":-0.05,"curve":"stepped"},{"time":1.3,"y":-0.05}],"scale":[{},{"time":0.1333,"y":1.162},{"time":0.1667,"y":1.373},{"time":0.3,"y":1.187},{"time":0.4667,"y":0.967}]},"siwang2":{"rotate":[{},{"time":0.2667,"angle":0.58},{"time":0.3},{"time":0.5333,"angle":-9.55},{"time":0.7333,"angle":-7.37},{"time":0.9667,"angle":-9.36}],"translate":[{"y":-20.17},{"time":0.3,"y":-9.39},{"time":0.5333,"x":4.97,"y":1.88},{"time":0.7333,"x":3.43,"y":-5.79},{"time":0.9667,"x":3.48,"y":0.54}]},"siwang3":{"rotate":[{},{"time":0.2667,"angle":0.58},{"time":0.3},{"time":0.5333,"angle":6.33},{"time":0.7333,"angle":1.02},{"time":0.9667,"angle":1.84}],"translate":[{"y":-20.17},{"time":0.3,"y":-9.39},{"time":0.5333,"x":-8.94,"y":1.43},{"time":0.7333,"x":-5.51,"y":-6.29},{"time":0.9667,"x":-5.47,"y":0.05}]},"root_pao":{"rotate":[{},{"time":0.2667,"angle":0.58}]}}},"idle":{"slots":{"siwang":{"attachment":[{"name":null}]}},"bones":{"motuoche":{"rotate":[{},{"time":0.1667,"angle":-0.42},{"time":0.3333},{"time":0.5,"angle":0.23},{"time":0.6667}],"translate":[{},{"time":0.3333,"y":-3.29},{"time":0.6667}]},"houlunzi":{"rotate":[{},{"time":0.1667,"angle":-0.56},{"time":0.3333,"angle":-1.95},{"time":0.5,"angle":-1.21},{"time":0.6667}],"translate":[{},{"time":0.1667,"x":0.41,"y":0.66},{"time":0.3333,"x":0.62,"y":2.62},{"time":0.5,"x":0.26,"y":1.67},{"time":0.6667}]},"qianlunzi":{"rotate":[{},{"time":0.1667,"angle":2.23},{"time":0.3333,"angle":3.62},{"time":0.5,"angle":1.58},{"time":0.6667}],"translate":[{},{"time":0.1667,"x":-0.21,"y":2.23},{"time":0.3333,"x":-0.62,"y":2.98},{"time":0.5,"x":-0.37,"y":1.08},{"time":0.6667}]},"pao":{"rotate":[{},{"time":0.1667,"angle":0.42},{"time":0.3333},{"time":0.5,"angle":-0.23},{"time":0.6667}],"translate":[{},{"time":0.1667,"x":-0.15,"y":1.1},{"time":0.3333,"y":1.85},{"time":0.5,"x":0.08,"y":0.83},{"time":0.6667}]},"pao2":{"rotate":[{},{"time":0.3333,"angle":1.7},{"time":0.6667}],"translate":[{},{"time":0.3333,"y":-2.23},{"time":0.6667}]},"zidan":{"rotate":[{},{"time":0.3333,"angle":-1.04},{"time":0.6667}]},"bone2":{"translate":[{},{"time":0.3333,"y":-2.41},{"time":0.6667}]},"qiangshenti":{"rotate":[{"angle":-0.57,"curve":0.382,"c2":0.58,"c3":0.731},{"time":0.1},{"time":0.4333,"angle":-2.36,"curve":0.243,"c3":0.655,"c4":0.63},{"time":0.6667,"angle":-0.57}]},"qiangtou":{"rotate":[{"curve":0.25,"c3":0.75},{"time":0.3333,"angle":3.72,"curve":0.25,"c3":0.75},{"time":0.6667}]},"qiangzuotui":{"rotate":[{},{"time":0.3333,"angle":1.71},{"time":0.6667}]},"qiangyoutui":{"rotate":[{},{"time":0.3333,"angle":2.02},{"time":0.6667}]},"qiangyoushou":{"rotate":[{},{"time":0.3333,"angle":-4.28},{"time":0.6667}]},"qiangyoushou2":{"rotate":[{},{"time":0.3333,"angle":4.47},{"time":0.6667}]},"qiangyoushou3":{"rotate":[{},{"time":0.3333,"angle":4.23},{"time":0.6667}]},"qiangzuoshou":{"rotate":[{},{"time":0.3333,"angle":3.7},{"time":0.6667}]},"bone3":{"translate":[{},{"time":0.3333,"y":-3.71},{"time":0.6667}]},"qishenti":{"rotate":[{},{"time":0.3333,"angle":-2.2},{"time":0.6667}]},"qitou":{"rotate":[{"angle":1.81,"curve":0.375,"c2":0.5,"c3":0.75},{"time":0.1667,"angle":5.4,"curve":0.25,"c3":0.75},{"time":0.5,"curve":0.25,"c3":0.625,"c4":0.5},{"time":0.6667,"angle":1.81}]},"qiyoushou":{"rotate":[{},{"time":0.3333,"angle":2.21},{"time":0.6667}]},"qizuoshou":{"rotate":[{},{"time":0.3333,"angle":3.25},{"time":0.6667}]}}},"run":{"slots":{"siwang":{"attachment":[{"name":null}]}},"bones":{"motuoche":{"rotate":[{},{"time":0.1667,"angle":0.88},{"time":0.3333},{"time":0.5,"angle":-1.38},{"time":0.6667}],"translate":[{},{"time":0.3333,"y":-3.77},{"time":0.6667}]},"houlunzi":{"rotate":[{},{"time":0.1667,"angle":-89.99},{"time":0.3333,"angle":178.73},{"time":0.5,"angle":90.75},{"time":0.6667}],"translate":[{},{"time":0.1667,"x":-0.19,"y":2.18},{"time":0.3333,"y":1.64},{"time":0.5,"x":0.3,"y":0.03},{"time":0.6667}]},"qianlunzi":{"rotate":[{},{"time":0.1667,"angle":-89.74},{"time":0.3333,"angle":-179.38},{"time":0.5,"angle":92.68},{"time":0.6667}],"translate":[{},{"time":0.1667,"x":0.88,"y":-0.75},{"time":0.3333,"x":0.84,"y":-1.71},{"time":0.5,"x":-1.27,"y":-0.4},{"time":0.6667}]},"pao":{"rotate":[{},{"time":0.1667,"angle":-0.88},{"time":0.3333},{"time":0.5,"angle":1.38},{"time":0.6667}],"translate":[{},{"time":0.1667,"x":0.31,"y":0.22},{"time":0.3333,"y":1.18},{"time":0.5,"x":-0.49,"y":1.16},{"time":0.6667}]},"pao2":{"rotate":[{},{"time":0.3333,"angle":1.7},{"time":0.6667}],"translate":[{},{"time":0.3333,"y":-2.23},{"time":0.6667}]},"zidan":{"rotate":[{},{"time":0.3333,"angle":-1.04},{"time":0.6667}]},"bone2":{"translate":[{},{"time":0.3333,"y":-3.12},{"time":0.6667}]},"qiangshenti":{"rotate":[{"angle":-0.57,"curve":0.382,"c2":0.58,"c3":0.731},{"time":0.1},{"time":0.4333,"angle":-2.36,"curve":0.243,"c3":0.655,"c4":0.63},{"time":0.6667,"angle":-0.57}]},"qiangtou":{"rotate":[{"curve":0.25,"c3":0.75},{"time":0.3333,"angle":3.72,"curve":0.25,"c3":0.75},{"time":0.6667}]},"qiangzuotui":{"rotate":[{},{"time":0.3333,"angle":1.71},{"time":0.6667}]},"qiangyoutui":{"rotate":[{},{"time":0.3333,"angle":2.02},{"time":0.6667}]},"qiangyoushou":{"rotate":[{},{"time":0.3333,"angle":-4.28},{"time":0.6667}]},"qiangyoushou2":{"rotate":[{},{"time":0.3333,"angle":4.47},{"time":0.6667}]},"qiangyoushou3":{"rotate":[{},{"time":0.3333,"angle":4.23},{"time":0.6667}]},"qiangzuoshou":{"rotate":[{},{"time":0.3333,"angle":3.7},{"time":0.6667}]},"bone3":{"translate":[{},{"time":0.3333,"y":-2.78},{"time":0.6667}]},"qishenti":{"rotate":[{},{"time":0.3333,"angle":-2.2},{"time":0.6667}]},"qitou":{"rotate":[{"angle":1.81,"curve":0.375,"c2":0.5,"c3":0.75},{"time":0.1667,"angle":5.4,"curve":0.25,"c3":0.75},{"time":0.5,"curve":0.25,"c3":0.625,"c4":0.5},{"time":0.6667,"angle":1.81}]},"qiyoushou":{"rotate":[{},{"time":0.3333,"angle":2.21},{"time":0.6667}]},"qizuoshou":{"rotate":[{},{"time":0.3333,"angle":3.25},{"time":0.6667}]}}}}}