{"skeleton":{"hash":"APMBm8DTSBj6tR+R7T6engkU+u0","spine":"3.8.86","x":-40.2,"y":-52.85,"width":202,"height":116,"images":"./images/","audio":"I:/A_1/2D射击项目/动画/youjunshibing/images"},"bones":[{"name":"root","y":-51.97},{"name":"bone","parent":"root","x":-2.58,"y":32.24},{"name":"bone2","parent":"bone","x":-0.12,"y":4.06},{"name":"shengti","parent":"bone2","length":28.68,"rotation":92.88,"x":-0.16,"y":1.92},{"name":"zuotui","parent":"bone","length":14.4,"rotation":-90,"x":-9.08,"y":1.02},{"name":"zuojiao","parent":"zuotui","length":11.84,"rotation":-13.28,"x":15.36,"y":-0.48},{"name":"zuojiao2","parent":"zuojiao","length":6.57,"rotation":16.08,"x":11.84},{"name":"youtui","parent":"bone","length":13.56,"rotation":-78.42,"x":5.48,"y":-0.42},{"name":"youjiao","parent":"youtui","length":11.69,"rotation":-13.93,"x":13.84,"y":-0.22},{"name":"youjiao2","parent":"youjiao","length":4.64,"rotation":4.33,"x":12.01,"y":0.01},{"name":"youshoubi","parent":"shengti","length":20.28,"rotation":179.65,"x":24.98,"y":2.87},{"name":"youshou","parent":"youshoubi","length":18.83,"rotation":74.21,"x":20.87,"y":-0.32},{"name":"youshouzhang","parent":"youshou","length":8.94,"rotation":15.18,"x":19.88,"y":0.09},{"name":"weapons3","parent":"youshouzhang","x":90.81,"y":-20.83},{"name":"root_weapons2","parent":"weapons3","x":53.54,"y":15.68},{"name":"zuoshoubi","parent":"shengti","length":20.79,"rotation":-148.92,"x":23.38,"y":-7.28},{"name":"zuoshou","parent":"zuoshoubi","length":16.96,"rotation":94.77,"x":20.83,"y":-0.37},{"name":"zuoshouzhi","parent":"zuoshou","length":7.94,"rotation":8.25,"x":17.39,"y":-0.09},{"name":"tou","parent":"shengti","length":38.43,"rotation":-8.33,"x":31.9,"y":-3.44},{"name":"beibao","parent":"shengti","x":18.72,"y":14.63}],"slots":[{"name":"zuoshoubi","bone":"zuoshoubi","attachment":"zuoshoubi"},{"name":"tou","bone":"tou","attachment":"tou"},{"name":"zuoshou","bone":"zuoshou","attachment":"zuoshou"},{"name":"zuoshouzhang","bone":"zuoshou","attachment":"zuoshouzhang"},{"name":"beibao","bone":"beibao","attachment":"beibao"},{"name":"youjiao","bone":"youjiao","attachment":"youjiao"},{"name":"youtui","bone":"youtui","attachment":"youtui"},{"name":"zuojiao","bone":"zuojiao","attachment":"zuojiao"},{"name":"zuotui","bone":"zuotui","attachment":"zuotui"},{"name":"shengti","bone":"shengti","attachment":"shengti"},{"name":"beidai","bone":"root","attachment":"beidai"},{"name":"youshoubi","bone":"youshoubi","attachment":"youshoubi"},{"name":"weapons2","bone":"weapons3","attachment":"weapons2"},{"name":"youshouzhang","bone":"youshouzhang","attachment":"youshouzhang"},{"name":"youshou","bone":"youshou","attachment":"youshou"},{"name":"zuoshouzhi","bone":"zuoshouzhi","attachment":"zuoshouzhi"}],"skins":[{"name":"default","attachments":{"beibao":{"beibao":{"x":-1.05,"y":0.35,"rotation":-92.88,"width":43,"height":46}},"beidai":{"beidai":{"type":"mesh","uvs":[0.67,0,0.51776,0.0442,0.23501,0.34,0.06742,0.55093,0,0.63579,0,1,0.13895,1,0.24008,0.83749,0.38726,0.60099,0.65732,0.22593,0.75635,0.22034,1,0.2066,1,0],"triangles":[3,2,8,7,3,8,4,3,7,6,5,4,7,6,4,10,0,12,11,10,12,9,1,0,9,0,10,2,1,9,8,2,9],"vertices":[2,3,35.4,9.15,0.88576,19,16.68,-5.49,0.11424,2,3,34.32,14.08,0.88,19,15.6,-0.55,0.12,2,3,25.91,23.56,0.49383,19,7.19,8.93,0.50617,2,3,19.86,29.23,0.18519,19,1.14,14.6,0.81481,1,19,-1.29,16.88,1,1,19,-12.2,17.43,1,1,19,-12.43,12.99,1,2,3,11,24.15,0.18519,19,-7.72,9.52,0.81481,2,3,17.85,19.09,0.49383,19,-0.87,4.46,0.50617,2,3,28.65,9.89,0.88,19,9.93,-4.74,0.12,2,3,28.66,6.72,0.88576,19,9.94,-7.91,0.11424,1,3,28.68,-1.09,1,1,3,34.87,-1.4,1],"hull":13,"edges":[0,2,2,4,8,10,10,12,16,18,22,24,0,24,18,20,20,22,0,20,4,6,6,8,12,14,14,16,6,14,8,12],"width":32,"height":30}},"shengti":{"shengti":{"x":15.95,"y":0.55,"rotation":-92.88,"width":40,"height":52}},"tou":{"tou":{"x":18.52,"y":-6.09,"rotation":-84.55,"width":50,"height":54}},"weapons2":{"weapons2":{"x":-4.34,"y":9.37,"rotation":-1.91,"width":124,"height":40}},"youjiao":{"youjiao":{"type":"mesh","uvs":[0,0,0.6571,0,0.63528,0.50334,0.66801,0.54906,1,0.70448,1,1,0,1,0,0.7502,0,0.65648,0.33637,0.71591,0.33637,0.7822],"triangles":[6,10,5,10,3,5,6,7,10,10,7,9,3,4,5,3,9,2,3,10,9,7,8,9,2,9,0,9,8,0,2,0,1],"vertices":[1,8,-3.58,-7.83,1,1,8,-4.17,6.62,1,2,8,6.41,6.57,0.873,9,-5.09,6.96,0.127,2,8,7.34,7.33,0.75978,9,-4.11,7.65,0.24022,2,8,10.3,14.76,0.43599,9,-0.59,14.84,0.56401,2,8,16.5,15.02,0.38514,9,5.61,14.62,0.61486,2,8,17.4,-6.96,0.06862,9,4.85,-7.36,0.93138,2,8,12.16,-7.18,0.41312,9,-0.39,-7.18,0.58688,2,8,10.19,-7.26,0.62914,9,-2.36,-7.11,0.37086,1,8,11.14,0.19,1,1,9,0.53,0.19,1],"hull":9,"edges":[0,2,2,4,4,6,6,8,8,10,10,12,12,14,14,16,0,16,4,18,18,16,6,20,20,14],"width":22,"height":21}},"youshou":{"youshou":{"x":8.05,"y":-0.71,"rotation":13.27,"width":25,"height":15}},"youshoubi":{"youshoubi":{"x":10.4,"y":-0.19,"rotation":87.47,"width":15,"height":31}},"youshouzhang":{"youshouzhang":{"x":5.78,"y":-0.77,"rotation":-1.91,"width":14,"height":12}},"youtui":{"youtui":{"x":6.35,"y":0.12,"rotation":78.42,"width":19,"height":25}},"zuojiao":{"zuojiao":{"type":"mesh","uvs":[0.00683,0,5.6E-4,0.57122,4.3E-4,0.67067,0,1,1,1,1,0.4768,0.65292,0.44775,0.65087,0.38923,0.63724,0,0.28556,0.60875,0.30115,0.65775],"triangles":[4,3,10,3,2,10,10,6,4,6,5,4,2,9,10,2,1,9,10,9,6,1,0,9,9,7,6,9,8,7,9,0,8],"vertices":[1,5,1.84,-8.73,1,2,5,12.43,-6.37,0.49316,6,-1.19,-6.29,0.50684,2,5,14.27,-5.94,0.24598,6,0.69,-6.38,0.75402,1,6,6.94,-6.7,1,2,5,15.31,16.9,0.2965,6,8.02,15.28,0.7035,2,5,5.63,14.61,0.42126,6,-1.91,15.76,0.57874,2,5,6.85,7.06,0.72055,6,-2.84,8.16,0.27945,2,5,5.78,6.76,0.83872,6,-3.95,8.17,0.16128,1,5,-1.35,4.76,1,2,5,11.68,-0.11,0.76606,6,-0.18,-0.06,0.23394,2,5,12.51,0.44,0.01357,6,0.77,0.24,0.98643],"hull":9,"edges":[0,2,6,8,8,10,10,12,0,16,12,14,14,16,14,18,18,2,12,20,2,4,4,6,20,4],"width":22,"height":19}},"zuoshou":{"zuoshou":{"x":5.59,"y":0.21,"rotation":-38.73,"width":16,"height":16}},"zuoshoubi":{"zuoshoubi":{"x":9.3,"y":-0.17,"rotation":56.04,"width":21,"height":28}},"zuoshouzhang":{"zuoshouzhang":{"type":"mesh","uvs":[0,0.36857,0.18151,0.2363,0.35979,0,1,0,1,0.74403,0.60665,0.89336,0.38722,1,0,1,0.38265,0.5307],"triangles":[5,6,8,5,8,4,8,3,4,0,1,8,1,2,8,8,2,3,6,7,8,7,0,8],"vertices":[2,16,14.64,5.1,0.84352,17,-1.98,5.53,0.15648,2,16,17.86,5.06,0.41801,17,1.2,5.03,0.58199,2,16,22.02,6.26,0.04698,17,5.5,5.62,0.95302,1,17,11.61,-0.93,1,2,16,22.03,-8.05,0.00374,17,3.45,-8.55,0.99626,2,16,16.34,-6.35,0.34014,17,-1.94,-6.05,0.65986,2,16,12.94,-5.68,0.74736,17,-5.21,-4.89,0.25264,2,16,8.71,-2.29,0.99565,17,-8.9,-0.93,0.00435,2,16,17.29,-0.15,0.17052,17,-0.1,-0.04,0.82948],"hull":8,"edges":[0,2,2,4,4,6,6,8,8,10,10,12,12,14,0,14,2,16,16,10],"width":14,"height":15}},"zuoshouzhi":{"zuoshouzhi":{"x":5.91,"y":-2.15,"rotation":-46.97,"width":8,"height":14}},"zuotui":{"zuotui":{"type":"mesh","uvs":[0,0.12429,0,0.54636,0,0.65889,0,1,1,1,1,0.74854,1,0.6822,1,0,0,0,0.46737,0.80234,0.49214,0.7091],"triangles":[0,8,7,10,1,0,1,10,2,0,7,10,7,6,10,10,6,5,9,2,10,9,10,5,3,2,9,9,5,4,3,9,4],"vertices":[-3.25,-10.55,8.99,-10.55,12.25,-10.55,22.14,-10.55,22.14,10.45,14.85,10.45,12.93,10.45,-6.86,10.45,-6.86,-10.55,16.41,-0.74,13.71,-0.22],"hull":9,"edges":[0,2,6,8,14,16,0,16,2,4,4,6,4,18,8,10,18,10,2,20,10,12,12,14,20,12],"width":21,"height":29}}}}],"animations":{"attack":{"bones":{"bone":{"translate":[{"y":-10.18}]},"bone2":{"rotate":[{"angle":10.77,"curve":0.244,"c3":0.702,"c4":0.8},{"time":0.1667,"angle":11.68,"curve":0.364,"c2":0.64,"c3":0.701},{"time":0.3,"angle":11.74,"curve":0.25,"c3":0.75},{"time":0.6667,"angle":10.77}],"translate":[{"curve":0.244,"c3":0.702,"c4":0.8},{"time":0.1667,"x":-7.19,"y":-0.84,"curve":0.364,"c2":0.64,"c3":0.701},{"time":0.3,"x":-7.68,"y":-0.9,"curve":0.25,"c3":0.75},{"time":0.6667}]},"shengti":{"rotate":[{"curve":0.263,"c3":0.618,"c4":0.43},{"time":0.0667,"angle":2.25,"curve":0.339,"c2":0.35,"c3":0.716,"c4":0.83},{"time":0.1667,"angle":17.03,"curve":0.364,"c2":0.64,"c3":0.701},{"time":0.3,"angle":16.02,"curve":0.253,"c3":0.621,"c4":0.48},{"time":0.4667,"angle":7.46,"curve":0.37,"c2":0.48,"c3":0.753},{"time":0.6667}],"translate":[{"curve":0.263,"c3":0.618,"c4":0.43},{"time":0.0667,"x":1.03,"y":-0.76,"curve":0.339,"c2":0.35,"c3":0.716,"c4":0.83},{"time":0.1667,"x":-1.27,"y":-0.05,"curve":0.364,"c2":0.64,"c3":0.701},{"time":0.3,"x":0.68,"y":0.03,"curve":0.253,"c3":0.621,"c4":0.48},{"time":0.4667,"x":1.05,"y":0.2,"curve":0.37,"c2":0.48,"c3":0.753},{"time":0.6667}]},"zuotui":{"rotate":[{"angle":4.93,"curve":0.263,"c3":0.618,"c4":0.43},{"time":0.0667,"angle":10.07,"curve":0.339,"c2":0.35,"c3":0.716,"c4":0.83},{"time":0.1667,"angle":6.54,"curve":0.364,"c2":0.64,"c3":0.701},{"time":0.3,"angle":6.65,"curve":0.25,"c3":0.75},{"time":0.6667,"angle":4.93}],"translate":[{"x":1.34,"y":-1.34,"curve":0.244,"c3":0.702,"c4":0.8},{"time":0.1667,"x":-4.46,"y":-1.12,"curve":0.364,"c2":0.64,"c3":0.701},{"time":0.3,"x":-4.85,"y":-1.1,"curve":0.25,"c3":0.75},{"time":0.6667,"x":1.34,"y":-1.34}]},"zuojiao":{"rotate":[{"angle":-96.1,"curve":0.263,"c3":0.618,"c4":0.43},{"time":0.0667,"angle":-102.51,"curve":0.339,"c2":0.35,"c3":0.716,"c4":0.83},{"time":0.1667,"angle":-92.94,"curve":0.364,"c2":0.64,"c3":0.701},{"time":0.3,"angle":-92.73,"curve":0.25,"c3":0.75},{"time":0.6667,"angle":-96.1}],"translate":[{"curve":0.244,"c3":0.702,"c4":0.8},{"time":0.1667,"x":-0.52,"y":-1.32,"curve":0.364,"c2":0.64,"c3":0.701},{"time":0.3,"x":-0.56,"y":-1.41,"curve":0.25,"c3":0.75},{"time":0.6667}]},"zuojiao2":{"rotate":[{"angle":-44.73,"curve":0.244,"c3":0.702,"c4":0.8},{"time":0.1667,"angle":-42.51,"curve":0.364,"c2":0.64,"c3":0.701},{"time":0.3,"angle":-42.36,"curve":0.25,"c3":0.75},{"time":0.6667,"angle":-44.73}]},"youtui":{"rotate":[{"angle":56.3}],"translate":[{"curve":0.244,"c3":0.702,"c4":0.8},{"time":0.1667,"x":-4.68,"y":1.65,"curve":0.364,"c2":0.64,"c3":0.701},{"time":0.3,"x":-5,"y":1.76,"curve":0.25,"c3":0.75},{"time":0.6667}]},"youjiao":{"rotate":[{"angle":-56.75,"curve":0.244,"c3":0.702,"c4":0.8},{"time":0.1667,"angle":-38.68,"curve":0.364,"c2":0.64,"c3":0.701},{"time":0.3,"angle":-37.47,"curve":0.25,"c3":0.75},{"time":0.6667,"angle":-56.75}],"translate":[{"curve":0.244,"c3":0.702,"c4":0.8},{"time":0.1667,"x":1.18,"y":-0.71,"curve":0.364,"c2":0.64,"c3":0.701},{"time":0.3,"x":1.26,"y":-0.76,"curve":0.25,"c3":0.75},{"time":0.6667}]},"youjiao2":{"rotate":[{"curve":0.244,"c3":0.702,"c4":0.8},{"time":0.1667,"angle":-30.07,"curve":0.364,"c2":0.64,"c3":0.701},{"time":0.3,"angle":-32.09,"curve":0.25,"c3":0.75},{"time":0.6667}],"translate":[{"curve":0.244,"c3":0.702,"c4":0.8},{"time":0.1667,"x":1,"y":-0.18,"curve":0.364,"c2":0.64,"c3":0.701},{"time":0.3,"x":1.06,"y":-0.19,"curve":0.25,"c3":0.75},{"time":0.6667}]},"youshoubi":{"rotate":[{"angle":0.4,"curve":0.263,"c3":0.618,"c4":0.43},{"time":0.0667,"angle":-9.62,"curve":0.339,"c2":0.35,"c3":0.716,"c4":0.83},{"time":0.1667,"angle":30.38,"curve":0.364,"c2":0.64,"c3":0.701},{"time":0.3,"angle":32.39,"curve":0.25,"c3":0.75},{"time":0.6667,"angle":0.4}],"translate":[{"x":1.81,"y":0.76}]},"youshou":{"rotate":[{"angle":26.56,"curve":0.263,"c3":0.618,"c4":0.43},{"time":0.0667,"angle":24.53,"curve":0.339,"c2":0.35,"c3":0.716,"c4":0.83},{"time":0.1667,"angle":26.56,"curve":0.364,"c2":0.64,"c3":0.701},{"time":0.3,"angle":36.01,"curve":0.25,"c3":0.75},{"time":0.6667,"angle":26.56}],"translate":[{"x":-2.31,"y":-0.11}]},"youshouzhang":{"rotate":[{"angle":-27.44,"curve":0.263,"c3":0.618,"c4":0.43},{"time":0.0667,"angle":-32.6,"curve":0.339,"c2":0.35,"c3":0.716,"c4":0.83},{"time":0.1667,"angle":-27.44}]},"weapons3":{"translate":[{"x":-86.09,"y":21.65}]},"zuoshoubi":{"rotate":[{"angle":6.26,"curve":0.263,"c3":0.618,"c4":0.43},{"time":0.0667,"angle":-14.95,"curve":0.339,"c2":0.35,"c3":0.716,"c4":0.83},{"time":0.1667,"angle":35.25,"curve":0.364,"c2":0.64,"c3":0.701},{"time":0.3,"angle":46.16,"curve":0.25,"c3":0.75},{"time":0.6667,"angle":6.26}]},"zuoshou":{"rotate":[{"angle":25.41,"curve":0.263,"c3":0.618,"c4":0.43},{"time":0.0667,"angle":19.12,"curve":0.339,"c2":0.35,"c3":0.716,"c4":0.83},{"time":0.1667,"angle":23.16,"curve":0.364,"c2":0.64,"c3":0.701},{"time":0.3,"angle":23.01,"curve":0.25,"c3":0.75},{"time":0.6667,"angle":25.41}]},"zuoshouzhi":{"rotate":[{"angle":-72.17,"curve":0.244,"c3":0.702,"c4":0.8},{"time":0.1667,"angle":-16.34,"curve":0.364,"c2":0.64,"c3":0.701},{"time":0.3,"angle":-12.6,"curve":0.25,"c3":0.75},{"time":0.6667,"angle":-72.17}]},"tou":{"rotate":[{"angle":-9.57,"curve":0.263,"c3":0.618,"c4":0.43},{"time":0.0667,"angle":-11.22,"curve":0.339,"c2":0.35,"c3":0.716,"c4":0.83},{"time":0.1667,"angle":-34.36,"curve":0.364,"c2":0.64,"c3":0.701},{"time":0.3,"angle":-20.67,"curve":0.25,"c3":0.75},{"time":0.6667,"angle":-9.57}],"translate":[{"x":0.93,"y":0.21}]},"beibao":{"rotate":[{"curve":0.263,"c3":0.618,"c4":0.43},{"time":0.0667,"angle":-7.01,"curve":0.339,"c2":0.35,"c3":0.716,"c4":0.83},{"time":0.1667,"angle":-6.94,"curve":0.364,"c2":0.64,"c3":0.701},{"time":0.3,"angle":-7.4,"curve":0.25,"c3":0.75},{"time":0.6667}],"translate":[{"x":-0.39,"curve":0.263,"c3":0.618,"c4":0.43},{"time":0.0667,"x":1.15,"y":0.17,"curve":0.339,"c2":0.35,"c3":0.716,"c4":0.83},{"time":0.1667,"x":-0.39}]}}},"death":{"bones":{"bone":{"rotate":[{"time":0.2333,"curve":0.25,"c3":0.75},{"time":0.4,"angle":-77.24}],"translate":[{"curve":0.25,"c3":0.75},{"time":0.0667,"x":-1.5,"y":1.87,"curve":0.25,"c3":0.75},{"time":0.2333,"curve":0.25,"c3":0.75},{"time":0.4,"x":14.52,"y":-11.53},{"time":0.5667,"x":15.13,"y":-8.17},{"time":0.7333,"x":15.13,"y":-10.48},{"time":0.9333,"x":15.13,"y":-10.15}]},"bone2":{"rotate":[{"curve":0.25,"c3":0.75},{"time":0.0667,"angle":-23.47,"curve":0.25,"c3":0.75},{"time":0.2333,"angle":-51.62}],"translate":[{"curve":0.25,"c3":0.75},{"time":0.0667,"x":-6.24,"y":1.13,"curve":0.25,"c3":0.75},{"time":0.2333,"x":2.48,"y":4.59}]},"shengti":{"rotate":[{"curve":0.25,"c3":0.625,"c4":0.5},{"time":0.0333,"angle":42.34,"curve":0.375,"c2":0.5,"c3":0.75},{"time":0.0667,"angle":52.62,"curve":0.25,"c3":0.75},{"time":0.2333,"angle":60.71,"curve":0.25,"c3":0.75},{"time":0.4,"angle":101.26},{"time":0.5667,"angle":44.84},{"time":0.7333,"angle":48.12},{"time":0.9333,"angle":45.69}]},"zuotui":{"rotate":[{"curve":0.25,"c3":0.75},{"time":0.0667,"angle":9.13,"curve":0.25,"c3":0.75},{"time":0.2333,"angle":-12.3,"curve":0.25,"c3":0.75},{"time":0.4,"angle":9.74},{"time":0.5667,"angle":2.97},{"time":0.7333,"angle":29.42},{"time":0.9333,"angle":29.67}],"translate":[{"curve":0.25,"c3":0.75},{"time":0.0667,"x":-3.12,"y":0.57,"curve":0.25,"c3":0.75},{"time":0.2333,"x":3.12,"y":3.41}]},"zuojiao":{"rotate":[{"curve":0.25,"c3":0.75},{"time":0.0667,"angle":-12.46,"curve":0.25,"c3":0.75},{"time":0.2333,"angle":2.79,"curve":0.25,"c3":0.75},{"time":0.4,"angle":-26},{"time":0.5667,"angle":-56.83},{"time":0.7333,"angle":-50.43},{"time":0.9333,"angle":-34.93}],"translate":[{"curve":0.25,"c3":0.75},{"time":0.0667,"x":0.51,"y":0.61,"curve":0.25,"c3":0.75},{"time":0.2333,"x":1.89,"y":0.91}]},"zuojiao2":{"rotate":[{"curve":0.25,"c3":0.75},{"time":0.0667,"angle":3.33,"curve":0.25,"c3":0.75},{"time":0.2333,"angle":10.36,"curve":0.25,"c3":0.75},{"time":0.4,"angle":-27.55},{"time":0.5667,"angle":-32.62},{"time":0.7333,"angle":-29.92}],"translate":[{"curve":0.25,"c3":0.75},{"time":0.0667,"x":0.25,"y":0.77}]},"youtui":{"rotate":[{"curve":0.25,"c3":0.75},{"time":0.0667,"angle":8.49,"curve":0.25,"c3":0.75},{"time":0.2333,"angle":22.96,"curve":0.258,"c3":0.619,"c4":0.45},{"time":0.3,"angle":14.5,"curve":0.363,"c2":0.44,"c3":0.755},{"time":0.4,"angle":17.9},{"time":0.5667,"angle":28.94},{"time":0.9333,"angle":26.95}],"translate":[{"curve":0.25,"c3":0.75},{"time":0.0667,"x":-2.84,"y":7.1,"curve":0.25,"c3":0.75},{"time":0.2333,"x":-0.28,"y":1.7}]},"youjiao":{"rotate":[{"curve":0.25,"c3":0.75},{"time":0.0667,"angle":-8.49,"curve":0.25,"c3":0.75},{"time":0.2333,"angle":-42.91,"curve":0.258,"c3":0.619,"c4":0.45},{"time":0.3,"angle":-86.7,"curve":0.33,"c2":0.32,"c3":0.67,"c4":0.68},{"time":0.3333,"angle":-86.13,"curve":0.381,"c2":0.55,"c3":0.742},{"time":0.4,"angle":-70.48},{"time":0.5667,"angle":-65.3},{"time":0.7333,"angle":-80},{"time":0.9333,"angle":-60.43}],"translate":[{"curve":0.25,"c3":0.75},{"time":0.0667,"x":4.62,"y":-0.47,"curve":0.25,"c3":0.75},{"time":0.2333,"x":3.67,"y":-0.85}]},"youjiao2":{"rotate":[{"curve":0.25,"c3":0.75},{"time":0.0667,"angle":-21.91,"curve":0.25,"c3":0.75},{"time":0.2333,"angle":21.51,"curve":0.258,"c3":0.619,"c4":0.45},{"time":0.3,"angle":10.14,"curve":0.33,"c2":0.32,"c3":0.67,"c4":0.68},{"time":0.3333,"angle":-64.87,"curve":0.381,"c2":0.55,"c3":0.742},{"time":0.4,"angle":-23.87}],"translate":[{"curve":0.25,"c3":0.75},{"time":0.0667,"x":0.57,"y":0.02}]},"youshoubi":{"rotate":[{"angle":-348.38,"curve":0.25,"c3":0.75},{"time":0.0667,"angle":-323.54,"curve":0.25,"c3":0.75},{"time":0.2333,"angle":-346.2,"curve":0.25,"c3":0.75},{"time":0.4,"angle":-3.45},{"time":0.5667,"angle":-346.52},{"time":0.7333,"angle":-356.28}],"translate":[{"x":-0.14,"y":0.01}]},"youshou":{"rotate":[{"angle":30.79,"curve":0.25,"c3":0.625,"c4":0.5},{"time":0.0333,"angle":-3.23,"curve":0.375,"c2":0.5,"c3":0.75},{"time":0.0667,"angle":-9.91,"curve":0.25,"c3":0.75},{"time":0.2333,"angle":8.77,"curve":0.25,"c3":0.75},{"time":0.4,"angle":39.89},{"time":0.5667,"angle":55.96},{"time":0.7333,"angle":62.18},{"time":0.9333,"angle":64.33}]},"youshouzhang":{"rotate":[{"angle":-41.31,"curve":0.29,"c3":0.629,"c4":0.38},{"time":0.0667,"angle":-37.65,"curve":0.296,"c2":0.21,"c3":0.656,"c4":0.63},{"time":0.2333,"angle":-33,"curve":0.381,"c2":0.54,"c3":0.744},{"time":0.4,"angle":-40.19},{"time":0.7333,"angle":-41.51},{"time":0.9,"angle":-40.17}]},"weapons3":{"rotate":[{"curve":0.25,"c3":0.75},{"time":0.7333,"angle":33.63}],"translate":[{"x":-88.11,"y":18.76}]},"zuoshoubi":{"rotate":[{"angle":11.45,"curve":0.25,"c3":0.75},{"time":0.0667,"angle":17.99,"curve":0.25,"c3":0.75},{"time":0.2333,"angle":16.88,"curve":0.25,"c3":0.75},{"time":0.4,"angle":316.2}]},"zuoshou":{"rotate":[{"angle":-3.91,"curve":0.25,"c3":0.625,"c4":0.5},{"time":0.0333,"angle":-47.36,"curve":0.375,"c2":0.5,"c3":0.75},{"time":0.0667,"angle":-43.13,"curve":0.25,"c3":0.75},{"time":0.2333,"angle":-37.08,"curve":0.25,"c3":0.75},{"time":0.4,"angle":11.91},{"time":1,"angle":-80.36}]},"zuoshouzhi":{"rotate":[{"angle":-31.9,"curve":0.25,"c3":0.75},{"time":0.0667,"angle":-18.06}]},"tou":{"rotate":[{"angle":-0.59,"curve":0.25,"c3":0.625,"c4":0.5},{"time":0.0333,"angle":-24.74,"curve":0.375,"c2":0.5,"c3":0.75},{"time":0.0667,"angle":-19.11,"curve":0.25,"c3":0.75},{"time":0.2333,"angle":22.75,"curve":0.25,"c3":0.75},{"time":0.4,"angle":27.19},{"time":0.5667,"angle":-3.47},{"time":0.7333,"angle":-0.24},{"time":0.9333,"angle":5.23}]},"beibao":{"rotate":[{"curve":0.25,"c3":0.75},{"time":0.0667,"angle":2.06}],"translate":[{"x":-0.39,"curve":0.25,"c3":0.75},{"time":0.0667,"x":-1.59,"y":-0.14},{"time":0.4,"x":-1.04,"y":3.32},{"time":0.6333,"x":-1.08,"y":0.37},{"time":0.8333,"x":-1.37,"y":1.41}]}},"drawOrder":[{"time":0.4,"offsets":[{"slot":"zuoshouzhi","offset":-15}]}]},"idle":{"bones":{"bone2":{"translate":[{"curve":0.25,"c3":0.75},{"time":0.5,"x":0.68,"y":-2.55,"curve":0.25,"c3":0.75},{"time":1}]},"shengti":{"rotate":[{"curve":0.25,"c3":0.75},{"time":0.5,"angle":1.18,"curve":0.25,"c3":0.75},{"time":1}],"translate":[{"curve":0.25,"c3":0.75},{"time":0.5,"x":0.07,"y":-0.97,"curve":0.25,"c3":0.75},{"time":1}]},"zuotui":{"rotate":[{"curve":0.25,"c3":0.75},{"time":0.5,"angle":6.34,"curve":0.25,"c3":0.75},{"time":1}],"translate":[{"curve":0.25,"c3":0.75},{"time":0.5,"x":-0.57,"y":-1.13,"curve":0.25,"c3":0.75},{"time":1}]},"zuojiao":{"rotate":[{"curve":0.25,"c3":0.75},{"time":0.5,"angle":-12.43,"curve":0.25,"c3":0.75},{"time":1}],"translate":[{"curve":0.25,"c3":0.75},{"time":0.5,"x":-0.98,"y":1.06,"curve":0.25,"c3":0.75},{"time":1}]},"zuojiao2":{"rotate":[{"curve":0.25,"c3":0.75},{"time":0.5,"angle":6.09,"curve":0.25,"c3":0.75},{"time":1}],"translate":[{"curve":0.25,"c3":0.75},{"time":0.5,"x":0.62,"y":-0.71,"curve":0.25,"c3":0.75},{"time":1}]},"youtui":{"rotate":[{"curve":0.25,"c3":0.75},{"time":0.5,"angle":5.62,"curve":0.25,"c3":0.75},{"time":1}],"translate":[{"curve":0.25,"c3":0.75},{"time":0.5,"x":0.38,"y":-0.76,"curve":0.25,"c3":0.75},{"time":1}]},"youjiao":{"rotate":[{"curve":0.25,"c3":0.75},{"time":0.5,"angle":-8.55,"curve":0.25,"c3":0.75},{"time":1}],"translate":[{"curve":0.25,"c3":0.75},{"time":0.5,"x":-0.17,"y":-0.34,"curve":0.25,"c3":0.75},{"time":1}]},"youjiao2":{"rotate":[{"curve":0.25,"c3":0.75},{"time":0.5,"angle":2.94,"curve":0.25,"c3":0.75},{"time":1}],"translate":[{"curve":0.25,"c3":0.75},{"time":0.5,"x":-0.27,"y":-0.74,"curve":0.25,"c3":0.75},{"time":1}]},"youshoubi":{"rotate":[{"angle":-0.21,"curve":0.351,"c2":0.4,"c3":0.757},{"time":0.3333,"angle":-2.6,"curve":0.25,"c3":0.75},{"time":0.8333,"angle":-359.27,"curve":0.265,"c3":0.618,"c4":0.43},{"time":1,"angle":-0.21}],"translate":[{"x":1.81,"y":0.76,"curve":0.351,"c2":0.4,"c3":0.757},{"time":0.3333,"x":1.45,"y":0.79,"curve":0.25,"c3":0.75},{"time":0.8333,"x":1.96,"y":0.75,"curve":0.265,"c3":0.618,"c4":0.43},{"time":1,"x":1.81,"y":0.76}]},"youshou":{"rotate":[{"angle":26.56,"curve":0.351,"c2":0.4,"c3":0.757},{"time":0.3333,"angle":35.26,"curve":0.25,"c3":0.75},{"time":0.8333,"angle":23.12,"curve":0.265,"c3":0.618,"c4":0.43},{"time":1,"angle":26.56}],"translate":[{"x":-2.31,"y":-0.11}]},"youshouzhang":{"rotate":[{"angle":-27.44,"curve":0.351,"c2":0.4,"c3":0.757},{"time":0.3333,"angle":-31.5,"curve":0.25,"c3":0.75},{"time":0.8333,"angle":-25.82,"curve":0.265,"c3":0.618,"c4":0.43},{"time":1,"angle":-27.44}]},"weapons3":{"translate":[{"x":-86.09,"y":21.65}]},"zuoshoubi":{"rotate":[{"angle":5.65,"curve":0.351,"c2":0.4,"c3":0.757},{"time":0.3333,"angle":8.31,"curve":0.25,"c3":0.75},{"time":0.8333,"angle":4.59,"curve":0.265,"c3":0.618,"c4":0.43},{"time":1,"angle":5.65}]},"zuoshou":{"rotate":[{"angle":25.41,"curve":0.351,"c2":0.4,"c3":0.757},{"time":0.3333,"angle":31.2,"curve":0.25,"c3":0.75},{"time":0.8333,"angle":23.11,"curve":0.265,"c3":0.618,"c4":0.43},{"time":1,"angle":25.41}]},"zuoshouzhi":{"rotate":[{"angle":-72.17}]},"tou":{"rotate":[{"angle":-0.59,"curve":0.375,"c2":0.62,"c3":0.716},{"time":0.1},{"time":0.6,"angle":-4.5,"curve":0.243,"c3":0.68,"c4":0.71},{"time":1,"angle":-0.59}]},"beibao":{"translate":[{"x":-0.39,"curve":0.38,"c2":0.59,"c3":0.727},{"time":0.1333,"x":-0.27},{"time":0.6333,"x":-1.92,"curve":0.242,"c3":0.663,"c4":0.65},{"time":1,"x":-0.39}]}}},"run":{"bones":{"bone":{"translate":[{"y":6.08,"curve":0.25,"c3":0.75},{"time":0.1333,"x":1.82,"y":-2.78,"curve":0.25,"c3":0.75},{"time":0.2667,"x":4.98,"y":6.08,"curve":0.25,"c3":0.75},{"time":0.4,"x":1.82,"y":-2.78,"curve":0.25,"c3":0.75},{"time":0.5333,"y":6.08}]},"shengti":{"rotate":[{"angle":-14.93,"curve":0.382,"c2":0.56,"c3":0.74},{"time":0.1,"angle":-13.27},{"time":0.3667,"angle":-18.21,"curve":0.244,"c3":0.641,"c4":0.57},{"time":0.5333,"angle":-14.93}]},"zuotui":{"rotate":[{"angle":-32.15,"curve":0.276,"c3":0.621,"c4":0.4},{"time":0.0667,"angle":-23.9,"curve":0.314,"c2":0.27,"c3":0.657,"c4":0.64},{"time":0.1333,"angle":6.26,"curve":0.343,"c2":0.36,"c3":0.686,"c4":0.73},{"time":0.2,"angle":73.94,"curve":0.379,"c2":0.6,"c3":0.724},{"time":0.2667,"angle":36.17,"curve":0.276,"c3":0.621,"c4":0.4},{"time":0.3333,"angle":21.21,"curve":0.314,"c2":0.27,"c3":0.657,"c4":0.64},{"time":0.4,"angle":34.88,"curve":0.343,"c2":0.36,"c3":0.686,"c4":0.73},{"time":0.4667,"angle":-25.66,"curve":0.379,"c2":0.6,"c3":0.724},{"time":0.5333,"angle":-32.15}],"translate":[{"curve":0.25,"c3":0.75},{"time":0.2667,"x":11.5,"y":2.07,"curve":0.276,"c3":0.621,"c4":0.4},{"time":0.3333,"x":10.79,"y":-0.61,"curve":0.314,"c2":0.27,"c3":0.657,"c4":0.64},{"time":0.4,"x":2.38,"y":1,"curve":0.343,"c2":0.36,"c3":0.686,"c4":0.73},{"time":0.4667,"x":1.51,"y":2.93,"curve":0.379,"c2":0.6,"c3":0.724},{"time":0.5333}]},"zuojiao":{"rotate":[{"angle":-40.27,"curve":0.276,"c3":0.621,"c4":0.4},{"time":0.0667,"angle":-62.62,"curve":0.314,"c2":0.27,"c3":0.657,"c4":0.64},{"time":0.1333,"angle":-90.85,"curve":0.343,"c2":0.36,"c3":0.686,"c4":0.73},{"time":0.2,"angle":-95.72,"curve":0.379,"c2":0.6,"c3":0.724},{"time":0.2667,"angle":10.87,"curve":0.276,"c3":0.621,"c4":0.4},{"time":0.3333,"angle":10.37,"curve":0.314,"c2":0.27,"c3":0.657,"c4":0.64},{"time":0.4,"angle":-36.43,"curve":0.343,"c2":0.36,"c3":0.686,"c4":0.73},{"time":0.4667,"angle":-4.03,"curve":0.379,"c2":0.6,"c3":0.724},{"time":0.5333,"angle":-40.27}]},"zuojiao2":{"rotate":[{"angle":-51.85,"curve":0.276,"c3":0.621,"c4":0.4},{"time":0.0667,"angle":-28.22,"curve":0.314,"c2":0.27,"c3":0.657,"c4":0.64},{"time":0.1333,"angle":-41.98,"curve":0.375,"c2":0.5,"c3":0.75},{"time":0.2667,"angle":-18.21,"curve":0.276,"c3":0.621,"c4":0.4},{"time":0.3333,"angle":-22.01,"curve":0.314,"c2":0.27,"c3":0.657,"c4":0.64},{"time":0.4,"angle":3.51,"curve":0.336,"c2":0.34,"c3":0.671,"c4":0.68},{"time":0.4333,"angle":18.09,"curve":0.343,"c2":0.37,"c3":0.679,"c4":0.71},{"time":0.4667,"angle":-12.41,"curve":0.379,"c2":0.6,"c3":0.724},{"time":0.5333,"angle":-51.85}],"translate":[{"time":0.2667,"curve":0.244,"c3":0.641,"c4":0.57},{"time":0.4333,"x":1.5,"y":-1.11,"curve":0.382,"c2":0.56,"c3":0.74},{"time":0.5333}]},"youtui":{"rotate":[{"angle":33.14,"curve":0.276,"c3":0.621,"c4":0.4},{"time":0.0667,"angle":15.81,"curve":0.314,"c2":0.27,"c3":0.657,"c4":0.64},{"time":0.1333,"angle":18.98,"curve":0.343,"c2":0.36,"c3":0.686,"c4":0.73},{"time":0.2,"angle":-44.67,"curve":0.379,"c2":0.6,"c3":0.724},{"time":0.2667,"angle":-48.52,"curve":0.276,"c3":0.621,"c4":0.4},{"time":0.3333,"angle":-51.25,"curve":0.314,"c2":0.27,"c3":0.657,"c4":0.64},{"time":0.4,"angle":-16.15,"curve":0.343,"c2":0.36,"c3":0.686,"c4":0.73},{"time":0.4667,"angle":49.22,"curve":0.379,"c2":0.6,"c3":0.724},{"time":0.5333,"angle":33.14}],"translate":[{"curve":0.276,"c3":0.621,"c4":0.4},{"time":0.0667,"x":-1.01,"y":-2.36,"curve":0.314,"c2":0.27,"c3":0.657,"c4":0.64},{"time":0.1333,"x":-6.9,"y":-1.17,"curve":0.375,"c2":0.5,"c3":0.75},{"time":0.2667,"x":-14.16,"y":0.73,"curve":0.25,"c3":0.75},{"time":0.5333}]},"youjiao":{"rotate":[{"curve":0.276,"c3":0.621,"c4":0.4},{"time":0.0667,"angle":3.66,"curve":0.314,"c2":0.27,"c3":0.657,"c4":0.64},{"time":0.1333,"angle":-44.14,"curve":0.343,"c2":0.36,"c3":0.686,"c4":0.73},{"time":0.2,"angle":2.49,"curve":0.379,"c2":0.6,"c3":0.724},{"time":0.2667,"angle":-39.41,"curve":0.276,"c3":0.621,"c4":0.4},{"time":0.3333,"angle":-71.21,"curve":0.314,"c2":0.27,"c3":0.657,"c4":0.64},{"time":0.4,"angle":-90.11,"curve":0.343,"c2":0.36,"c3":0.686,"c4":0.73},{"time":0.4667,"angle":-87.36,"curve":0.379,"c2":0.6,"c3":0.724},{"time":0.5333}],"translate":[{"curve":0.276,"c3":0.621,"c4":0.4},{"time":0.0667,"x":0.24,"y":0.26,"curve":0.314,"c2":0.27,"c3":0.657,"c4":0.64},{"time":0.1333,"x":-1.6,"y":0.95,"curve":0.375,"c2":0.5,"c3":0.75},{"time":0.2667}]},"youjiao2":{"rotate":[{"curve":0.276,"c3":0.621,"c4":0.4},{"time":0.0667,"angle":-17.14,"curve":0.321,"c2":0.29,"c3":0.657,"c4":0.63},{"time":0.1,"angle":1.5,"curve":0.329,"c2":0.32,"c3":0.664,"c4":0.66},{"time":0.1333,"angle":32.47,"curve":0.336,"c2":0.34,"c3":0.671,"c4":0.68},{"time":0.1667,"angle":44.06,"curve":0.343,"c2":0.37,"c3":0.679,"c4":0.71},{"time":0.2,"angle":-35.81,"curve":0.379,"c2":0.6,"c3":0.724},{"time":0.2667,"angle":-12.04,"curve":0.276,"c3":0.621,"c4":0.4},{"time":0.3333,"angle":-9.24,"curve":0.314,"c2":0.27,"c3":0.657,"c4":0.64},{"time":0.4,"angle":-10.91,"curve":0.343,"c2":0.36,"c3":0.686,"c4":0.73},{"time":0.4667,"angle":-7.21,"curve":0.379,"c2":0.6,"c3":0.724},{"time":0.5333}],"translate":[{"curve":0.276,"c3":0.621,"c4":0.4},{"time":0.0667,"x":1.92,"y":-0.41,"curve":0.321,"c2":0.29,"c3":0.657,"c4":0.63},{"time":0.1,"x":0.32,"y":-0.27,"curve":0.329,"c2":0.32,"c3":0.664,"c4":0.66},{"time":0.1333,"x":1.13,"y":0.44,"curve":0.375,"c2":0.5,"c3":0.75},{"time":0.2667}]},"youshoubi":{"rotate":[{"angle":-349.55,"curve":0.25,"c3":0.75},{"time":0.2667,"angle":-7.25,"curve":0.25,"c3":0.75},{"time":0.5333,"angle":-349.55}],"translate":[{"x":-0.14,"y":0.01}]},"youshou":{"rotate":[{"angle":41.59,"curve":0.25,"c3":0.75},{"time":0.2667,"angle":48.09,"curve":0.25,"c3":0.75},{"time":0.5333,"angle":41.59}]},"youshouzhang":{"rotate":[{"angle":-38.22}]},"weapons3":{"translate":[{"x":-85.32,"y":22.86}]},"zuoshoubi":{"rotate":[{"angle":29,"curve":0.25,"c3":0.75},{"time":0.2667,"angle":10.09,"curve":0.25,"c3":0.75},{"time":0.5333,"angle":29}]},"zuoshou":{"rotate":[{"angle":19.35,"curve":0.25,"c3":0.75},{"time":0.2667,"angle":26.95,"curve":0.25,"c3":0.75},{"time":0.5333,"angle":19.35}]},"zuoshouzhi":{"rotate":[{"angle":-61.08}]},"tou":{"rotate":[{"angle":15.85,"curve":0.25,"c3":0.75},{"time":0.1333,"angle":19.85,"curve":0.25,"c3":0.75},{"time":0.2667,"angle":14.24,"curve":0.25,"c3":0.75},{"time":0.4,"angle":12.05,"curve":0.25,"c3":0.75},{"time":0.5333,"angle":15.85}]},"beibao":{"translate":[{"x":-0.39,"curve":0.25,"c3":0.75},{"time":0.1667,"x":-1.83,"y":0.64,"curve":0.25,"c3":0.75},{"time":0.2667,"x":-0.39,"curve":0.25,"c3":0.75},{"time":0.4333,"x":-1.94,"curve":0.25,"c3":0.75},{"time":0.5333,"x":-0.39}]}}}}}