{"skeleton":{"hash":"/hD0Oy/FTuED1ew19P6pcFnaInk","spine":"3.8.86","x":-107.99,"y":-63.81,"width":236,"height":216,"images":"./images/","audio":"I:/A_1/2D射击项目/动画/youjunqibing/images"},"bones":[{"name":"root","y":-62.12},{"name":"bone","parent":"root","x":-0.19,"y":57.37},{"name":"bone2","parent":"bone","x":-0.17,"y":24.12},{"name":"bone3","parent":"bone","x":-13.2,"y":68.66},{"name":"mashenti","parent":"bone2","length":24.57,"rotation":0.74,"x":-44.66,"y":17.18},{"name":"mashenti2","parent":"mashenti","length":33.5,"rotation":-0.2,"x":24.57},{"name":"mashenti3","parent":"mashenti2","length":34.47,"rotation":10.66,"x":33.5},{"name":"mashenti4","parent":"mashenti3","length":24.43,"rotation":29.56,"x":34.47},{"name":"mashenti5","parent":"mashenti4","length":21.73,"rotation":9,"x":24.43},{"name":"mashenti6","parent":"mashenti5","length":28.67,"rotation":-84.34,"x":27.95,"y":-6.86},{"name":"mawei","parent":"mashenti","x":-9.24,"y":17.81},{"name":"mawei2","parent":"mawei","length":20.91,"rotation":-158.06,"x":-7.76,"y":0.96},{"name":"mawei3","parent":"mawei2","length":19.84,"rotation":39.64,"x":20.91},{"name":"mawei4","parent":"mawei3","length":21.32,"rotation":11.2,"x":19.84},{"name":"mawei5","parent":"mawei4","length":20.61,"rotation":9.25,"x":21.32},{"name":"mawei6","parent":"mawei5","length":16.73,"rotation":10.19,"x":20.61},{"name":"mahoutui1","parent":"bone2","length":32.37,"rotation":-99.2,"x":-52.95,"y":7.93},{"name":"mahoutui2","parent":"mahoutui1","length":21.53,"rotation":-39.61,"x":32.37},{"name":"mahoutui3","parent":"mahoutui2","length":30.41,"rotation":59.04,"x":22.75,"y":0.72},{"name":"mahoutui4","parent":"mahoutui3","length":11.03,"rotation":-11.4,"x":30.41},{"name":"mahoutui5","parent":"bone2","length":27.5,"rotation":-107.78,"x":-23.61,"y":1.29},{"name":"mahoutui6","parent":"mahoutui5","length":21.73,"rotation":-31.83,"x":27.5},{"name":"mahoutui7","parent":"mahoutui6","length":28.24,"rotation":61.22,"x":21.73},{"name":"mahoutui8","parent":"mahoutui7","length":14.09,"rotation":-9.6,"x":28.24},{"name":"mashenti7","parent":"bone2","length":40.24,"rotation":-95.13,"x":37.18,"y":4.85},{"name":"mashenti8","parent":"mashenti7","length":35.52,"rotation":4.36,"x":40,"y":-0.02},{"name":"mashenti9","parent":"mashenti8","length":11.54,"rotation":4.35,"x":35.52},{"name":"maqiantui2","parent":"bone2","length":36.51,"rotation":-92.26,"x":54.94,"y":4.61},{"name":"maqiantui3","parent":"maqiantui2","length":37.98,"rotation":-1,"x":36.51},{"name":"maqiantui4","parent":"maqiantui3","length":11.06,"rotation":6.99,"x":37.98},{"name":"shenti","parent":"bone3","length":37,"rotation":82.04,"x":1.2,"y":5.85},{"name":"tou","parent":"shenti","length":35.69,"rotation":-0.93,"x":38.95,"y":-1.52},{"name":"youshou","parent":"shenti","length":23.15,"rotation":-166.67,"x":28.48,"y":9.35},{"name":"youshou2","parent":"youshou","length":19.21,"rotation":57.8,"x":23.15},{"name":"youshou3","parent":"youshou2","length":8.38,"rotation":3.28,"x":19.21},{"name":"weapons1","parent":"youshou3","x":3.94,"y":2.79},{"name":"root_weapons1","parent":"weapons1","rotation":53.67,"x":50.69,"y":84.48},{"name":"zuoshouzhang","parent":"shenti","length":19.6,"rotation":-139.69,"x":27.87,"y":-6.88},{"name":"zuoshouzhang2","parent":"zuoshouzhang","length":18.34,"rotation":71.58,"x":19.6},{"name":"zuoshouzhi","parent":"zuoshouzhang2","length":9,"rotation":6.73,"x":18.64,"y":0.07},{"name":"zuotui","parent":"bone3","length":15.29,"rotation":-48.65,"x":2.63,"y":2.22},{"name":"zuotui2","parent":"zuotui","length":13.64,"rotation":-64.46,"x":15.29},{"name":"zuotui3","parent":"zuotui2","length":7.25,"rotation":15.84,"x":13.64},{"name":"youtui","parent":"bone3","length":18.18,"rotation":-38.51,"x":11.35,"y":8.04},{"name":"youtui2","parent":"youtui","length":12.76,"rotation":-57,"x":18.28,"y":-0.12},{"name":"youtui3","parent":"youtui2","length":6.93,"rotation":-0.83,"x":12.76}],"slots":[{"name":"youtui","bone":"youtui","attachment":"youtui"},{"name":"mawei","bone":"mawei","attachment":"mawei"},{"name":"mahoutui2","bone":"mahoutui5","attachment":"mahoutui2"},{"name":"maqiantui2","bone":"maqiantui2","attachment":"maqiantui2"},{"name":"mashenti","bone":"mashenti","attachment":"mashenti"},{"name":"mahoutui1","bone":"mahoutui1","attachment":"mahoutui1"},{"name":"maqiantui1","bone":"mashenti7","attachment":"maqiantui1"},{"name":"tou","bone":"tou","attachment":"tou"},{"name":"zuoshouzhang","bone":"zuoshouzhang","attachment":"zuoshouzhang"},{"name":"zuotui","bone":"zuotui","attachment":"zuotui"},{"name":"shenti","bone":"shenti","attachment":"shenti"},{"name":"weapons1","bone":"weapons1","attachment":"weapons1"},{"name":"youshou","bone":"youshou","attachment":"youshou"},{"name":"zuoshouzhi","bone":"zuoshouzhi","attachment":"zuoshouzhi"}],"skins":[{"name":"default","attachments":{"mahoutui1":{"mahoutui1":{"type":"mesh","uvs":[0.64552,0,0.32901,0,0.20469,0.12715,0.20469,0.17687,0.20469,0.29823,0.20788,0.39003,0.1787,0.40917,0,0.52634,0,0.58656,0,0.86365,0,0.8902,0,1,0.69264,1,0.60017,0.86489,0.58726,0.84603,0.43364,0.62158,0.4907,0.60511,0.68261,0.54972,0.74573,0.5315,0.85587,0.49971,0.9563,0.47072,1,0.45811,1,0.23318,1,0,0.65111,0.12096,0.84798,0.25869,0.59798,0.1796,0.75423,0.30505,0.82469,0.07838,0.49047,0.46736,0.4346,0.4931,0.14576,0.61196,0.16693,0.5854,0.26483,0.8775,0.27012,0.89944],"triangles":[11,34,12,34,13,12,11,10,34,10,33,34,13,33,14,13,34,33,10,9,33,9,31,33,33,15,14,33,31,15,9,8,31,31,8,32,31,32,15,15,32,16,32,30,16,16,30,17,8,7,32,30,32,6,30,29,17,17,29,18,32,7,6,6,5,30,30,5,29,18,29,19,20,19,27,25,21,20,27,19,29,27,29,4,20,27,25,25,22,21,29,5,4,4,26,27,27,26,25,4,3,26,25,26,24,24,26,2,26,3,2,24,2,1,28,22,25,25,24,28,28,23,22,24,1,0,24,0,28,28,0,23],"vertices":[2,4,-5.85,9.72,0.80027,16,-19.02,-0.75,0.19973,2,4,-21.05,9.91,0.30872,16,-16.59,-15.75,0.69128,2,4,-27.19,-3.99,0.05383,16,-1.83,-19.4,0.94617,3,4,-27.27,-9.46,0.01248,16,3.57,-18.53,0.98627,17,-10.37,-32.63,0.00125,2,16,16.75,-16.39,0.91035,17,-1.58,-22.59,0.08965,2,16,26.69,-14.63,0.49818,17,4.95,-14.89,0.50182,2,16,28.99,-15.67,0.32601,17,7.39,-14.22,0.67399,3,16,43.09,-22.08,6.5E-4,17,22.34,-10.17,0.96858,18,-9.56,-5.24,0.03078,2,17,26.7,-5.19,0.48171,18,-3.04,-6.42,0.51829,2,18,26.96,-11.83,0.69163,19,-1.04,-12.28,0.30837,2,18,29.83,-12.35,0.50019,19,1.88,-12.22,0.49981,2,18,41.72,-14.5,0.04771,19,13.95,-11.98,0.95229,2,18,47.62,18.22,0.04894,19,13.27,21.26,0.95106,2,18,32.21,16.49,0.46429,19,-1.49,16.52,0.53571,3,17,24.28,34.86,3.0E-5,18,30.06,16.25,0.57874,19,-3.56,15.86,0.42123,3,16,50.1,0.14,3.0E-5,17,13.57,11.42,0.6091,18,4.45,13.38,0.39087,3,16,47.87,2.56,0.00726,17,10.32,11.86,0.82382,18,3.15,16.4,0.16892,3,16,40.39,10.68,0.40079,17,-0.63,13.34,0.59537,18,-1.21,26.54,0.00384,4,4,-1.8,-48.8,7.0E-5,16,37.92,13.35,0.6184,17,-4.23,13.83,0.38142,18,-2.64,29.88,1.1E-4,3,4,3.53,-45.38,0.00329,16,33.63,18.01,0.87181,17,-10.51,14.68,0.1249,3,4,8.39,-42.25,0.0111,16,29.71,22.26,0.95731,17,-16.24,15.45,0.03159,3,4,10.5,-40.89,0.01403,16,28,24.1,0.96669,17,-18.73,15.79,0.01928,2,4,10.83,-16.15,0.38542,16,3.58,20.15,0.61458,2,4,11.16,9.5,0.99988,16,-21.74,16.05,1.2E-4,2,4,-5.76,-3.59,0.45858,16,-5.93,1.64,0.54142,2,4,3.49,-18.86,0.22114,16,7.52,13.39,0.77886,1,16,0.85,0.16,1,2,4,-1.07,-23.9,0.07062,16,13.27,9.77,0.92938,1,4,2.63,0.98,1,3,16,32.92,0.12,0.32685,17,0.35,0.45,0.67314,18,-11.76,19.08,1.0E-5,2,17,4.23,0.81,0.99922,18,-9.45,15.93,7.8E-4,1,18,0.96,-0.03,1,2,17,20.58,-0.01,0.99678,18,-1.74,1.49,0.00322,2,18,30.72,0.41,0.40018,19,0.22,0.46,0.59982,1,19,2.63,0.76,1],"hull":24,"edges":[2,4,8,10,22,24,4,48,48,50,40,42,50,40,4,6,6,8,6,52,52,54,38,40,54,38,2,0,0,46,0,56,42,44,44,46,56,44,10,58,36,38,58,36,10,12,12,14,12,60,34,36,60,34,14,16,16,62,62,30,14,64,30,32,32,34,64,32,16,18,18,66,28,30,66,28,24,26,26,28,26,68,18,20,20,22,68,20],"width":48,"height":110}},"mahoutui2":{"mahoutui2":{"type":"mesh","uvs":[0.58564,0,0.22817,0,0.18977,0.0713,0.14817,0.14852,0.14817,0.33706,0.14817,0.37417,0.14817,0.42316,0,0.48403,0,0.54935,0,0.82429,0,0.85991,0,1,0.67084,1,0.57693,0.83931,0.5589,0.80846,0.44917,0.6207,0.4335,0.59388,0.45484,0.54638,0.58496,0.49287,0.65239,0.46515,0.85255,0.38284,1,0.32222,1,0.18033,1,0,0.62283,0.15001,0.58817,0.23166,0.4575,0.41871,0.43617,0.45137,0.1455,0.56123,0.15084,0.59388,0.24684,0.85101,0.25217,0.8807],"triangles":[11,31,12,31,13,12,11,10,31,10,30,31,13,30,14,13,31,30,10,9,30,9,29,30,30,15,14,30,29,15,9,8,29,29,16,15,8,28,29,29,28,16,16,28,17,28,27,17,28,6,27,6,28,7,28,8,7,17,27,18,18,27,26,26,27,5,27,6,5,26,5,4,19,18,26,20,19,25,19,26,25,25,26,4,20,25,21,4,3,25,22,21,24,21,25,24,25,3,24,24,3,2,22,0,23,24,2,0,2,1,0,22,24,0],"vertices":[1,20,-13.41,-5.77,1,2,20,-7.52,-24.15,0.99974,21,-17.01,-38.99,2.6E-4,2,20,-0.3,-24.01,0.99131,21,-10.95,-35.06,0.00869,2,20,7.52,-23.87,0.95579,21,-4.39,-30.81,0.04421,2,20,24.93,-18.28,0.52903,21,7.46,-16.88,0.47097,2,20,28.36,-17.18,0.36091,21,9.8,-14.14,0.63909,2,20,32.89,-15.73,0.12924,21,12.88,-10.52,0.87076,3,20,40.95,-21.54,0.00163,21,22.8,-11.21,0.88017,22,-9.31,-6.33,0.1182,2,21,26.9,-6.38,0.50906,22,-3.1,-7.61,0.49094,2,22,23.02,-12.97,0.73681,23,-2.99,-13.66,0.26319,2,22,26.41,-13.67,0.52799,23,0.47,-13.78,0.47201,2,22,39.72,-16.4,0.03793,23,14.05,-14.26,0.96207,1,23,15.32,21.94,1,3,21,21.4,35.23,6.5E-4,22,30.71,17.25,0.32408,23,-0.44,17.42,0.67527,3,21,20.2,32.32,0.00406,22,27.59,16.9,0.48178,23,-3.46,16.55,0.51416,3,21,12.91,14.61,0.36092,22,8.56,14.76,0.63702,23,-21.87,11.27,0.00206,2,21,11.87,12.08,0.54616,22,5.84,14.45,0.45384,3,20,39.21,3.69,0.01786,21,8.01,9.31,0.8398,22,1.56,16.51,0.14234,3,20,32.12,8.8,0.46753,21,-0.71,9.91,0.52961,22,-2.12,24.44,0.00286,2,20,28.45,11.44,0.76704,21,-5.22,10.22,0.23296,2,20,17.55,19.3,0.99945,21,-18.63,11.15,5.5E-4,1,20,9.51,25.08,1,1,20,-3.59,20.88,1,1,20,-20.25,15.53,1,1,20,-0.17,0.59,1,1,20,7.94,1.22,1,2,20,27.37,0.04,0.55218,21,-0.13,-0.03,0.44782,2,21,2.8,1.64,0.99844,22,-7.68,17.38,0.00156,2,21,21.66,-0.41,0.6115,22,-0.39,-0.14,0.3885,1,22,2.77,-0.5,1,2,22,28.24,-0.44,0.49142,23,0.07,-0.43,0.50858,2,22,31.12,-0.73,0.00406,23,2.96,-0.24,0.99594],"hull":24,"edges":[12,14,22,24,32,34,2,4,4,6,4,48,6,50,40,42,50,40,48,42,6,8,8,52,38,40,52,38,8,10,10,12,10,54,34,36,36,38,54,36,14,56,56,32,14,16,16,58,30,32,58,30,16,18,18,60,28,30,60,28,18,20,20,22,20,62,24,26,26,28,62,26,2,0,0,46,42,44,44,46,0,44],"width":54,"height":97}},"maqiantui1":{"maqiantui1":{"type":"mesh","uvs":[0.40436,0,0,0.10608,0,0.22033,0,0.26053,0,0.42608,0.14976,0.56785,0.18533,0.60152,0.03414,0.75198,0.09388,0.86039,0.11042,0.89041,0.17081,1,0.91109,1,0.8203,0.87516,0.80175,0.84966,0.75164,0.78075,0.71178,0.60092,0.75961,0.56631,1,0.39233,1,0.29102,1,0.24251,1,0,0.49304,0.57791,0.48426,0.60424,0.57432,0.21275,0.5301,0.24195,0.44915,0.88559,0.46773,0.90245],"triangles":[23,0,20,1,0,23,2,1,23,26,25,13,12,26,13,9,25,26,10,9,26,26,12,11,10,26,11,7,6,22,7,25,8,22,15,14,14,7,22,14,25,7,25,14,13,9,8,25,24,2,23,23,20,19,3,2,24,24,23,19,18,24,19,24,18,17,4,3,24,4,24,17,17,21,4,21,5,4,17,16,21,15,21,16,6,5,21,22,6,21,22,21,15],"vertices":[1,6,19.47,9.19,1,1,6,3.1,0.31,1,3,24,1.01,-20.81,0.50964,25,-40.46,-17.76,0.00738,6,0.57,-12.46,0.48298,3,24,5.57,-20.4,0.68405,25,-35.88,-17.7,0.01772,6,-0.33,-16.96,0.29823,3,24,24.37,-18.71,0.80546,25,-17.01,-17.44,0.18361,6,-3.99,-35.47,0.01093,2,24,39.98,-11.89,0.59098,25,-0.92,-11.84,0.40902,2,24,43.69,-10.27,0.6187,25,2.9,-10.5,0.3813,3,24,61.26,-14.16,0.08078,25,20.12,-15.71,0.91915,26,-16.55,-14.5,7.0E-5,3,24,73.38,-10.91,0.00692,25,32.45,-13.4,0.79904,26,-4.08,-13.12,0.19404,3,24,76.74,-10.01,0.00192,25,35.87,-12.75,0.60928,26,-0.62,-12.74,0.3888,2,25,48.33,-10.41,0.03446,26,11.98,-11.35,0.96554,2,25,47.97,16.24,0.05334,26,13.64,15.24,0.94666,2,25,33.78,12.78,0.60238,26,-0.77,12.87,0.39762,2,25,30.89,12.07,0.78195,26,-3.71,12.39,0.21805,2,25,23.06,10.16,0.99338,26,-11.66,11.07,0.00662,2,24,41.93,8.6,0.56568,25,2.58,8.45,0.43432,2,24,37.85,9.96,0.9345,25,-1.39,10.11,0.0655,1,24,17.32,16.8,1,2,24,5.81,15.77,0.98034,6,34.31,-27.36,0.01966,2,24,0.31,15.28,0.89445,6,35.39,-21.94,0.10555,1,6,40.76,5.18,1,2,24,40.02,0.52,0.77153,25,0.06,0.54,0.22847,2,24,43.04,0.47,0.57026,25,3.07,0.26,0.42974,3,24,-1.62,-0.37,0.93919,25,-41.53,2.82,0,6,20.92,-15.69,0.06081,3,24,1.83,-1.64,0.98326,25,-38.19,1.28,1.6E-4,6,18.72,-18.64,0.01658,3,24,75.1,2.08,0,25,35.15,-0.57,0.66947,26,-0.41,-0.54,0.33053,1,26,1.55,0.01,1],"hull":21,"edges":[0,2,12,14,20,22,28,30,0,40,8,10,10,12,10,42,30,32,32,34,42,32,12,44,44,30,2,4,4,46,38,40,46,38,4,6,6,8,6,48,34,36,36,38,48,36,14,16,16,50,26,28,50,26,16,18,18,20,18,52,22,24,24,26,52,24],"width":36,"height":114}},"maqiantui2":{"maqiantui2":{"type":"mesh","uvs":[9.7E-4,0.25503,0.00109,0.22302,0.00143,0.13019,0.00192,0,0.62259,0,0.64892,0.10452,0.67135,0.19354,0.68077,0.23092,0.53669,0.49088,0.52845,0.54181,0.48241,0.82655,0.47688,0.86076,0.61021,0.91894,0.59355,1,0,1,0,0.87901,0,0.8444,0,0.54301,0,0.51349,0.33918,0.20061,0.33185,0.22941,0.31352,0.54301,0.29152,0.57021,0.23285,0.89021,0.23285,0.85661],"triangles":[2,3,4,14,15,23,12,23,11,13,23,12,14,23,13,22,17,21,22,21,9,10,22,9,16,17,22,24,16,22,10,24,22,11,24,10,15,16,24,23,24,11,15,24,23,2,4,5,19,2,5,19,5,6,1,2,19,20,1,19,19,6,7,20,19,7,0,1,20,8,20,7,8,21,20,20,18,0,9,21,8,21,18,20,17,18,21],"vertices":[2,27,5.45,-15.32,0.91526,6,22.02,-22.76,0.08474,2,27,1.93,-15.46,0.83271,6,22.71,-19.31,0.16729,2,27,-8.28,-15.84,0.3787,6,24.71,-9.3,0.6213,2,27,-22.59,-16.38,5.0E-4,6,27.52,4.75,0.9995,2,27,-23.76,13.38,0.44644,6,56.74,-1.04,0.55356,2,27,-12.32,15.1,0.67531,6,55.75,-12.57,0.32469,2,27,-2.58,16.56,0.92423,6,54.9,-22.38,0.07577,2,27,1.51,17.18,0.97157,6,54.54,-26.5,0.02843,2,27,30.36,11.39,0.90668,28,-6.35,11.28,0.09332,2,27,35.97,11.22,0.56388,28,-0.73,11.21,0.43612,2,28,30.66,10.78,0.81252,29,-5.95,11.59,0.18748,2,28,34.43,10.73,0.51691,29,-2.21,11.08,0.48309,2,28,40.46,17.49,0.07861,29,4.59,17.05,0.92139,1,29,13.43,15.68,1,2,28,51.03,-11.25,0.00277,29,11.58,-12.75,0.99723,2,28,37.74,-12.01,0.4973,29,-1.7,-11.89,0.5027,2,28,33.94,-12.22,0.73886,29,-5.5,-11.64,0.26114,2,27,37.1,-14.12,0.46694,28,0.84,-14.11,0.53306,2,27,33.86,-14.25,0.66637,28,-2.4,-14.29,0.33363,2,27,-1.17,0.66,0.98124,6,39.11,-20.05,0.01876,1,27,2,0.43,1,2,27,36.51,0.92,0.51261,28,-0.02,0.92,0.48739,2,27,39.54,-0.02,8.0E-5,28,3.03,0.03,0.99992,2,28,38.33,-0.78,0.35048,29,0.26,-0.82,0.64952,2,28,34.64,-0.99,0.99451,29,-3.43,-0.57,0.00549],"hull":19,"edges":[6,8,14,16,22,24,24,26,26,28,6,4,8,10,4,10,4,2,2,38,10,12,12,14,38,12,2,0,0,36,0,40,40,14,16,42,42,36,32,34,34,36,34,44,16,18,44,18,22,46,28,30,30,32,46,30,32,48,18,20,20,22,48,20],"width":48,"height":110}},"mashenti":{"mashenti":{"type":"mesh","uvs":[0,0.6023,0.07633,0.39188,0.16833,0.30421,0.24205,0.33119,0.26416,0.33928,0.4175,0.32926,0.4417,0.30762,0.49033,0.26413,0.50765,0.24304,0.58652,0.14697,0.60033,0.13015,0.70627,0.00111,0.77168,6.1E-4,0.80618,3.4E-4,0.85066,0,1,0.30672,1,0.59478,0.93755,0.6048,0.80918,0.4736,0.78805,0.452,0.76425,0.51032,0.7495,0.54648,0.69605,0.67745,0.67831,0.79046,0.66539,0.87283,0.52483,1,0.46003,1,0.43465,1,0.27628,1,0.25294,1,0.15655,1,0,1,0.24278,0.64256,0.26207,0.65251,0.41536,0.64853,0.43363,0.64853,0.59504,0.55898,0.61331,0.53908,0.68234,0.42166,0.69757,0.40574,0.726,0.13509,0.75239,0.31817,0.77675,0.19678,0.78792,0.32415,0.15031,0.65097],"triangles":[42,12,13,14,43,42,43,18,19,13,14,42,18,43,15,14,15,43,17,18,15,16,17,15,40,11,12,10,11,40,40,12,42,41,40,42,41,42,43,39,10,40,39,40,41,38,10,39,9,10,38,41,43,19,19,39,41,20,39,19,38,8,9,21,39,20,38,39,21,37,8,38,36,8,37,7,8,36,6,7,36,22,38,21,37,38,22,37,23,36,22,23,37,24,36,23,35,5,6,35,6,36,34,5,35,35,26,27,36,25,35,27,34,35,35,25,26,36,24,25,34,4,5,33,32,4,34,33,4,33,29,32,28,33,34,29,33,28,27,28,34,32,3,4,44,1,2,44,2,3,44,3,32,0,1,44,31,0,44,30,44,32,31,44,30,29,30,32],"vertices":[1,4,-24.9,5.13,1,2,4,-9.51,26.19,0.98009,5,-34.17,26.07,0.01991,3,4,8.82,34.8,0.82026,5,-15.87,34.75,0.17936,6,-42.09,43.28,3.8E-4,4,4,23.38,31.89,0.52532,5,-1.3,31.89,0.45368,6,-28.3,37.77,0.02088,7,-35.97,63.82,1.2E-4,4,4,27.74,31.02,0.39084,5,3.07,31.03,0.56607,6,-24.16,36.12,0.04231,7,-33.18,60.34,7.8E-4,5,4,58.11,31.63,0.00226,5,33.44,31.75,0.34752,6,5.82,31.21,0.52166,7,-9.53,41.28,0.10059,8,-27.08,46.09,0.02797,5,4,62.93,33.76,2.0E-5,5,38.25,33.89,0.21151,6,10.94,32.42,0.56844,7,-4.47,39.81,0.1638,8,-22.32,43.84,0.05622,4,5,47.92,38.19,0.06421,6,21.24,34.86,0.4769,7,5.69,36.85,0.30085,8,-12.74,39.33,0.15804,4,5,51.37,40.29,0.03572,6,25.02,36.29,0.40253,7,9.68,36.23,0.34102,8,-8.9,38.09,0.22073,4,5,67.08,49.84,3.8E-4,6,42.22,42.77,0.11251,7,27.84,33.38,0.26784,8,8.59,32.43,0.61927,4,5,69.83,51.51,3.0E-5,6,45.24,43.9,0.08306,7,31.02,32.88,0.22499,8,11.66,31.44,0.69192,4,6,68.35,52.61,0.00177,7,55.42,29.05,0.01376,8,35.15,23.85,0.83669,9,-29.84,10.2,0.14778,3,7,65.26,20.64,1.0E-4,8,43.56,13.99,0.53495,9,-19.21,17.59,0.46494,2,8,47.99,8.8,0.31968,9,-13.6,21.49,0.68032,2,8,53.71,2.1,0.14972,9,-6.37,26.52,0.85028,1,9,35.56,17.79,1,1,9,52.07,-6.17,1,1,9,42.46,-14.02,1,3,7,39.69,-20.4,0.01143,8,11.89,-22.53,0.24616,9,14.02,-17.53,0.74241,3,7,37.95,-16.01,0.06358,8,10.85,-17.93,0.46032,9,9.33,-18.11,0.47609,3,7,30.53,-17.4,0.33856,8,3.31,-18.14,0.50857,9,8.79,-25.63,0.15287,3,7,25.94,-18.25,0.5524,8,-1.37,-18.27,0.37645,9,8.46,-30.3,0.07115,4,6,53.09,-14,0.15915,7,9.28,-21.36,0.82597,8,-18.3,-18.73,0.01458,9,7.25,-47.19,3.0E-4,3,5,84.64,-15.32,2.4E-4,6,47.42,-24.52,0.48698,7,-0.83,-27.72,0.51278,3,5,82,-23.62,0.00386,6,43.29,-32.18,0.62456,7,-8.2,-32.35,0.37158,3,5,54.05,-36.19,0.18872,6,13.5,-39.37,0.78444,7,-37.66,-23.9,0.02684,4,4,65.65,-36.22,0.00196,5,41.21,-36.07,0.39085,6,0.91,-36.88,0.60534,7,-47.38,-15.52,0.00185,4,4,60.63,-36.15,0.00781,5,36.19,-36.02,0.49494,6,-4.02,-35.9,0.49719,7,-51.19,-12.24,6.0E-5,3,4,29.28,-35.74,0.35494,5,4.84,-35.73,0.61913,6,-34.78,-29.81,0.02594,3,4,24.65,-35.68,0.4635,5,0.21,-35.68,0.52553,6,-39.31,-28.91,0.01096,2,4,5.57,-35.43,0.84885,5,-18.87,-35.5,0.15115,1,4,-25.42,-35.03,1,2,4,23.11,0.44,0.81531,5,-1.45,0.44,0.18469,2,4,26.92,-0.61,0.01836,5,2.36,-0.6,0.98164,2,5,32.71,-0.49,0.67414,6,-0.86,-0.34,0.32586,1,6,2.68,-1.04,1,3,6,35.79,1.62,0.07657,7,1.95,0.76,0.923,8,-22.08,4.27,4.2E-4,2,6,39.73,2.89,2.0E-4,7,6,-0.08,0.9998,4,6,55.44,11.87,3.0E-5,7,24.1,-0.02,0.56891,8,-0.33,0.03,0.431,9,-9.64,-27.46,6.0E-5,2,8,2.84,-1.23,0.99529,9,-8.07,-24.43,0.00471,4,6,69.55,38.58,0.00186,7,49.54,16.26,0.01225,8,27.35,12.13,0.86332,9,-18.95,1.27,0.12257,2,8,16.61,-3.81,0.86085,9,-4.15,-10.99,0.13915,2,8,29.08,0.43,0.50504,9,-7.14,1.85,0.49496,2,8,20.69,-9.57,0.39764,9,1.98,-7.49,0.60236,2,4,4.79,-0.17,0.99993,5,-19.77,-0.24,7.0E-5],"hull":32,"edges":[0,2,2,4,8,10,28,30,30,32,32,34,48,50,0,62,4,6,6,8,6,64,64,58,8,66,56,58,66,56,10,68,54,56,68,54,10,12,12,14,12,70,50,52,52,54,70,52,14,72,72,48,14,16,16,74,44,46,46,48,74,46,16,18,18,76,42,44,76,42,18,20,20,22,20,78,38,40,40,42,78,40,22,24,24,80,80,82,82,38,24,26,26,28,26,84,84,86,34,36,36,38,86,36,0,88,58,60,60,62,88,60,4,88],"width":198,"height":101}},"mawei":{"mawei":{"type":"mesh","uvs":[1,0.09911,0.87774,0.11192,0.79688,0.12039,0.5811,0.23741,0.48987,0.42464,0.46634,0.61037,0.31672,0.79007,0.24479,1,0,1,0,0.76564,0,0.54407,0,0.41845,0.15848,0.28237,0.31097,0.10092,0.59006,0,0.80408,0,1,0],"triangles":[6,9,10,7,8,9,6,7,9,5,6,10,4,12,3,11,12,4,10,11,4,5,10,4,3,13,14,12,13,3,1,15,16,0,1,16,2,14,15,2,15,1,3,14,2],"vertices":[2,11,-8.39,9.17,0.0021,10,3.44,-4.41,0.9979,2,11,-1.49,7.6,0.46272,10,-3.54,-5.52,0.53728,3,11,3.07,6.55,0.87586,10,-8.16,-6.26,0.12291,12,-9.56,16.43,0.00123,3,11,18.66,11.96,0.37313,12,5.89,10.65,0.60831,13,-11.61,13.16,0.01856,4,11,30.24,26.2,1.6E-4,12,23.89,14.22,0.14185,13,6.74,13.16,0.84015,14,-12.28,15.34,0.01784,3,13,23.86,16.83,0.3794,14,5.21,16.2,0.60334,15,-12.29,18.67,0.01725,3,13,42.48,13.44,0.00115,14,23.04,9.87,0.25953,15,4.14,9.28,0.73933,1,15,23.63,4.17,1,1,15,22.91,-9.77,1,2,14,23.03,-8.33,0.34262,15,0.91,-8.63,0.65738,2,13,25.43,-10.43,0.32398,14,2.37,-10.95,0.67602,2,13,14.1,-13.78,0.9611,14,-9.34,-12.44,0.0389,2,12,20.83,-8.72,0.376,13,-0.73,-8.74,0.624,2,11,27.92,-5.81,0.05654,12,1.68,-8.94,0.94346,1,11,9.58,-8.43,1,2,11,-1.68,-3.73,0.92951,10,-7.6,5.05,0.07049,2,11,-11.98,0.58,9.1E-4,10,3.56,4.9,0.99909],"hull":17,"edges":[4,6,6,8,8,10,10,12,12,14,14,16,16,18,18,20,20,22,22,24,24,26,26,28,0,32,28,30,30,32,0,2,2,4,30,2],"width":57,"height":94}},"shenti":{"shenti":{"x":19.96,"y":-2.46,"rotation":-82.04,"width":42,"height":54}},"tou":{"tou":{"x":17.54,"y":-8.2,"rotation":-81.11,"width":53,"height":56}},"weapons1":{"weapons1":{"x":19.86,"y":25.74,"rotation":23.55,"width":106,"height":90}},"youshou":{"youshou":{"type":"mesh","uvs":[0,0.36057,0,0,0.44767,0,0.4527,0.34205,0.45528,0.51712,0.49254,0.54263,0.65829,0.65609,0.72436,0.70131,1,0.71052,1,1,0.66851,1,0.59743,1,0.2319,0.92693,0.07236,0.81461,0.03897,0.7911,0,0.54475,0.26236,0.63684,0.28774,0.68519,0.69897,0.85326,0.6609,0.82563],"triangles":[10,18,9,9,18,8,18,7,8,10,11,18,11,12,19,19,12,17,11,19,18,6,17,5,17,6,19,12,13,17,18,19,7,19,6,7,17,13,16,13,14,16,17,4,5,17,16,4,14,15,16,3,4,16,16,15,0,16,0,3,3,1,2,3,0,1],"vertices":[1,32,9.83,-8.43,1,1,32,-5.61,-6.98,1,1,32,-3.97,10.4,1,2,32,10.69,9.22,0.96704,33,1.16,15.46,0.03296,2,32,18.19,8.61,0.54548,33,4.65,8.79,0.45452,3,32,19.42,9.96,0.33036,33,6.44,8.46,0.66948,34,-12.26,9.18,1.6E-4,3,32,24.88,15.94,0.01086,33,14.41,7.03,0.83756,34,-4.39,7.29,0.15158,3,32,27.06,18.32,2.1E-4,33,17.59,6.45,0.49486,34,-1.25,6.54,0.50493,2,33,27.36,10.95,0,34,8.76,10.47,1,1,34,13.74,-0.94,1,2,33,21.44,-5.99,0.23713,34,1.89,-6.11,0.76287,2,33,18.96,-7.24,0.54601,34,-0.66,-7.22,0.45399,2,32,34.92,-1.71,0.00122,33,4.83,-10.87,0.99878,2,32,29.53,-7.45,0.26534,33,-2.91,-9.37,0.73466,2,32,28.4,-8.65,0.34943,33,-4.53,-9.06,0.65057,2,32,17.71,-9.18,0.98956,33,-10.66,-0.29,0.01044,2,32,22.61,0.64,0.60783,33,0.26,0.8,0.39217,1,33,2.08,-0.61,1,2,33,19.65,0.18,0.15557,34,0.45,0.15,0.84443,1,33,17.79,0.57,1],"hull":16,"edges":[2,4,14,16,16,18,22,24,28,30,8,32,32,28,8,10,10,34,24,26,26,28,34,26,2,0,0,30,4,6,6,8,0,6,14,36,18,20,20,22,36,20,10,12,12,14,12,38,38,22],"width":39,"height":43}},"youtui":{"youtui":{"type":"mesh","uvs":[0,0.4474,0.19925,0.61014,0.26994,0.66787,0.26806,0.76503,0.26729,0.80429,0.26349,1,1,1,1,0.80426,0.92305,0.74451,0.89173,0.72019,0.94336,0.28485,0.85496,0.23374,0.45067,0,0,0,0.61419,0.43432,0.61849,0.4829,0.569,0.78184,0.56685,0.82295],"triangles":[5,17,6,17,8,6,8,7,6,5,4,17,17,9,8,17,16,9,17,4,16,4,3,16,3,2,16,16,15,9,16,2,15,9,15,10,2,1,15,1,14,15,1,0,14,10,14,11,10,15,14,0,12,14,0,13,12,14,12,11],"vertices":[2,43,2.67,-12.9,0.80986,44,2.21,-20.06,0.19014,3,43,11.66,-13.65,0.42101,44,7.74,-12.92,0.55264,45,-4.83,-12.99,0.02635,3,43,14.85,-13.91,0.1938,44,9.7,-10.39,0.67947,45,-2.91,-10.43,0.12673,3,43,17.1,-16.84,0.04572,44,13.38,-10.09,0.55471,45,0.77,-10.08,0.39956,3,43,18.01,-18.02,0.02291,44,14.87,-9.97,0.46139,45,2.25,-9.94,0.51571,2,44,22.28,-9.39,0.15774,45,9.66,-9.25,0.84226,2,44,19.95,14.81,0.0118,45,6.98,14.91,0.9882,3,43,36.93,-2.97,0.00135,44,12.55,14.09,0.14285,45,-0.42,14.09,0.85579,3,43,33.53,-2.77,0.01441,44,10.53,11.35,0.28924,45,-2.39,11.31,0.69635,3,43,32.15,-2.69,0.03583,44,9.71,10.23,0.41872,45,-3.2,10.18,0.54546,2,43,23.18,11.32,0.90987,44,-6.92,10.34,0.09013,2,43,19.69,11.02,0.96184,44,-8.57,7.25,0.03816,1,43,3.72,9.66,1,1,43,-7.92,0.4,1,2,43,18.22,0.11,1,45,-12.98,-0.12,0,3,43,19.48,-1.25,0.02729,44,1.6,0.39,0.97248,45,-11.16,0.23,2.3E-4,3,43,25.27,-11.15,6.0E-5,44,13.06,-0.15,0.19405,45,0.31,-0.14,0.80589,3,43,26.19,-12.42,0,44,14.62,-0.07,0.00357,45,1.87,-0.04,0.99643],"hull":14,"edges":[10,12,12,14,18,20,24,26,0,26,0,2,2,4,2,28,20,22,22,24,28,22,20,30,30,4,4,6,6,32,32,18,14,16,16,18,16,34,6,8,8,10,34,8],"width":33,"height":38}},"zuoshouzhang":{"zuoshouzhang":{"type":"mesh","uvs":[0,0.57404,0.23218,1,0.28573,1,0.35482,1,0.50854,1,0.83174,0.81613,1,0.72041,1,0.17715,0.72592,0.27371,0.50061,0.3531,0.45673,0.36856,0.33064,0,0,0,0.32718,0.67256,0.38073,0.71759,0.18727,0.3376,0.76764,0.56559],"triangles":[16,7,6,16,8,7,3,14,4,4,14,16,4,16,5,16,9,8,9,16,14,3,2,14,5,16,6,14,10,9,14,13,10,14,2,13,2,1,13,1,0,13,0,15,13,13,15,10,0,12,15,10,15,11,15,12,11],"vertices":[1,37,7.82,-11.42,1,2,37,23.01,-8.95,0.89365,38,-7.41,-6.06,0.10635,2,37,24.27,-6.96,0.78587,38,-5.13,-6.62,0.21413,2,37,25.89,-4.39,0.50368,38,-2.18,-7.36,0.49632,2,37,29.51,1.33,0.03186,38,4.39,-8.98,0.96814,2,38,19.39,-7.59,0.856,39,-0.16,-7.69,0.144,2,38,27.19,-6.86,0.25885,39,7.68,-7.88,0.74115,1,39,12.86,5.84,1,3,37,18.06,19.9,3.4E-4,38,18.39,7.75,0.18827,39,0.65,7.66,0.81139,3,37,14.57,10.38,0.24145,38,8.26,8.05,0.70022,39,-9.38,9.15,0.05833,3,37,13.89,8.52,0.48479,38,6.28,8.11,0.49837,39,-11.33,9.44,0.01684,2,37,2.51,9.16,0.99408,38,3.29,19.11,0.00592,1,37,-5.27,-3.13,1,1,37,17.77,-0.69,1,1,38,0.77,-0.23,1,1,37,6.84,-1.05,1,2,38,18.28,-0.34,0.91386,39,-0.41,-0.37,0.08614],"hull":13,"edges":[0,2,12,14,20,22,22,24,0,24,20,26,2,4,26,4,18,20,18,28,4,6,6,8,28,6,22,30,30,0,14,16,16,18,16,32,8,10,10,12,32,10],"width":44,"height":27}},"zuoshouzhi":{"zuoshouzhi":{"x":6.1,"y":0.67,"rotation":-20.66,"width":9,"height":14}},"zuotui":{"zuotui":{"type":"mesh","uvs":[0,0.32955,0.28941,0.52283,0.33029,0.55013,0.24437,0.69304,0.21605,0.74014,0.13182,0.88022,0.71811,1,1,1,1,0.77389,0.89162,0.71124,0.85726,0.69137,1,0.4692,1,0.39778,1,0.33431,0.69073,0,0,0,0.68617,0.46444,0.69986,0.49776,0.52876,0.75009,0.51736,0.78024],"triangles":[6,8,7,6,5,19,5,4,19,6,9,8,6,19,9,19,10,9,19,18,10,4,3,19,19,3,18,3,2,18,18,17,10,18,2,17,10,17,11,2,16,17,2,1,16,1,0,16,11,17,12,17,16,12,12,16,13,13,16,14,16,0,14,0,15,14],"vertices":[2,40,-4.25,-12.55,0.9742,41,2.9,-23.03,0.0258,3,40,8.54,-11.47,0.5704,41,7.44,-11.03,0.41657,42,-8.97,-8.92,0.01303,3,40,10.35,-11.32,0.37806,41,8.08,-9.33,0.57419,42,-7.89,-7.46,0.04775,3,40,13.47,-17.72,0.02927,41,15.21,-9.28,0.40897,42,-1.03,-9.35,0.56176,3,40,14.5,-19.83,0.0086,41,17.56,-9.26,0.24158,42,1.24,-9.98,0.74982,2,41,24.54,-9.21,0.02462,42,7.97,-11.84,0.97538,2,41,22.24,10.21,0.02895,42,11.06,7.47,0.97105,2,41,18.7,18.5,0.09155,42,9.92,16.42,0.90845,2,41,9.14,14.42,0.30591,42,-0.4,15.1,0.69409,3,40,27.78,-2.73,0.00249,41,7.85,10.1,0.50683,42,-2.82,11.3,0.49068,3,40,26.37,-2.95,0.01338,41,7.44,8.73,0.64617,42,-3.58,10.09,0.34045,3,40,21.71,7.23,0.6746,41,-3.75,8.92,0.32466,42,-14.3,13.33,7.4E-4,2,40,19.25,9.4,0.85417,41,-6.78,7.63,0.14583,2,40,17.06,11.33,0.94712,41,-9.46,6.48,0.05288,1,40,-1.03,14.06,1,1,40,-15.63,-2.53,1,2,40,14.91,-0.16,0.70568,41,-0.01,-0.4,0.29432,2,41,1.22,0.6,0.99952,42,-11.78,3.97,4.8E-4,3,40,21.45,-12.62,3.0E-5,41,14.05,0.12,0.15661,42,0.43,0.01,0.84336,2,40,22.25,-13.81,5.0E-5,42,1.85,-0.18,0.99995],"hull":16,"edges":[10,12,12,14,14,16,20,22,26,28,28,30,0,30,0,2,2,4,2,32,32,26,22,24,24,26,24,34,34,4,4,6,6,36,36,20,16,18,18,20,18,38,6,8,8,10,38,8],"width":32,"height":46}}}}],"animations":{"attact":{"bones":{"bone2":{"translate":[{"curve":0.25,"c3":0.75},{"time":0.5,"y":-3.48,"curve":0.25,"c3":0.75},{"time":1}]},"bone3":{"translate":[{"curve":0.248,"c3":0.628,"c4":0.52},{"time":0.2667,"x":-3.16,"y":-2.36,"curve":0.378,"c2":0.52,"c3":0.748},{"time":0.5,"y":-4.33,"curve":0.25,"c3":0.75},{"time":0.7667,"x":-3.16,"y":-2.36,"curve":0.378,"c2":0.52,"c3":0.748},{"time":1}]},"mashenti":{"rotate":[{"curve":0.25,"c3":0.75},{"time":0.5,"angle":2.02,"curve":0.25,"c3":0.75},{"time":1}]},"mashenti2":{"rotate":[{"curve":0.25,"c3":0.75},{"time":0.5,"angle":-2.52,"curve":0.25,"c3":0.75},{"time":1}]},"mashenti3":{"rotate":[{"angle":-0.25,"curve":0.375,"c2":0.62,"c3":0.716},{"time":0.1},{"time":0.6,"angle":-1.96,"curve":0.243,"c3":0.68,"c4":0.71},{"time":1,"angle":-0.25}]},"mashenti4":{"rotate":[{"curve":0.25,"c3":0.75},{"time":0.5,"angle":4.62,"curve":0.25,"c3":0.75},{"time":1}]},"mashenti5":{"rotate":[{"curve":0.25,"c3":0.75},{"time":0.5,"angle":2.42,"curve":0.25,"c3":0.75},{"time":1}]},"mashenti6":{"rotate":[{"angle":1.6,"curve":0.382,"c2":0.57,"c3":0.735},{"time":0.1667},{"time":0.6667,"angle":5.65,"curve":0.243,"c3":0.649,"c4":0.6},{"time":1,"angle":1.6}]},"mawei2":{"rotate":[{"angle":12.66,"curve":0.25,"c3":0.75},{"time":0.5,"curve":0.25,"c3":0.75},{"time":1,"angle":12.66}]},"mawei3":{"rotate":[{"angle":-2.77,"curve":0.375,"c2":0.62,"c3":0.716},{"time":0.1},{"time":0.6,"angle":-21.26,"curve":0.243,"c3":0.68,"c4":0.71},{"time":1,"angle":-2.77}]},"mawei4":{"rotate":[{"angle":-7.82,"curve":0.381,"c2":0.55,"c3":0.742},{"time":0.2,"angle":4.97},{"time":0.7,"angle":-21.26,"curve":0.245,"c3":0.637,"c4":0.56},{"time":1,"angle":-7.82}]},"mawei5":{"rotate":[{"angle":-13.44,"curve":0.363,"c2":0.44,"c3":0.755},{"time":0.3,"angle":5.6},{"time":0.8,"angle":-23.53,"curve":0.258,"c3":0.619,"c4":0.45},{"time":1,"angle":-13.44}]},"mawei6":{"rotate":[{"angle":-19.79,"curve":0.3,"c2":0.21,"c3":0.756},{"time":0.4333,"angle":6.99},{"time":0.9333,"angle":-21.26,"curve":0.297,"c3":0.634,"c4":0.37},{"time":1,"angle":-19.79}]},"mahoutui1":{"rotate":[{"curve":0.25,"c3":0.75},{"time":0.5,"angle":1.39,"curve":0.25,"c3":0.75},{"time":1}],"translate":[{"curve":0.25,"c3":0.75},{"time":0.5,"x":-0.87,"y":1.01,"curve":0.25,"c3":0.75},{"time":1}]},"mahoutui2":{"rotate":[{"curve":0.25,"c3":0.75},{"time":0.5,"angle":-3.62,"curve":0.25,"c3":0.75},{"time":1}],"translate":[{"curve":0.25,"c3":0.75},{"time":0.5,"x":-0.78,"y":0.57,"curve":0.25,"c3":0.75},{"time":1}]},"mahoutui3":{"rotate":[{"curve":0.25,"c3":0.75},{"time":0.5,"angle":3.51,"curve":0.25,"c3":0.75},{"time":1}],"translate":[{"curve":0.25,"c3":0.75},{"time":0.5,"x":0.13,"y":-0.74,"curve":0.25,"c3":0.75},{"time":1}]},"mahoutui4":{"rotate":[{"curve":0.25,"c3":0.75},{"time":0.5,"angle":-1.28,"curve":0.25,"c3":0.75},{"time":1}],"translate":[{"curve":0.25,"c3":0.75},{"time":0.5,"x":-0.74,"y":0.06,"curve":0.25,"c3":0.75},{"time":1}]},"mahoutui5":{"rotate":[{"curve":0.25,"c3":0.75},{"time":0.5,"angle":1.14,"curve":0.25,"c3":0.75},{"time":1}],"translate":[{"curve":0.25,"c3":0.75},{"time":0.5,"x":0.29,"y":2.16,"curve":0.25,"c3":0.75},{"time":1}]},"mahoutui6":{"rotate":[{"curve":0.25,"c3":0.75},{"time":0.5,"angle":-2.47,"curve":0.25,"c3":0.75},{"time":1}],"translate":[{"curve":0.25,"c3":0.75},{"time":0.5,"x":0.44,"y":-1.02,"curve":0.25,"c3":0.75},{"time":1}]},"mahoutui7":{"rotate":[{"curve":0.25,"c3":0.75},{"time":0.5,"angle":3.04,"curve":0.25,"c3":0.75},{"time":1}],"translate":[{"curve":0.25,"c3":0.75},{"time":0.5,"x":-0.1,"y":-0.53,"curve":0.25,"c3":0.75},{"time":1}]},"mahoutui8":{"rotate":[{"curve":0.25,"c3":0.75},{"time":0.5,"angle":-1.71,"curve":0.25,"c3":0.75},{"time":1}],"translate":[{"curve":0.25,"c3":0.75},{"time":0.5,"x":-0.66,"y":0.2,"curve":0.25,"c3":0.75},{"time":1}]},"mashenti7":{"rotate":[{"curve":0.25,"c3":0.75},{"time":0.5,"angle":1.03,"curve":0.25,"c3":0.75},{"time":1}],"translate":[{"curve":0.25,"c3":0.75},{"time":0.5,"y":1.42,"curve":0.25,"c3":0.75},{"time":1}]},"mashenti8":{"rotate":[{"curve":0.25,"c3":0.75},{"time":0.5,"angle":-3.64,"curve":0.25,"c3":0.75},{"time":1}],"translate":[{"curve":0.25,"c3":0.75},{"time":0.5,"x":-1.98,"y":0.34,"curve":0.25,"c3":0.75},{"time":1}]},"mashenti9":{"rotate":[{"curve":0.25,"c3":0.75},{"time":0.5,"angle":2.61,"curve":0.25,"c3":0.75},{"time":1}],"translate":[{"curve":0.25,"c3":0.75},{"time":0.5,"x":-0.26,"y":0.41,"curve":0.25,"c3":0.75},{"time":1}]},"maqiantui2":{"rotate":[{"curve":0.25,"c3":0.75},{"time":0.5,"angle":2.2,"curve":0.25,"c3":0.75},{"time":1}],"translate":[{"curve":0.25,"c3":0.75},{"time":0.5,"y":3.61,"curve":0.25,"c3":0.75},{"time":1}]},"maqiantui3":{"rotate":[{"curve":0.25,"c3":0.75},{"time":0.5,"angle":-3.99,"curve":0.25,"c3":0.75},{"time":1}],"translate":[{"curve":0.25,"c3":0.75},{"time":0.5,"x":-0.03,"y":-0.24,"curve":0.25,"c3":0.75},{"time":1}]},"maqiantui4":{"rotate":[{"curve":0.25,"c3":0.75},{"time":0.5,"angle":1.79,"curve":0.25,"c3":0.75},{"time":1}],"translate":[{"curve":0.25,"c3":0.75},{"time":0.5,"x":0.08,"y":0.03,"curve":0.25,"c3":0.75},{"time":1}]},"shenti":{"rotate":[{"angle":-0.52,"curve":0.276,"c3":0.621,"c4":0.4},{"time":0.0667,"angle":-2.43,"curve":0.312,"c2":0.27,"c3":0.667,"c4":0.67},{"time":0.1667,"angle":7.01,"curve":0.382,"c2":0.56,"c3":0.74},{"time":0.2667,"angle":9.53,"curve":0.25,"c3":0.75},{"time":0.5,"angle":-0.52},{"time":0.5667,"angle":-2.43,"curve":0.312,"c2":0.27,"c3":0.667,"c4":0.67},{"time":0.6667,"angle":7.01,"curve":0.382,"c2":0.56,"c3":0.74},{"time":0.7667,"angle":9.53,"curve":0.25,"c3":0.75},{"time":1,"angle":-0.52}],"translate":[{"curve":0.276,"c3":0.621,"c4":0.4},{"time":0.0667,"x":0.62,"y":-1.05,"curve":0.312,"c2":0.27,"c3":0.667,"c4":0.67},{"time":0.1667,"x":-0.07,"y":-1.06,"curve":0.382,"c2":0.56,"c3":0.74},{"time":0.2667,"x":-1.94,"y":-0.39,"curve":0.25,"c3":0.75},{"time":0.5},{"time":0.5667,"x":0.62,"y":-1.05,"curve":0.312,"c2":0.27,"c3":0.667,"c4":0.67},{"time":0.6667,"x":-0.07,"y":-1.06,"curve":0.382,"c2":0.56,"c3":0.74},{"time":0.7667,"x":-1.94,"y":-0.39,"curve":0.25,"c3":0.75},{"time":1}]},"tou":{"rotate":[{"curve":0.297,"c3":0.634,"c4":0.37},{"time":0.0667,"angle":3.14,"curve":0.304,"c2":0.22,"c3":0.644,"c4":0.58},{"time":0.1667,"angle":-8.81,"curve":0.324,"c2":0.31,"c3":0.664,"c4":0.66},{"time":0.2667,"angle":0.63,"curve":0.378,"c2":0.52,"c3":0.748},{"time":0.5},{"time":0.5667,"angle":3.14,"curve":0.304,"c2":0.22,"c3":0.644,"c4":0.58},{"time":0.6667,"angle":-8.81,"curve":0.324,"c2":0.31,"c3":0.664,"c4":0.66},{"time":0.7667,"angle":0.63,"curve":0.378,"c2":0.52,"c3":0.748},{"time":1}]},"youshou":{"rotate":[{"angle":46.96,"curve":0.276,"c3":0.621,"c4":0.4},{"time":0.0667,"angle":43.4,"curve":0.321,"c2":0.29,"c3":0.657,"c4":0.63},{"time":0.1,"angle":63.47,"curve":0.329,"c2":0.32,"c3":0.671,"c4":0.68},{"time":0.1667,"angle":83.67,"curve":0.382,"c2":0.56,"c3":0.74},{"time":0.2667,"angle":87.95,"curve":0.25,"c3":0.75},{"time":0.5,"angle":46.96},{"time":0.5667,"angle":43.4,"curve":0.321,"c2":0.29,"c3":0.657,"c4":0.63},{"time":0.6,"angle":68.9,"curve":0.329,"c2":0.32,"c3":0.671,"c4":0.68},{"time":0.6667,"angle":83.67,"curve":0.382,"c2":0.56,"c3":0.74},{"time":0.7667,"angle":87.95,"curve":0.25,"c3":0.75},{"time":1,"angle":46.96}]},"youshou2":{"rotate":[{"angle":-6.32}]},"youshou3":{"rotate":[{"angle":-76.83,"curve":0.297,"c3":0.634,"c4":0.37},{"time":0.0667,"angle":-76.46,"curve":0.304,"c2":0.22,"c3":0.644,"c4":0.58},{"time":0.1667,"angle":-61.17,"curve":0.324,"c2":0.31,"c3":0.664,"c4":0.66},{"time":0.2667,"angle":-58.83,"curve":0.378,"c2":0.52,"c3":0.748},{"time":0.5,"angle":-76.83},{"time":0.5667,"angle":-76.46,"curve":0.304,"c2":0.22,"c3":0.644,"c4":0.58},{"time":0.6667,"angle":-61.17,"curve":0.324,"c2":0.31,"c3":0.664,"c4":0.66},{"time":0.7667,"angle":-58.83,"curve":0.378,"c2":0.52,"c3":0.748},{"time":1,"angle":-76.83}]},"zuoshouzhang":{"rotate":[{"angle":23.92,"curve":0.297,"c3":0.634,"c4":0.37},{"time":0.0667,"angle":19.86,"curve":0.321,"c2":0.28,"c3":0.655,"c4":0.61},{"time":0.1,"angle":49.5,"curve":0.317,"c2":0.27,"c3":0.653,"c4":0.62},{"time":0.1667,"angle":77.48,"curve":0.324,"c2":0.31,"c3":0.664,"c4":0.66},{"time":0.2667,"angle":86.04,"curve":0.378,"c2":0.52,"c3":0.748},{"time":0.5,"angle":23.92},{"time":0.5667,"angle":19.86,"curve":0.321,"c2":0.28,"c3":0.655,"c4":0.61},{"time":0.6,"angle":56.16,"curve":0.317,"c2":0.27,"c3":0.653,"c4":0.62},{"time":0.6667,"angle":77.48,"curve":0.324,"c2":0.31,"c3":0.664,"c4":0.66},{"time":0.7667,"angle":86.04,"curve":0.378,"c2":0.52,"c3":0.748},{"time":1,"angle":23.92}]},"zuoshouzhang2":{"rotate":[{"angle":-31.06}]},"zuoshouzhi":{"rotate":[{"angle":-38.97}]},"zuotui":{"rotate":[{"curve":0.297,"c3":0.634,"c4":0.37},{"time":0.0667,"angle":0.38,"curve":0.289,"c2":0.18,"c3":0.648,"c4":0.6},{"time":0.2667,"angle":9.36,"curve":0.378,"c2":0.52,"c3":0.748},{"time":0.5},{"time":0.5667,"angle":0.38,"curve":0.289,"c2":0.18,"c3":0.648,"c4":0.6},{"time":0.7667,"angle":9.36,"curve":0.378,"c2":0.52,"c3":0.748},{"time":1}]},"zuotui2":{"rotate":[{"curve":0.297,"c3":0.634,"c4":0.37},{"time":0.0667,"angle":1.24,"curve":0.289,"c2":0.18,"c3":0.648,"c4":0.6},{"time":0.2667,"angle":-8.62,"curve":0.378,"c2":0.52,"c3":0.748},{"time":0.5},{"time":0.5667,"angle":1.24,"curve":0.289,"c2":0.18,"c3":0.648,"c4":0.6},{"time":0.7667,"angle":-8.62,"curve":0.378,"c2":0.52,"c3":0.748},{"time":1}]},"youtui":{"rotate":[{"curve":0.297,"c3":0.634,"c4":0.37},{"time":0.0667,"angle":-2.56,"curve":0.289,"c2":0.18,"c3":0.648,"c4":0.6},{"time":0.2667,"angle":8.53,"curve":0.378,"c2":0.52,"c3":0.748},{"time":0.5},{"time":0.5667,"angle":-2.56,"curve":0.289,"c2":0.18,"c3":0.648,"c4":0.6},{"time":0.7667,"angle":8.53,"curve":0.378,"c2":0.52,"c3":0.748},{"time":1}]},"youtui2":{"rotate":[{"curve":0.297,"c3":0.634,"c4":0.37},{"time":0.0667,"angle":-2.66,"curve":0.289,"c2":0.18,"c3":0.648,"c4":0.6},{"time":0.2667,"angle":-11.55,"curve":0.378,"c2":0.52,"c3":0.748},{"time":0.5},{"time":0.5667,"angle":-2.66,"curve":0.289,"c2":0.18,"c3":0.648,"c4":0.6},{"time":0.7667,"angle":-11.55,"curve":0.378,"c2":0.52,"c3":0.748},{"time":1}]}}},"death":{"bones":{"bone2":{"rotate":[{"time":0.2},{"time":0.3667,"angle":15.78},{"time":0.5333,"angle":-15.93},{"time":0.6667,"angle":-7.96}],"translate":[{"curve":0.25,"c3":0.75},{"time":0.0667,"y":-5.38},{"time":0.2,"x":-0.51,"y":-13.87},{"time":0.3667,"x":-3.38,"y":-11.73},{"time":0.5333,"x":-3.75,"y":-56.77},{"time":0.6667,"x":-2.92,"y":-69.13},{"time":0.8,"x":-2.92,"y":-66.32},{"time":0.9333,"x":-2.92,"y":-69.99}]},"bone3":{"rotate":[{},{"time":0.0667,"angle":-1.32},{"time":0.2,"angle":45.23},{"time":0.4,"angle":115.43},{"time":0.6,"angle":116.97}],"translate":[{},{"time":0.0667,"x":-0.5,"y":-10.02},{"time":0.2,"x":-54.17,"y":-10.65},{"time":0.4,"x":-138.5,"y":-107.3},{"time":0.5,"x":-160.96,"y":-100.29},{"time":0.6,"x":-180.51,"y":-107.88},{"time":0.8,"x":-195.14,"y":-108.47}]},"mashenti":{"rotate":[{"curve":0.25,"c3":0.75},{"time":0.0667,"angle":1.69},{"time":0.2,"angle":8.07,"curve":"stepped"},{"time":0.3667,"angle":8.07},{"time":0.5333,"angle":8.52},{"time":0.6667,"angle":12.09},{"time":0.8,"angle":0.82},{"time":0.9333,"angle":8.07}]},"mashenti2":{"rotate":[{"time":0.0667},{"time":0.2,"angle":5.05},{"time":0.3667,"angle":9.19},{"time":0.5333,"angle":5.05},{"time":0.6667,"angle":4.14},{"time":0.8,"angle":8.19},{"time":0.9333,"angle":5.05}]},"mashenti3":{"rotate":[{"angle":-0.25,"curve":0.375,"c2":0.62,"c3":0.716},{"time":0.0667,"angle":6.47},{"time":0.2,"angle":16.45},{"time":0.3667,"angle":-3.3},{"time":0.5333,"angle":-1.66},{"time":0.6667,"angle":-19.75},{"time":0.8,"angle":-9.61},{"time":0.9333,"angle":-16.05}]},"mashenti4":{"rotate":[{"curve":0.25,"c3":0.75},{"time":0.0667,"angle":3.42},{"time":0.2,"angle":-4.22},{"time":0.3667,"angle":-11.49},{"time":0.5333,"angle":-14.39},{"time":0.6667,"angle":-40.54},{"time":0.8,"angle":-31.94},{"time":0.9333,"angle":-40.62}]},"mashenti5":{"rotate":[{"curve":0.25,"c3":0.75},{"time":0.0667,"angle":-24.32},{"time":0.2,"angle":-17.36},{"time":0.3667,"angle":9.5},{"time":0.5333,"angle":10.32},{"time":0.6667,"angle":-10.74},{"time":0.8,"angle":-28.73},{"time":0.9333,"angle":-23.37}]},"mashenti6":{"rotate":[{"angle":1.6,"curve":0.382,"c2":0.57,"c3":0.735},{"time":0.0667,"angle":1.06},{"time":0.2,"angle":42.38},{"time":0.3667,"angle":4.66},{"time":0.5333,"angle":-28.39},{"time":0.6667,"angle":-40.83},{"time":0.8,"angle":-64.26}]},"mawei2":{"rotate":[{"angle":12.66,"curve":0.25,"c3":0.75},{"time":0.0667,"angle":16.9},{"time":0.2,"angle":-4.78},{"time":0.3667,"angle":-42.45},{"time":0.5333,"angle":13.96},{"time":0.6667,"angle":1.71},{"time":0.8,"angle":13.32},{"time":0.9333,"angle":14.24},{"time":1.2667,"angle":13.96}]},"mawei3":{"rotate":[{"angle":-2.77,"curve":0.375,"c2":0.62,"c3":0.716},{"time":0.0667,"angle":-12.54},{"time":0.2,"angle":-2.77},{"time":0.3667,"angle":-55.25},{"time":0.5333,"angle":-49.54},{"time":0.6667,"angle":-32.14},{"time":0.8,"angle":-20.52},{"time":0.9333,"angle":-19.61},{"time":1.2667,"angle":-19.89}]},"mawei4":{"rotate":[{"angle":-7.82,"curve":0.381,"c2":0.55,"c3":0.742},{"time":0.0667,"angle":-9.2},{"time":0.2,"angle":24.08},{"time":0.3667,"angle":-29.71},{"time":0.5333,"angle":-38.95},{"time":0.6667,"angle":-40.41},{"time":0.8,"angle":-28.8},{"time":0.9333,"angle":-27.88},{"time":1.2667,"angle":-28.16}]},"mawei5":{"rotate":[{"angle":-13.44,"curve":0.363,"c2":0.44,"c3":0.755},{"time":0.0667,"angle":-62.13},{"time":0.2,"angle":18.46},{"time":0.3667,"angle":-35.46},{"time":0.5333,"angle":-70.37},{"time":0.6667,"angle":-46.3},{"time":0.8,"angle":-34.68},{"time":0.9333,"angle":-33.77},{"time":1.2667,"angle":-34.05}]},"mawei6":{"rotate":[{"angle":-19.79,"curve":0.3,"c2":0.21,"c3":0.756},{"time":0.0667,"angle":-68.47},{"time":0.2,"angle":12.11},{"time":0.3667,"angle":-15.55},{"time":0.5333,"angle":-61.94},{"time":0.6667,"angle":-52.4},{"time":0.8,"angle":-40.78},{"time":0.9333,"angle":-39.86},{"time":1.2667,"angle":-40.15}]},"mahoutui1":{"rotate":[{"time":0.2},{"time":0.3667,"angle":13.67},{"time":0.5333,"angle":2.78},{"time":0.6667,"angle":-22.84},{"time":0.8,"angle":-15.88}],"translate":[{"curve":0.25,"c3":0.75},{"time":0.0667,"y":4.5},{"time":0.2,"x":-2.48,"y":6.56}]},"mahoutui2":{"rotate":[{"time":0.2},{"time":0.3667,"angle":-67.25}],"translate":[{"time":0.0667},{"time":0.2,"x":-2.37,"y":1.71},{"time":0.3667,"x":0.08,"y":-0.89}]},"mahoutui3":{"rotate":[{"time":0.2},{"time":0.3667,"angle":36.31},{"time":0.5333,"angle":5.69,"curve":"stepped"},{"time":0.6667,"angle":5.69},{"time":0.8,"angle":18.06},{"time":0.9333,"angle":16.52}],"translate":[{"time":0.0667},{"time":0.2,"x":-2.37,"y":0.43}]},"mahoutui4":{"rotate":[{"time":0.2},{"time":0.3667,"angle":-4.1}],"translate":[{"time":0.0667},{"time":0.2,"x":-2.11,"y":-0.04},{"time":0.3667,"x":-4.27,"y":0.75}]},"mahoutui5":{"rotate":[{"time":0.2},{"time":0.3667,"angle":6.3},{"time":0.5333,"angle":-15.47},{"time":0.6667,"angle":-45.62},{"time":0.8,"angle":-37.43},{"time":0.9333,"angle":-39.25}],"translate":[{"curve":0.25,"c3":0.75},{"time":0.0667,"y":4.5},{"time":0.2,"x":-2.48,"y":6.56}]},"mahoutui6":{"rotate":[{"time":0.2},{"time":0.3667,"angle":-23.49}],"translate":[{"time":0.0667},{"time":0.2,"x":-2.6,"y":1.34},{"time":0.3667,"x":-1.71,"y":0.21},{"time":0.5333,"x":-0.82,"y":-0.91}]},"mahoutui7":{"translate":[{"time":0.0667},{"time":0.2,"x":-2.38,"y":0.39},{"time":0.3667,"x":-3.96,"y":-5.88}]},"mahoutui8":{"translate":[{"time":0.0667},{"time":0.2,"x":-2.11,"y":0.01}]},"mashenti7":{"rotate":[{"time":0.0667},{"time":0.2,"angle":33.68},{"time":0.3667,"angle":59.74},{"time":0.5333,"angle":-2.47},{"time":0.6667,"angle":-15.23},{"time":0.8,"angle":-25.62},{"time":0.9333,"angle":-35.39}],"translate":[{"curve":0.25,"c3":0.75},{"time":0.0667,"y":4.91},{"time":0.2,"x":-2.02,"y":16.04,"curve":"stepped"},{"time":0.6667,"x":-2.02,"y":16.04},{"time":0.8,"x":-1.38,"y":11.43},{"time":0.9333,"x":-2.02,"y":16.04}]},"mashenti8":{"rotate":[{"time":0.0667},{"time":0.2,"angle":-99.45},{"time":0.3667,"angle":-86.44},{"time":0.5333,"angle":-97.18},{"time":0.6667,"angle":-84.13},{"time":0.8,"angle":-73.42},{"time":0.9333,"angle":-58.63}]},"mashenti9":{"rotate":[{"time":0.2},{"time":0.3667,"angle":-70.84},{"time":0.5333,"angle":-7.94},{"time":0.6667,"angle":-26.15},{"time":0.8,"angle":-70.84}]},"maqiantui2":{"rotate":[{"time":0.0667},{"time":0.2,"angle":33.68},{"time":0.3667,"angle":-3.64},{"time":0.5333,"angle":-8.56},{"time":0.6667,"angle":-34.64},{"time":0.8,"angle":-45.45},{"time":0.9333,"angle":-55.22}],"translate":[{"curve":0.25,"c3":0.75},{"time":0.0667,"y":4.91},{"time":0.2,"x":-2.02,"y":16.04,"curve":"stepped"},{"time":0.6667,"x":-2.02,"y":16.04},{"time":0.8,"x":-1.38,"y":11.43},{"time":0.9333,"x":-2.02,"y":16.04}]},"maqiantui3":{"rotate":[{"time":0.0667},{"time":0.2,"angle":-74.16},{"time":0.3667,"angle":-108.67},{"time":0.5333,"angle":-90.77},{"time":0.6667,"angle":-58.29,"curve":"stepped"},{"time":0.8,"angle":-58.29},{"time":0.9333,"angle":-39.98}]},"maqiantui4":{"rotate":[{"time":0.2},{"time":0.3667,"angle":-54.54}]},"shenti":{"rotate":[{"angle":-0.52,"curve":0.38,"c2":0.59,"c3":0.727},{"time":0.0667,"angle":-21.32},{"time":0.2,"angle":16.12},{"time":0.4,"angle":-8.67},{"time":0.6,"angle":-17.95},{"time":0.8,"angle":-17.71}],"translate":[{"time":0.2},{"time":0.4,"x":1.18,"y":-0.59},{"time":0.6,"x":1.77,"y":-0.9}]},"tou":{"rotate":[{"curve":0.25,"c3":0.75},{"time":0.0667,"angle":-27.82},{"time":0.2,"angle":15.71},{"time":0.4,"angle":-57.73},{"time":0.6,"angle":10.53},{"time":0.8,"angle":4.9}]},"youshou":{"rotate":[{"time":0.0667},{"time":0.2,"angle":42.18},{"time":0.4,"angle":30.81},{"time":0.6,"angle":-15.32},{"time":0.7667,"angle":-9.21},{"time":0.9333,"angle":-12.98}]},"youshou2":{"rotate":[{"angle":-1.47,"curve":"stepped"},{"time":0.0667,"angle":-1.47},{"time":0.2,"angle":-31.9},{"time":0.4,"angle":-46.81},{"time":0.6,"angle":27.87},{"time":0.7667,"angle":20.41},{"time":0.9333,"angle":25.25}]},"youshou3":{"rotate":[{"time":0.2},{"time":0.4,"angle":-13.45},{"time":0.6,"angle":25.3},{"time":0.9333,"angle":26.85}]},"zuoshouzhang":{"rotate":[{"time":0.0667},{"time":0.2,"angle":34.94},{"time":0.4,"angle":-19.84},{"time":0.6,"angle":-73.74}]},"zuoshouzhang2":{"rotate":[{"angle":-2.54,"curve":"stepped"},{"time":0.0667,"angle":-2.54},{"time":0.2,"angle":-34.05}]},"zuoshouzhi":{"translate":[{"time":0.2},{"time":0.6,"x":0.02,"y":0.27}]},"zuotui":{"rotate":[{"time":0.0667},{"time":0.2,"angle":-26.41},{"time":0.4,"angle":43.83},{"time":0.6,"angle":-77.47},{"time":0.8,"angle":-75.31}],"translate":[{"time":0.2},{"time":0.8,"x":-5.36,"y":2.11}]},"zuotui2":{"rotate":[{"time":0.0667},{"time":0.2,"angle":26.56},{"time":0.8,"angle":55.37}]},"youtui":{"rotate":[{"time":0.0667},{"time":0.2,"angle":-16.18},{"time":0.4,"angle":-9.11},{"time":0.6,"angle":-81.33}],"translate":[{"time":0.2},{"time":0.8,"x":-6.96,"y":-0.44}]},"youtui2":{"rotate":[{"time":0.0667},{"time":0.2,"angle":39.89},{"time":0.8,"angle":45.83}]}},"drawOrder":[{"time":0.6,"offsets":[{"slot":"zuoshouzhi","offset":-5}]}]},"idle":{"bones":{"bone2":{"translate":[{"curve":0.25,"c3":0.75},{"time":0.5,"y":-3.48,"curve":0.25,"c3":0.75},{"time":1}]},"bone3":{"translate":[{"curve":0.25,"c3":0.75},{"time":0.5,"y":-4.33,"curve":0.25,"c3":0.75},{"time":1}]},"mashenti":{"rotate":[{"curve":0.25,"c3":0.75},{"time":0.5,"angle":2.02,"curve":0.25,"c3":0.75},{"time":1}]},"mashenti2":{"rotate":[{"curve":0.25,"c3":0.75},{"time":0.5,"angle":-2.52,"curve":0.25,"c3":0.75},{"time":1}]},"mashenti3":{"rotate":[{"angle":-0.25,"curve":0.375,"c2":0.62,"c3":0.716},{"time":0.1},{"time":0.6,"angle":-1.96,"curve":0.243,"c3":0.68,"c4":0.71},{"time":1,"angle":-0.25}]},"mashenti4":{"rotate":[{"curve":0.25,"c3":0.75},{"time":0.5,"angle":4.62,"curve":0.25,"c3":0.75},{"time":1}]},"mashenti5":{"rotate":[{"curve":0.25,"c3":0.75},{"time":0.5,"angle":2.42,"curve":0.25,"c3":0.75},{"time":1}]},"mashenti6":{"rotate":[{"angle":1.6,"curve":0.382,"c2":0.57,"c3":0.735},{"time":0.1667},{"time":0.6667,"angle":5.65,"curve":0.243,"c3":0.649,"c4":0.6},{"time":1,"angle":1.6}]},"mawei2":{"rotate":[{"angle":12.66,"curve":0.25,"c3":0.75},{"time":0.5,"curve":0.25,"c3":0.75},{"time":1,"angle":12.66}]},"mawei3":{"rotate":[{"angle":-2.77,"curve":0.375,"c2":0.62,"c3":0.716},{"time":0.1},{"time":0.6,"angle":-21.26,"curve":0.243,"c3":0.68,"c4":0.71},{"time":1,"angle":-2.77}]},"mawei4":{"rotate":[{"angle":-7.82,"curve":0.381,"c2":0.55,"c3":0.742},{"time":0.2,"angle":4.97},{"time":0.7,"angle":-21.26,"curve":0.245,"c3":0.637,"c4":0.56},{"time":1,"angle":-7.82}]},"mawei5":{"rotate":[{"angle":-13.44,"curve":0.363,"c2":0.44,"c3":0.755},{"time":0.3,"angle":5.6},{"time":0.8,"angle":-23.53,"curve":0.258,"c3":0.619,"c4":0.45},{"time":1,"angle":-13.44}]},"mawei6":{"rotate":[{"angle":-19.79,"curve":0.3,"c2":0.21,"c3":0.756},{"time":0.4333,"angle":6.99},{"time":0.9333,"angle":-21.26,"curve":0.297,"c3":0.634,"c4":0.37},{"time":1,"angle":-19.79}]},"mahoutui1":{"rotate":[{"curve":0.25,"c3":0.75},{"time":0.5,"angle":1.39,"curve":0.25,"c3":0.75},{"time":1}],"translate":[{"curve":0.25,"c3":0.75},{"time":0.5,"x":-0.87,"y":1.01,"curve":0.25,"c3":0.75},{"time":1}]},"mahoutui2":{"rotate":[{"curve":0.25,"c3":0.75},{"time":0.5,"angle":-3.62,"curve":0.25,"c3":0.75},{"time":1}],"translate":[{"curve":0.25,"c3":0.75},{"time":0.5,"x":-0.78,"y":0.57,"curve":0.25,"c3":0.75},{"time":1}]},"mahoutui3":{"rotate":[{"curve":0.25,"c3":0.75},{"time":0.5,"angle":3.51,"curve":0.25,"c3":0.75},{"time":1}],"translate":[{"curve":0.25,"c3":0.75},{"time":0.5,"x":0.13,"y":-0.74,"curve":0.25,"c3":0.75},{"time":1}]},"mahoutui4":{"rotate":[{"curve":0.25,"c3":0.75},{"time":0.5,"angle":-1.28,"curve":0.25,"c3":0.75},{"time":1}],"translate":[{"curve":0.25,"c3":0.75},{"time":0.5,"x":-0.74,"y":0.06,"curve":0.25,"c3":0.75},{"time":1}]},"mahoutui5":{"rotate":[{"curve":0.25,"c3":0.75},{"time":0.5,"angle":1.14,"curve":0.25,"c3":0.75},{"time":1}],"translate":[{"curve":0.25,"c3":0.75},{"time":0.5,"x":0.29,"y":2.16,"curve":0.25,"c3":0.75},{"time":1}]},"mahoutui6":{"rotate":[{"curve":0.25,"c3":0.75},{"time":0.5,"angle":-2.47,"curve":0.25,"c3":0.75},{"time":1}],"translate":[{"curve":0.25,"c3":0.75},{"time":0.5,"x":0.44,"y":-1.02,"curve":0.25,"c3":0.75},{"time":1}]},"mahoutui7":{"rotate":[{"curve":0.25,"c3":0.75},{"time":0.5,"angle":3.04,"curve":0.25,"c3":0.75},{"time":1}],"translate":[{"curve":0.25,"c3":0.75},{"time":0.5,"x":-0.1,"y":-0.53,"curve":0.25,"c3":0.75},{"time":1}]},"mahoutui8":{"rotate":[{"curve":0.25,"c3":0.75},{"time":0.5,"angle":-1.71,"curve":0.25,"c3":0.75},{"time":1}],"translate":[{"curve":0.25,"c3":0.75},{"time":0.5,"x":-0.66,"y":0.2,"curve":0.25,"c3":0.75},{"time":1}]},"mashenti7":{"rotate":[{"curve":0.25,"c3":0.75},{"time":0.5,"angle":1.03,"curve":0.25,"c3":0.75},{"time":1}],"translate":[{"curve":0.25,"c3":0.75},{"time":0.5,"y":1.42,"curve":0.25,"c3":0.75},{"time":1}]},"mashenti8":{"rotate":[{"curve":0.25,"c3":0.75},{"time":0.5,"angle":-3.64,"curve":0.25,"c3":0.75},{"time":1}],"translate":[{"curve":0.25,"c3":0.75},{"time":0.5,"x":-1.98,"y":0.34,"curve":0.25,"c3":0.75},{"time":1}]},"mashenti9":{"rotate":[{"curve":0.25,"c3":0.75},{"time":0.5,"angle":2.61,"curve":0.25,"c3":0.75},{"time":1}],"translate":[{"curve":0.25,"c3":0.75},{"time":0.5,"x":-0.26,"y":0.41,"curve":0.25,"c3":0.75},{"time":1}]},"maqiantui2":{"rotate":[{"curve":0.25,"c3":0.75},{"time":0.5,"angle":2.2,"curve":0.25,"c3":0.75},{"time":1}],"translate":[{"curve":0.25,"c3":0.75},{"time":0.5,"y":3.61,"curve":0.25,"c3":0.75},{"time":1}]},"maqiantui3":{"rotate":[{"curve":0.25,"c3":0.75},{"time":0.5,"angle":-3.99,"curve":0.25,"c3":0.75},{"time":1}],"translate":[{"curve":0.25,"c3":0.75},{"time":0.5,"x":-0.03,"y":-0.24,"curve":0.25,"c3":0.75},{"time":1}]},"maqiantui4":{"rotate":[{"curve":0.25,"c3":0.75},{"time":0.5,"angle":1.79,"curve":0.25,"c3":0.75},{"time":1}],"translate":[{"curve":0.25,"c3":0.75},{"time":0.5,"x":0.08,"y":0.03,"curve":0.25,"c3":0.75},{"time":1}]},"shenti":{"rotate":[{"angle":-0.52,"curve":0.38,"c2":0.59,"c3":0.727},{"time":0.1333},{"time":0.6333,"angle":-2.59,"curve":0.242,"c3":0.663,"c4":0.65},{"time":1,"angle":-0.52}]},"tou":{"rotate":[{"curve":0.25,"c3":0.75},{"time":0.5,"angle":7.37,"curve":0.25,"c3":0.75},{"time":1}]},"youshou2":{"rotate":[{"angle":-1.47,"curve":0.382,"c2":0.57,"c3":0.735},{"time":0.1667},{"time":0.6667,"angle":-5.18,"curve":0.243,"c3":0.649,"c4":0.6},{"time":1,"angle":-1.47}]},"zuoshouzhang2":{"rotate":[{"angle":-2.54,"curve":0.382,"c2":0.57,"c3":0.735},{"time":0.1667},{"time":0.6667,"angle":-8.96,"curve":0.243,"c3":0.649,"c4":0.6},{"time":1,"angle":-2.54}]},"zuotui":{"rotate":[{"curve":0.25,"c3":0.75},{"time":0.5,"angle":5.83,"curve":0.25,"c3":0.75},{"time":1}]},"zuotui2":{"rotate":[{"curve":0.25,"c3":0.75},{"time":0.5,"angle":-6.46,"curve":0.25,"c3":0.75},{"time":1}]},"youtui":{"rotate":[{"curve":0.25,"c3":0.75},{"time":0.5,"angle":3.44,"curve":0.25,"c3":0.75},{"time":1}]},"youtui2":{"rotate":[{"curve":0.25,"c3":0.75},{"time":0.5,"angle":-8,"curve":0.25,"c3":0.75},{"time":1}]}}},"run":{"bones":{"bone":{"translate":[{"y":9.67}]},"bone2":{"rotate":[{"angle":-6.03,"curve":0.247,"c3":0.631,"c4":0.53},{"time":0.1667,"angle":-0.26,"curve":0.379,"c2":0.53,"c3":0.746},{"time":0.3,"angle":-0.08,"curve":0.254,"c3":0.621,"c4":0.47},{"time":0.4333,"angle":-6.84,"curve":0.369,"c2":0.47,"c3":0.753},{"time":0.6,"angle":-6.03}],"translate":[{"y":3.05,"curve":0.25,"c3":0.75},{"time":0.3,"y":-8.13,"curve":0.25,"c3":0.75},{"time":0.6,"y":3.05}]},"bone3":{"translate":[{"y":11.76,"curve":0.25,"c3":0.75},{"time":0.3,"y":-10.08,"curve":0.25,"c3":0.75},{"time":0.6,"y":11.76}]},"mashenti":{"rotate":[{"angle":10.86,"curve":0.247,"c3":0.631,"c4":0.53},{"time":0.1667,"angle":-3.31,"curve":0.379,"c2":0.53,"c3":0.746},{"time":0.3,"angle":-8.26,"curve":0.254,"c3":0.621,"c4":0.47},{"time":0.4333,"angle":5.06,"curve":0.369,"c2":0.47,"c3":0.753},{"time":0.6,"angle":10.86}]},"mashenti2":{"rotate":[{"angle":-1.53,"curve":0.247,"c3":0.631,"c4":0.53},{"time":0.1667,"angle":4.36,"curve":0.379,"c2":0.53,"c3":0.746},{"time":0.3,"angle":4.64,"curve":0.254,"c3":0.621,"c4":0.47},{"time":0.4333,"angle":0.2,"curve":0.369,"c2":0.47,"c3":0.753},{"time":0.6,"angle":-1.53}]},"mashenti3":{"rotate":[{"angle":-14.47,"curve":0.247,"c3":0.631,"c4":0.53},{"time":0.1667,"angle":-3.6,"curve":0.379,"c2":0.53,"c3":0.746},{"time":0.3,"angle":-1.01,"curve":0.254,"c3":0.621,"c4":0.47},{"time":0.4333,"angle":-10.6,"curve":0.369,"c2":0.47,"c3":0.753},{"time":0.6,"angle":-14.47}],"translate":[{"curve":0.247,"c3":0.631,"c4":0.53},{"time":0.1667,"x":1.76,"y":-0.04,"curve":0.379,"c2":0.53,"c3":0.746},{"time":0.3}]},"mashenti4":{"rotate":[{"curve":0.25,"c3":0.75},{"time":0.3,"angle":9.77,"curve":0.25,"c3":0.75},{"time":0.6}]},"mashenti5":{"rotate":[{"angle":-6.72,"curve":0.25,"c3":0.75},{"time":0.3,"angle":8.4,"curve":0.25,"c3":0.75},{"time":0.6,"angle":-6.72}]},"mashenti6":{"rotate":[{"angle":10.48,"curve":0.25,"c3":0.75},{"time":0.3,"angle":-22.39,"curve":0.25,"c3":0.75},{"time":0.6,"angle":10.48}]},"mawei2":{"rotate":[{"angle":12.66,"curve":0.25,"c3":0.75},{"time":0.3,"angle":-28.86,"curve":0.25,"c3":0.75},{"time":0.6,"angle":12.66}]},"mawei3":{"rotate":[{"angle":-14.55,"curve":0.382,"c2":0.57,"c3":0.735},{"time":0.1,"angle":-2.77,"curve":0.25,"c3":0.75},{"time":0.4,"angle":-44.29,"curve":0.243,"c3":0.649,"c4":0.6},{"time":0.6,"angle":-14.55}]},"mawei4":{"rotate":[{"angle":-31.63,"curve":0.369,"c2":0.47,"c3":0.753},{"time":0.1667,"angle":5.35,"curve":0.25,"c3":0.75},{"time":0.4667,"angle":-49.34,"curve":0.254,"c3":0.621,"c4":0.47},{"time":0.6,"angle":-31.63}]},"mawei5":{"rotate":[{"angle":-48.56,"curve":0.326,"c2":0.31,"c3":0.757},{"time":0.2333,"angle":-7.12,"curve":0.25,"c3":0.75},{"time":0.5333,"angle":-54.96,"curve":0.28,"c3":0.623,"c4":0.39},{"time":0.6,"angle":-48.56}]},"mawei6":{"rotate":[{"angle":-59.17,"curve":0.293,"c2":0.18,"c3":0.755},{"time":0.2667,"angle":-19.79,"curve":0.25,"c3":0.75},{"time":0.5667,"angle":-61.31,"curve":0.302,"c3":0.638,"c4":0.36},{"time":0.6,"angle":-59.17}]},"mahoutui1":{"rotate":[{"angle":68.26,"curve":0.25,"c3":0.75},{"time":0.1,"angle":30.3,"curve":0.325,"c2":0.31,"c3":0.675,"c4":0.69},{"time":0.2,"angle":2.24,"curve":0.382,"c2":0.57,"c3":0.735},{"time":0.3,"angle":-23.77,"curve":0.265,"c3":0.618,"c4":0.43},{"time":0.4,"angle":3.34,"curve":0.325,"c2":0.31,"c3":0.675,"c4":0.69},{"time":0.5,"angle":47.76,"curve":0.382,"c2":0.57,"c3":0.735},{"time":0.6,"angle":68.26}],"translate":[{"x":2.91,"y":-3.71,"curve":0.25,"c3":0.75},{"time":0.1,"x":1.94,"y":-7.84,"curve":0.325,"c2":0.31,"c3":0.675,"c4":0.69},{"time":0.2,"x":-4.84,"y":-2.8,"curve":0.382,"c2":0.57,"c3":0.735},{"time":0.3,"x":-3.34,"y":-4.29,"curve":0.243,"c3":0.649,"c4":0.6},{"time":0.5,"x":3.49,"y":-4,"curve":0.382,"c2":0.57,"c3":0.735},{"time":0.6,"x":2.91,"y":-3.71}]},"mahoutui2":{"rotate":[{"angle":-35.15,"curve":0.265,"c3":0.618,"c4":0.43},{"time":0.1,"angle":-13.84,"curve":0.351,"c2":0.4,"c3":0.757},{"time":0.3,"curve":0.265,"c3":0.618,"c4":0.43},{"time":0.4,"angle":-69.29,"curve":0.325,"c2":0.31,"c3":0.675,"c4":0.69},{"time":0.5,"angle":-57.61,"curve":0.382,"c2":0.57,"c3":0.735},{"time":0.6,"angle":-35.15}]},"mahoutui3":{"rotate":[{"angle":17.35,"curve":0.25,"c3":0.75},{"time":0.1,"curve":0.325,"c2":0.31,"c3":0.675,"c4":0.69},{"time":0.2,"angle":-7.44,"curve":0.382,"c2":0.57,"c3":0.735},{"time":0.3,"angle":-21.49,"curve":0.265,"c3":0.618,"c4":0.43},{"time":0.4,"angle":31.72,"curve":0.325,"c2":0.31,"c3":0.675,"c4":0.69},{"time":0.5,"angle":48.11,"curve":0.382,"c2":0.57,"c3":0.735},{"time":0.6,"angle":17.35}],"translate":[{"curve":0.265,"c3":0.618,"c4":0.43},{"time":0.1,"x":-0.03,"y":0.64,"curve":0.351,"c2":0.4,"c3":0.757},{"time":0.3}]},"mahoutui4":{"rotate":[{"angle":-40.78,"curve":0.25,"c3":0.75},{"time":0.1,"angle":-28.51,"curve":0.325,"c2":0.31,"c3":0.675,"c4":0.69},{"time":0.2,"angle":-0.03,"curve":0.382,"c2":0.57,"c3":0.735},{"time":0.3,"angle":-46.31,"curve":0.265,"c3":0.618,"c4":0.43},{"time":0.4,"angle":-31.86,"curve":0.325,"c2":0.31,"c3":0.675,"c4":0.69},{"time":0.5,"angle":-22.12,"curve":0.382,"c2":0.57,"c3":0.735},{"time":0.6,"angle":-40.78}]},"mahoutui5":{"rotate":[{"angle":29.15,"curve":0.265,"c3":0.618,"c4":0.43},{"time":0.1,"angle":51.22,"curve":0.325,"c2":0.31,"c3":0.675,"c4":0.69},{"time":0.2,"angle":37.12,"curve":0.382,"c2":0.57,"c3":0.735},{"time":0.3,"angle":-2.45,"curve":0.265,"c3":0.618,"c4":0.43},{"time":0.4,"angle":-12.14,"curve":0.325,"c2":0.31,"c3":0.675,"c4":0.69},{"time":0.5,"angle":-5.48,"curve":0.382,"c2":0.57,"c3":0.735},{"time":0.6,"angle":29.15}],"translate":[{"x":-14.15,"y":3.9,"curve":0.265,"c3":0.618,"c4":0.43},{"time":0.1,"x":-13.39,"y":4.33,"curve":0.325,"c2":0.31,"c3":0.675,"c4":0.69},{"time":0.2,"x":-11,"y":-2.81,"curve":0.382,"c2":0.57,"c3":0.735},{"time":0.3,"x":-18.13,"y":-2.34,"curve":0.265,"c3":0.618,"c4":0.43},{"time":0.4,"x":-24.06,"y":2.09,"curve":0.351,"c2":0.4,"c3":0.757},{"time":0.6,"x":-14.15,"y":3.9}]},"mahoutui6":{"rotate":[{"angle":-24.83,"curve":0.265,"c3":0.618,"c4":0.43},{"time":0.1,"angle":-25.21,"curve":0.325,"c2":0.31,"c3":0.675,"c4":0.69},{"time":0.2,"curve":0.382,"c2":0.57,"c3":0.735},{"time":0.3,"curve":0.265,"c3":0.618,"c4":0.43},{"time":0.4,"angle":-27,"curve":0.325,"c2":0.31,"c3":0.675,"c4":0.69},{"time":0.5,"angle":-50.74,"curve":0.382,"c2":0.57,"c3":0.735},{"time":0.6,"angle":-24.83}]},"mahoutui7":{"rotate":[{"angle":14.81,"curve":0.265,"c3":0.618,"c4":0.43},{"time":0.1,"angle":32.96,"curve":0.325,"c2":0.31,"c3":0.675,"c4":0.69},{"time":0.2,"angle":-7.49,"curve":0.382,"c2":0.57,"c3":0.735},{"time":0.3,"angle":-14.79,"curve":0.265,"c3":0.618,"c4":0.43},{"time":0.4,"angle":-14.7,"curve":0.325,"c2":0.31,"c3":0.675,"c4":0.69},{"time":0.5,"angle":22.65,"curve":0.382,"c2":0.57,"c3":0.735},{"time":0.6,"angle":14.81}]},"mahoutui8":{"rotate":[{"angle":-52.79,"curve":0.265,"c3":0.618,"c4":0.43},{"time":0.1,"angle":-44.35,"curve":0.325,"c2":0.31,"c3":0.675,"c4":0.69},{"time":0.2,"angle":-34.91,"curve":0.382,"c2":0.57,"c3":0.735},{"time":0.3,"angle":14.67,"curve":0.265,"c3":0.618,"c4":0.43},{"time":0.4,"angle":-19.5,"curve":0.325,"c2":0.31,"c3":0.675,"c4":0.69},{"time":0.5,"angle":-27.28,"curve":0.382,"c2":0.57,"c3":0.735},{"time":0.6,"angle":-52.79}]},"mashenti7":{"rotate":[{"angle":31.91,"curve":0.265,"c3":0.618,"c4":0.43},{"time":0.1,"angle":70.89,"curve":0.325,"c2":0.31,"c3":0.675,"c4":0.69},{"time":0.2,"angle":81.84,"curve":0.382,"c2":0.57,"c3":0.735},{"time":0.3,"angle":29.83,"curve":0.265,"c3":0.618,"c4":0.43},{"time":0.4,"angle":-16.46,"curve":0.325,"c2":0.31,"c3":0.675,"c4":0.69},{"time":0.5,"angle":-17.27,"curve":0.382,"c2":0.57,"c3":0.735},{"time":0.6,"angle":31.91}],"translate":[{"x":11.85,"y":4.3,"curve":0.265,"c3":0.618,"c4":0.43},{"time":0.1,"x":17.6,"y":3.76,"curve":0.325,"c2":0.31,"c3":0.675,"c4":0.69},{"time":0.2,"x":20.15,"y":-0.6,"curve":0.382,"c2":0.57,"c3":0.735},{"time":0.3,"x":5.75,"y":-5.51,"curve":0.265,"c3":0.618,"c4":0.43},{"time":0.4,"x":-0.32,"y":-5.16,"curve":0.351,"c2":0.4,"c3":0.757},{"time":0.6,"x":11.85,"y":4.3}]},"mashenti8":{"rotate":[{"angle":-106.97,"curve":0.265,"c3":0.618,"c4":0.43},{"time":0.1,"angle":-93.7,"curve":0.325,"c2":0.31,"c3":0.675,"c4":0.69},{"time":0.2,"angle":-77.28,"curve":0.382,"c2":0.57,"c3":0.735},{"time":0.3,"angle":-8.09,"curve":0.265,"c3":0.618,"c4":0.43},{"time":0.4,"angle":-10.82,"curve":0.325,"c2":0.31,"c3":0.675,"c4":0.69},{"time":0.5,"angle":-73.63,"curve":0.382,"c2":0.57,"c3":0.735},{"time":0.6,"angle":-106.97}]},"mashenti9":{"rotate":[{"angle":-44.84,"curve":0.265,"c3":0.618,"c4":0.43},{"time":0.1,"angle":-82.47,"curve":0.325,"c2":0.31,"c3":0.675,"c4":0.69},{"time":0.2,"angle":-21.74,"curve":0.382,"c2":0.57,"c3":0.735},{"time":0.3,"angle":-0.88,"curve":0.265,"c3":0.618,"c4":0.43},{"time":0.4,"angle":11.82,"curve":0.351,"c2":0.4,"c3":0.757},{"time":0.6,"angle":-44.84}]},"maqiantui2":{"rotate":[{"angle":-13.45,"curve":0.265,"c3":0.618,"c4":0.43},{"time":0.1,"angle":19.72,"curve":0.325,"c2":0.31,"c3":0.675,"c4":0.69},{"time":0.2,"angle":61.05,"curve":0.382,"c2":0.57,"c3":0.735},{"time":0.3,"angle":64.24,"curve":0.265,"c3":0.618,"c4":0.43},{"time":0.4,"angle":31.15,"curve":0.325,"c2":0.31,"c3":0.675,"c4":0.69},{"time":0.5,"angle":-10.84,"curve":0.382,"c2":0.57,"c3":0.735},{"time":0.6,"angle":-13.45}],"translate":[{"curve":0.265,"c3":0.618,"c4":0.43},{"time":0.1,"x":-3.48,"y":-1.37,"curve":0.325,"c2":0.31,"c3":0.675,"c4":0.69},{"time":0.2,"x":0.67,"y":-2.17,"curve":0.382,"c2":0.57,"c3":0.735},{"time":0.3,"x":3.96,"y":0.57,"curve":0.265,"c3":0.618,"c4":0.43},{"time":0.4,"x":0.05,"y":-6.54,"curve":0.325,"c2":0.31,"c3":0.675,"c4":0.69},{"time":0.5,"x":-7.64,"y":-3.19,"curve":0.382,"c2":0.57,"c3":0.735},{"time":0.6}]},"maqiantui3":{"rotate":[{"angle":-42.99,"curve":0.265,"c3":0.618,"c4":0.43},{"time":0.1,"angle":-103.2,"curve":0.325,"c2":0.31,"c3":0.675,"c4":0.69},{"time":0.2,"angle":-88.78,"curve":0.382,"c2":0.57,"c3":0.735},{"time":0.3,"angle":-38.81,"curve":0.265,"c3":0.618,"c4":0.43},{"time":0.4,"angle":-3.29,"curve":0.325,"c2":0.31,"c3":0.675,"c4":0.69},{"time":0.5,"angle":-1.24,"curve":0.382,"c2":0.57,"c3":0.735},{"time":0.6,"angle":-42.99}]},"maqiantui4":{"rotate":[{"angle":0.59,"curve":0.265,"c3":0.618,"c4":0.43},{"time":0.1,"angle":-84.93,"curve":0.351,"c2":0.4,"c3":0.757},{"time":0.3,"angle":-34.69,"curve":0.243,"c3":0.649,"c4":0.6},{"time":0.5,"angle":10.02,"curve":0.382,"c2":0.57,"c3":0.735},{"time":0.6,"angle":0.59}]},"shenti":{"rotate":[{"angle":-4.96,"curve":0.369,"c2":0.47,"c3":0.753},{"time":0.1667,"angle":-0.52,"curve":0.25,"c3":0.75},{"time":0.4667,"angle":-8.27,"curve":0.254,"c3":0.621,"c4":0.47},{"time":0.6,"angle":-4.96}]},"tou":{"rotate":[{"curve":0.25,"c3":0.75},{"time":0.3,"angle":11.74,"curve":0.25,"c3":0.75},{"time":0.6}]},"youshou2":{"rotate":[{"angle":-1.47,"curve":0.25,"c3":0.75},{"time":0.3,"angle":11.37,"curve":0.25,"c3":0.75},{"time":0.6,"angle":-1.47}]},"zuoshouzhang2":{"rotate":[{"angle":-2.54,"curve":0.25,"c3":0.75},{"time":0.3,"angle":19.22,"curve":0.25,"c3":0.75},{"time":0.6,"angle":-2.54}]}}}}}