{"skeleton":{"hash":"Kd/zmPJfjToYmh/dOOzBZsKF3Hw","spine":"3.8.86","x":-162.03,"y":-95.3,"width":377.94,"height":194.43,"images":"./images/","audio":"I:/A_1/2D射击项目/动画/坦克动画/youjuntanke1/images"},"bones":[{"name":"root","y":-84.46},{"name":"bone","parent":"root","rotation":1.04,"x":-0.36,"y":10.88},{"name":"tanke","parent":"bone","x":1,"y":41.52},{"name":"paotai","parent":"tanke","x":-2.19,"y":63.95},{"name":"root_paotai","parent":"paotai","x":188.78,"y":11.39},{"name":"luntai5","parent":"tanke","x":-124.26,"y":-20.18},{"name":"luntai3","parent":"tanke","x":-75.07,"y":-28.62},{"name":"luntai2","parent":"tanke","x":-35.48,"y":-29.53},{"name":"luntai1","parent":"tanke","x":4.72,"y":-30.62},{"name":"luntai4","parent":"tanke","x":49.59,"y":-25.8},{"name":"huihuai","parent":"bone","x":4.06,"y":58.91}],"slots":[{"name":"huihuai","bone":"huihuai","attachment":"huihuai"},{"name":"tanke","bone":"tanke","attachment":"tanke"},{"name":"paotai","bone":"paotai","attachment":"paotai"},{"name":"luntai5","bone":"luntai5","attachment":"luntai5"},{"name":"luntai4","bone":"luntai4","attachment":"luntai4"},{"name":"luntai3","bone":"luntai3","attachment":"luntai3"},{"name":"luntai2","bone":"luntai2","attachment":"luntai2"},{"name":"luntai1","bone":"luntai1","attachment":"luntai1"}],"skins":[{"name":"default","attachments":{"huihuai":{"huihuai":{"x":24.99,"y":-9.27,"rotation":-0.07,"width":374,"height":136}},"luntai1":{"luntai1":{"x":0.42,"y":0.26,"width":38,"height":38}},"luntai2":{"luntai2":{"x":0.12,"y":0.16,"width":39,"height":38}},"luntai3":{"luntai3":{"x":0.21,"y":-0.25,"width":38,"height":37}},"luntai4":{"luntai4":{"x":1.05,"y":-0.56,"width":53,"height":50}},"luntai5":{"luntai5":{"x":0.9,"y":-0.18,"width":53,"height":50}},"paotai":{"paotai":{"x":57.83,"y":25.69,"width":283,"height":76}},"tanke":{"tanke":{"x":27.14,"y":27.64,"width":374,"height":176}}}}],"animations":{"attack":{"slots":{"huihuai":{"attachment":[{"name":null}]}},"bones":{"tanke":{"rotate":[{},{"time":0.1333,"angle":-0.29},{"time":0.2667,"angle":0.54},{"time":0.4,"angle":-0.42},{"time":0.5333,"angle":0.27},{"time":0.6667}],"translate":[{},{"time":0.0667,"x":4.43,"y":-0.08},{"time":0.1333,"x":-2.35,"y":1.21},{"time":0.2667,"x":-11.34,"y":0.21},{"time":0.6667}]},"paotai":{"rotate":[{},{"time":0.0667,"angle":-0.69},{"time":0.1333,"angle":5.35},{"time":0.2667,"angle":2.08},{"time":0.4,"angle":2.5},{"time":0.5333,"angle":-0.33},{"time":0.6667}],"translate":[{},{"time":0.0667,"x":13.91,"y":-0.62},{"time":0.1333,"x":-3.59,"y":-1.28},{"time":0.2667,"x":-10.33,"y":-0.27},{"time":0.4,"x":-5.83,"y":-1.54},{"time":0.5333,"x":-1.81,"y":0.92},{"time":0.6667}],"scale":[{},{"time":0.0667,"x":1.029},{"time":0.1333,"x":0.955},{"time":0.2667,"x":0.984},{"time":0.6667}]},"luntai5":{"rotate":[{},{"time":0.0667,"angle":-14.69},{"time":0.1333,"angle":4.18},{"time":0.2667,"angle":49.59},{"time":0.4,"angle":33.84},{"time":0.5333,"angle":16.45},{"time":0.6667}],"translate":[{},{"time":0.0667,"x":1.38,"y":-1.92},{"time":0.1333,"x":-2.83,"y":-3.4},{"time":0.2667,"x":-1.06,"y":-0.97},{"time":0.4,"x":-4.23,"y":-3.12},{"time":0.5333,"x":0.64,"y":-0.19},{"time":0.6667}],"scale":[{},{"time":0.1333,"x":1.028,"y":0.983},{"time":0.2667,"x":0.995,"y":1.005},{"time":0.4,"x":1.029,"y":0.986},{"time":0.5333,"x":0.99,"y":1.018},{"time":0.6667}]},"luntai3":{"rotate":[{},{"time":0.0667,"angle":-20.26},{"time":0.1333,"angle":-1.03},{"time":0.2667,"angle":45.29},{"time":0.4,"angle":30.97},{"time":0.5333,"angle":15.01},{"time":0.6667}],"translate":[{},{"time":0.0667,"x":-0.46,"y":0.95},{"time":0.1333,"x":-4.24,"y":-0.3},{"time":0.2667,"x":-6.41,"y":0.84},{"time":0.4,"x":-6.19,"y":-0.76},{"time":0.5333,"x":-1.59,"y":0.08},{"time":0.6667}],"scale":[{},{"time":0.1333,"x":1.028,"y":0.983},{"time":0.2667,"x":0.995,"y":1.005},{"time":0.4,"x":1.029,"y":0.986},{"time":0.5333,"x":0.99,"y":1.018},{"time":0.6667}]},"luntai2":{"rotate":[{},{"time":0.0667,"angle":-15.17},{"time":0.1333,"angle":5.56},{"time":0.2667,"angle":55.61},{"time":0.4,"angle":37.85},{"time":0.5333,"angle":18.45},{"time":0.6667}],"translate":[{},{"time":0.0667,"x":-0.49,"y":-0.94},{"time":0.1333,"x":-3.28,"y":-1.77},{"time":0.2667,"x":-7.14,"y":-0.99},{"time":0.4,"x":-5.38,"y":-1.06},{"time":0.5333,"x":-2.18,"y":-0.7},{"time":0.6667}],"scale":[{},{"time":0.1333,"x":1.028,"y":0.983},{"time":0.2667,"x":0.995,"y":1.005},{"time":0.4,"x":1.029,"y":0.986},{"time":0.5333,"x":0.99,"y":1.018},{"time":0.6667}]},"luntai1":{"rotate":[{},{"time":0.0667,"angle":-16.85},{"time":0.1333,"angle":1.94},{"time":0.2667,"angle":47.16},{"time":0.4,"angle":32.22},{"time":0.5333,"angle":15.63},{"time":0.6667}],"translate":[{},{"time":0.0667,"x":-1.9,"y":-0.44},{"time":0.1333,"x":-3.56,"y":-0.97},{"time":0.2667,"x":-8.67,"y":-0.69},{"time":0.4,"x":-5.12,"y":0.04},{"time":0.5333,"x":-3.04,"y":-0.77},{"time":0.6667}],"scale":[{},{"time":0.1333,"x":1.028,"y":0.983},{"time":0.2667,"x":0.995,"y":1.005},{"time":0.4,"x":1.029,"y":0.986},{"time":0.5333,"x":0.99,"y":1.018},{"time":0.6667}]},"luntai4":{"rotate":[{},{"time":0.0667,"angle":-12.2},{"time":0.1333,"angle":2.88},{"time":0.2667,"angle":38.81},{"time":0.4,"angle":26.65},{"time":0.5333,"angle":12.85},{"time":0.6667}],"translate":[{},{"time":0.0667,"x":-3.34,"y":-1.36},{"time":0.1333,"x":-3.5,"y":-2.18},{"time":0.2667,"x":-9.38,"y":-3.72},{"time":0.4,"x":-4.23,"y":-1.02},{"time":0.5333,"x":-3.64,"y":-1.88},{"time":0.6667}],"scale":[{},{"time":0.1333,"x":1.028,"y":0.983},{"time":0.2667,"x":0.995,"y":1.005},{"time":0.4,"x":1.029,"y":0.986},{"time":0.5333,"x":0.99,"y":1.018},{"time":0.6667}]}}},"death":{"slots":{"huihuai":{"color":[{"color":"ffffff00"},{"time":0.1667,"color":"ffffffff"}]},"luntai1":{"color":[{"time":0.1,"color":"ffffffff"},{"time":0.1667,"color":"ffffff00"}]},"luntai2":{"color":[{"time":0.1,"color":"ffffffff"},{"time":0.1667,"color":"ffffff00"}]},"luntai3":{"color":[{"time":0.1,"color":"ffffffff"},{"time":0.1667,"color":"ffffff00"}]},"luntai4":{"color":[{"time":0.1,"color":"ffffffff"},{"time":0.1667,"color":"ffffff00"}]},"luntai5":{"color":[{"time":0.1,"color":"ffffffff"},{"time":0.1667,"color":"ffffff00"}]},"paotai":{"color":[{"time":0.1,"color":"ffffffff"},{"time":0.1667,"color":"ffffff00"}]},"tanke":{"color":[{"time":0.1,"color":"ffffffff"},{"time":0.1667,"color":"ffffff00"}]}},"bones":{"tanke":{"translate":[{},{"time":0.0667,"x":-4.44,"y":0.84},{"time":0.1667,"x":-4.55,"y":-5.11}],"scale":[{},{"time":0.0667,"x":0.97,"y":1.022},{"time":0.1667,"x":0.97,"y":0.91}]},"paotai":{"rotate":[{},{"time":0.0667,"angle":12.71},{"time":0.1667,"angle":2.19}]},"huihuai":{"rotate":[{"time":1}],"translate":[{"x":0.65,"y":35.75},{"time":0.3333,"curve":0.25,"c3":0.75},{"time":0.5,"x":0.08,"y":4.47},{"time":0.6667,"x":0.03,"y":1.74}],"scale":[{"y":1.477},{"time":0.3333,"curve":0.25,"c3":0.75},{"time":0.5,"y":1.043},{"time":0.6667,"y":1.012}]}},"drawOrder":[{"offsets":[{"slot":"huihuai","offset":7}]}]},"idle":{"slots":{"huihuai":{"attachment":[{"name":null}]}},"bones":{"tanke":{"translate":[{},{"time":0.5,"x":2.29,"y":-2.91},{"time":1}],"scale":[{},{"time":0.5,"y":0.95},{"time":1}]},"paotai":{"rotate":[{},{"time":0.2667,"angle":0.82},{"time":0.5,"angle":-0.21},{"time":0.7333,"angle":-0.76},{"time":1}],"translate":[{},{"time":0.5,"x":-0.05,"y":0.59},{"time":1}],"scale":[{},{"time":0.5,"y":1.053},{"time":1}]},"luntai5":{"rotate":[{"curve":0.25,"c3":0.75},{"time":0.5,"angle":-18.57,"curve":0.25,"c3":0.75},{"time":1}],"translate":[{"curve":0.25,"c3":0.75},{"time":0.5,"x":0.98,"y":1.44,"curve":0.25,"c3":0.75},{"time":1}],"scale":[{"curve":0.25,"c3":0.75},{"time":0.5,"y":1.053,"curve":0.25,"c3":0.75},{"time":1}]},"luntai3":{"rotate":[{"curve":0.25,"c3":0.75},{"time":0.5,"angle":-18.02,"curve":0.25,"c3":0.75},{"time":1}],"translate":[{"curve":0.25,"c3":0.75},{"time":0.5,"x":0.05,"y":1.5,"curve":0.25,"c3":0.75},{"time":1}],"scale":[{"curve":0.25,"c3":0.75},{"time":0.5,"y":1.053,"curve":0.25,"c3":0.75},{"time":1}]},"luntai2":{"rotate":[{"curve":0.25,"c3":0.75},{"time":0.5,"angle":-14.34,"curve":0.25,"c3":0.75},{"time":1}],"translate":[{"curve":0.25,"c3":0.75},{"time":0.5,"x":1.92,"y":1.41,"curve":0.25,"c3":0.75},{"time":1}],"scale":[{"curve":0.25,"c3":0.75},{"time":0.5,"y":1.053,"curve":0.25,"c3":0.75},{"time":1}]},"luntai1":{"rotate":[{"curve":0.25,"c3":0.75},{"time":0.5,"angle":-15.53,"curve":0.25,"c3":0.75},{"time":1}],"translate":[{"curve":0.25,"c3":0.75},{"time":0.5,"x":0.07,"y":2.38,"curve":0.25,"c3":0.75},{"time":1}],"scale":[{"curve":0.25,"c3":0.75},{"time":0.5,"y":1.053,"curve":0.25,"c3":0.75},{"time":1}]},"luntai4":{"rotate":[{"curve":0.25,"c3":0.75},{"time":0.5,"angle":-13.28,"curve":0.25,"c3":0.75},{"time":1}],"translate":[{"curve":0.25,"c3":0.75},{"time":0.5,"x":0.03,"y":0.66,"curve":0.25,"c3":0.75},{"time":1}],"scale":[{"curve":0.25,"c3":0.75},{"time":0.5,"y":1.053,"curve":0.25,"c3":0.75},{"time":1}]}}},"run":{"slots":{"huihuai":{"attachment":[{"name":null}]}},"bones":{"tanke":{"translate":[{},{"time":0.1667,"x":1.67,"y":0.7},{"time":0.3333,"x":0.03,"y":1.47},{"time":0.5,"x":-2.09,"y":0.77},{"time":0.6667}],"scale":[{},{"time":0.1667,"x":1.004,"y":1.005},{"time":0.3333,"y":1.01},{"time":0.5,"x":1.004,"y":1.005},{"time":0.6667}]},"paotai":{"rotate":[{},{"time":0.1667,"angle":-0.35},{"time":0.3333,"angle":0.47},{"time":0.5,"angle":1.5},{"time":0.6667}],"translate":[{},{"time":0.1667,"x":-0.02,"y":-0.96},{"time":0.3333,"x":0.47,"y":-0.65},{"time":0.6667}],"scale":[{},{"time":0.1667,"x":0.996,"y":0.995},{"time":0.3333,"y":0.99},{"time":0.5,"x":0.996,"y":0.995},{"time":0.6667}]},"luntai5":{"rotate":[{},{"time":0.1667,"angle":-92.25},{"time":0.3333,"angle":177.57},{"time":0.5,"angle":87.56},{"time":0.6667}],"translate":[{},{"time":0.1667,"x":1.59,"y":-0.58},{"time":0.3333,"x":3.24,"y":-3.21},{"time":0.5,"x":4.51,"y":-0.65},{"time":0.6667}],"scale":[{"y":1.02},{"time":0.1667,"x":0.987,"y":1.02},{"time":0.3333,"x":0.996,"y":0.995},{"time":0.5,"x":0.996,"y":1.02},{"time":0.6667,"y":1.02}]},"luntai3":{"rotate":[{},{"time":0.1667,"angle":-89.47},{"time":0.3333,"angle":180},{"time":0.5,"angle":88.74},{"time":0.6667}],"translate":[{},{"time":0.1667,"x":-0.87,"y":-0.74},{"time":0.3333,"x":-0.44,"y":-3.31},{"time":0.5,"x":2.37,"y":-0.81},{"time":0.6667}],"scale":[{},{"time":0.1667,"x":0.987},{"time":0.3333,"x":0.996,"y":0.975},{"time":0.5,"x":0.996},{"time":0.6667}]},"luntai2":{"rotate":[{},{"time":0.1667,"angle":-91.14},{"time":0.3333,"angle":178.05},{"time":0.5,"angle":88.69},{"time":0.6667}],"translate":[{},{"time":0.1667,"x":-1.19,"y":-0.16},{"time":0.3333,"x":-0.05,"y":-2.16},{"time":0.5,"x":2.32,"y":-0.23},{"time":0.6667}],"scale":[{},{"time":0.1667,"x":0.987},{"time":0.3333,"x":0.996,"y":0.975},{"time":0.5,"x":0.996},{"time":0.6667}]},"luntai1":{"rotate":[{},{"time":0.1667,"angle":-90.24},{"time":0.3333,"angle":178.28},{"time":0.5,"angle":87.67},{"time":0.6667}],"translate":[{},{"time":0.1667,"x":-3.17,"y":-0.33},{"time":0.3333,"x":-2.99,"y":-2.46},{"time":0.5,"x":0.6,"y":-0.4},{"time":0.6667}],"scale":[{},{"time":0.1667,"x":0.987},{"time":0.3333,"x":0.996,"y":0.975},{"time":0.5,"x":0.996},{"time":0.6667}]},"luntai4":{"rotate":[{},{"time":0.1667,"angle":-91.38},{"time":0.3333,"angle":179.67},{"time":0.5,"angle":89.06},{"time":0.6667}],"translate":[{},{"time":0.1667,"x":-3.94,"y":-0.52},{"time":0.3333,"x":-3.37,"y":-2.95},{"time":0.5,"x":0.14,"y":-0.59},{"time":0.6667}],"scale":[{},{"time":0.1667,"x":0.987},{"time":0.3333,"x":0.996,"y":0.975},{"time":0.5,"x":0.996},{"time":0.6667}]}}}}}