{"skeleton":{"hash":"sJM0RfUhZsL0TsDTs4/16Xo+v4A","spine":"3.8.86","x":-22.08,"y":-51.9,"width":221,"height":134.5,"images":"./images/","audio":"I:/A_1/2D射击项目/动画/zhujue/images"},"bones":[{"name":"root","y":-51.77},{"name":"root_juese","parent":"root","x":0.58,"y":39.92},{"name":"root_shang","parent":"root_juese","x":0.52,"y":4.18},{"name":"root_xia","parent":"root_juese","x":0.2,"y":-4.8},{"name":"thigh_r","parent":"root_xia","length":19.23,"rotation":-83.17,"x":-7.73,"y":5.49},{"name":"calf_r","parent":"thigh_r","length":18.57,"rotation":-36.68,"x":20.22,"y":-1.36},{"name":"calf_r2","parent":"calf_r","length":11.29,"rotation":116.27,"x":18.64,"y":0.04},{"name":"thigh_l","parent":"root_xia","length":17.78,"rotation":-74.71,"x":4.72,"y":4.41},{"name":"calf_l","parent":"thigh_l","length":15.31,"rotation":-25.37,"x":18.76,"y":-1.52},{"name":"calf_l2","parent":"calf_l","length":11.17,"rotation":94.58,"x":15.65,"y":0.4},{"name":"spine1","parent":"root_shang","length":26.35,"rotation":66.94,"x":-5.22,"y":2.03},{"name":"head","parent":"spine1","length":36.21,"rotation":5.29,"x":28.08,"y":2.34},{"name":"root_qiang","parent":"spine1","rotation":-66.94,"x":15.02,"y":11.02},{"name":"upperarm","parent":"root_qiang","length":19.7,"rotation":-37.28,"x":1.07,"y":-1.08},{"name":"hand_r","parent":"upperarm","length":19.7,"rotation":50.32,"x":20.86,"y":-0.74},{"name":"hand_r2","parent":"hand_r","length":14.99,"rotation":-13.76,"x":20.92,"y":-0.4},{"name":"weapons1","parent":"hand_r2","x":11.96,"y":5.81},{"name":"weapons4","parent":"hand_r2","x":123.66,"y":53.53},{"name":"weapons3","parent":"hand_r2","x":87.38,"y":-1.74},{"name":"weapons2","parent":"hand_r2","x":60.58,"y":-35.37},{"name":"hand_l","parent":"upperarm","length":18.37,"rotation":36.77,"x":21.52,"y":8.29},{"name":"root_weapons4","parent":"weapons4","x":43.22,"y":12.06},{"name":"root_weapons3","parent":"weapons3","x":72.61,"y":15.63},{"name":"root_weapons2","parent":"weapons2","x":82.85,"y":12.22},{"name":"root_weapons1","parent":"weapons1","x":28.75,"y":7.29}],"slots":[{"name":"calf_l","bone":"calf_l","attachment":"calf_l"},{"name":"thigh_l","bone":"thigh_l","attachment":"thigh_l"},{"name":"calf_r","bone":"calf_r","attachment":"calf_r"},{"name":"thigh_r","bone":"thigh_r","attachment":"thigh_r"},{"name":"hand_l","bone":"hand_l","attachment":"hand_l"},{"name":"spine2","bone":"spine1","attachment":"spine2"},{"name":"head","bone":"head","attachment":"head"},{"name":"spine1","bone":"spine1","attachment":"spine1"},{"name":"weapons4","bone":"weapons4","attachment":"weapons4"},{"name":"weapons3","bone":"weapons3","attachment":"weapons3"},{"name":"weapons2","bone":"weapons2","attachment":"weapons2"},{"name":"weapons1","bone":"weapons1","attachment":"weapons1"},{"name":"hand_r","bone":"hand_r","attachment":"hand_r"},{"name":"upperarm","bone":"upperarm","attachment":"upperarm"}],"skins":[{"name":"default","attachments":{"calf_l":{"calf_l":{"type":"mesh","uvs":[0.79767,0.49148,0.86321,0.53487,1,0.58167,1,1,0,1,0,0,0.83452,0,0.60002,0.59198,0.65362,0.62033,0.30523,0.80071],"triangles":[4,5,9,9,5,7,8,7,0,0,7,6,6,7,5,9,8,3,8,0,1,8,2,3,8,1,2,9,7,8,4,9,3],"vertices":[1,8,6.6,8.18,1,1,9,9.89,7.4,1,1,9,12.73,6.45,1,1,9,13.77,-4.38,1,2,9,-6.14,-6.3,0.5,8,22.41,-5.22,0.5,1,8,-3.18,-9.77,1,1,8,-6.11,6.66,1,1,8,9.87,4.74,1,1,9,5.93,4.78,1,2,9,-0.56,-0.55,0.52,8,16.24,-0.11,0.48],"hull":7,"edges":[6,8,8,10,10,12,12,0,0,14,14,16,6,4,16,4,14,18,18,8,16,18,16,2,0,2,2,4],"width":20,"height":26}},"calf_r":{"calf_r":{"type":"mesh","uvs":[1,0.38992,1,0.67991,1,1,0,1,0,0.75226,0.14486,0.48095,0.24886,0,1,0,0.31386,0.82234,0.82605,0.53069,0.81565,0.60078],"triangles":[3,8,2,8,10,2,10,1,2,4,5,8,9,0,1,9,8,5,7,0,9,9,5,6,9,6,7,3,4,8,10,8,9,10,9,1],"vertices":[1,5,3.2,7.38,1,1,6,13.83,3.94,1,1,6,14.29,-3.41,1,2,5,25.32,-2.98,0.51,6,-5.67,-4.65,0.49,1,5,20.38,-5.82,1,1,5,13.53,-6.41,1,1,5,2.9,-10.11,1,1,5,-4.58,2.92,1,2,5,18.66,0.43,0.51,6,0.34,-0.18,0.49,1,5,7.74,5.98,1,2,5,9.24,6.6,0.51,6,10.04,5.53,0.49],"hull":8,"edges":[4,6,12,14,12,10,6,8,10,8,6,16,16,18,18,20,20,16,4,2,20,2,2,0,0,14,18,0],"width":20,"height":23}},"hand_l":{"hand_l":{"x":12.59,"y":-0.76,"rotation":0.51,"width":35,"height":14}},"hand_r":{"hand_r":{"type":"mesh","uvs":[1,1,0.50349,1,0,1,0,0.32678,0.49304,0.15198,0.58294,0,1,0,0.53695,0.48318],"triangles":[7,1,3,7,3,4,3,1,2,7,4,5,1,7,0,0,7,6,7,5,6],"vertices":[1,15,19.72,-9.17,1,2,15,-2.12,-9.44,0.65303,14,16.62,-9.07,0.34697,1,14,-4.96,-4.07,1,1,14,-1.92,9.05,1,2,15,-2.79,7.51,0.29009,14,20,7.56,0.70991,2,15,1.12,10.6,0.69009,14,24.54,9.63,0.30991,1,15,19.47,10.83,1,2,15,-0.78,0.91,0.3138,14,20.38,0.67,0.6862],"hull":7,"edges":[0,12,4,6,6,8,8,14,0,2,2,4,14,2,10,12,8,10],"width":44,"height":20}},"head":{"head":{"x":17,"y":2.62,"rotation":-72.23,"width":59,"height":50}},"spine1":{"spine1":{"x":13.71,"y":4.17,"rotation":-66.94,"width":39,"height":45}},"spine2":{"spine2":{"x":13.02,"y":-10.8,"rotation":-66.94,"width":26,"height":32}},"thigh_l":{"thigh_l":{"x":9.11,"y":0.54,"rotation":74.71,"width":21,"height":26}},"thigh_r":{"thigh_r":{"type":"mesh","uvs":[1,0.3602,1,1,0,1,0,0.37246,0,0,0.51916,0,1,0,0.52511,0.36602],"triangles":[5,6,0,7,5,0,7,3,4,7,4,5,2,3,7,7,0,1,2,7,1],"vertices":[8.01,12,27.07,9.72,24.1,-15.11,5.4,-12.87,-5.69,-11.54,-4.15,1.35,-2.72,13.29,6.77,0.19],"hull":7,"edges":[2,4,4,6,6,8,2,0,0,12,8,10,10,12,0,14,14,6,10,14],"width":25,"height":30}},"upperarm":{"upperarm":{"x":6.58,"y":-1.66,"rotation":37.28,"width":30,"height":26}}}},{"name":"weapons1","attachments":{"weapons1":{"weapons1":{"x":9.59,"y":-0.95,"rotation":0.71,"width":38,"height":28}}}},{"name":"weapons2","attachments":{"weapons2":{"weapons2":{"x":34.45,"y":2.14,"rotation":0.71,"width":98,"height":34}}}},{"name":"weapons3","attachments":{"weapons3":{"weapons3":{"x":16.1,"y":12.39,"rotation":0.71,"width":114,"height":45}}}},{"name":"weapons4","attachments":{"weapons4":{"weapons4":{"x":-15.78,"y":5.9,"rotation":0.71,"width":122,"height":44}}}}],"animations":{"attack1":{"bones":{"thigh_r":{"rotate":[{},{"time":0.0667,"angle":-0.94},{"time":0.2667}],"translate":[{},{"time":0.0667,"x":0.24,"y":-0.24},{"time":0.1667,"x":-0.36,"y":-0.12},{"time":0.2667}]},"calf_r":{"rotate":[{},{"time":0.0667,"angle":1.02},{"time":0.1667,"angle":0.25},{"time":0.2667}],"translate":[{},{"time":0.0667,"x":-0.36,"y":0.23},{"time":0.1667,"x":-0.17,"y":0.48},{"time":0.2667}]},"thigh_l":{"rotate":[{},{"time":0.0667,"angle":-0.94},{"time":0.2667}],"translate":[{},{"time":0.0667,"x":0.24,"y":-0.24},{"time":0.1667,"x":-0.36,"y":-0.12},{"time":0.2667}]},"calf_l":{"rotate":[{},{"time":0.0667,"angle":1.02},{"time":0.1667,"angle":0.25},{"time":0.2667}],"translate":[{},{"time":0.0667,"x":-0.32,"y":0.28},{"time":0.1667,"x":-0.1,"y":0.5},{"time":0.2667}]},"spine1":{"rotate":[{},{"time":0.0667,"angle":-1.46},{"time":0.1667,"angle":3.04},{"time":0.2667}],"translate":[{},{"time":0.0667,"x":0.36,"y":-0.37},{"time":0.1667,"x":-1.05,"y":-0.26},{"time":0.2667}]},"head":{"rotate":[{"angle":-0.63},{"time":0.0667,"angle":-6.81},{"time":0.1667,"angle":-9.75},{"time":0.2667,"angle":-0.63}],"translate":[{"x":-0.19,"y":-0.08}]},"upperarm":{"rotate":[{"angle":-1.53},{"time":0.0333,"angle":-2.98},{"time":0.0667,"angle":7.56},{"time":0.1,"angle":6.76},{"time":0.1667,"angle":2.61},{"time":0.2667,"angle":-1.53}],"translate":[{"y":-0.32}]},"hand_r":{"rotate":[{"time":0.0333},{"time":0.1,"angle":-3.84},{"time":0.1667,"angle":4.41},{"time":0.2667}]},"hand_r2":{"rotate":[{},{"time":0.0333,"angle":-5.67},{"time":0.1,"angle":9.77},{"time":0.1667,"angle":5.9},{"time":0.2667}]},"weapons4":{"translate":[{"x":-118.94,"y":-42.49}]},"weapons3":{"translate":[{"x":-79.63,"y":3.83}]},"weapons2":{"translate":[{"x":-71.78,"y":34.97}]}}},"attack2":{"bones":{"thigh_r":{"rotate":[{},{"time":0.1333,"angle":-0.94},{"time":0.3,"angle":5.42},{"time":0.5}],"translate":[{},{"time":0.1333,"x":0.24,"y":-0.24},{"time":0.3,"x":-3.64,"y":-0.39},{"time":0.5}]},"calf_r":{"rotate":[{},{"time":0.1333,"angle":1.02},{"time":0.3,"angle":0.25},{"time":0.5}],"translate":[{},{"time":0.1333,"x":-0.36,"y":0.23},{"time":0.3,"x":-1.03,"y":0.39},{"time":0.5}]},"calf_r2":{"rotate":[{},{"time":0.3,"angle":-5.58},{"time":0.5}],"translate":[{},{"time":0.3,"x":-0.86,"y":-0.09},{"time":0.5}]},"thigh_l":{"rotate":[{},{"time":0.1333,"angle":-0.94},{"time":0.3,"angle":3.24},{"time":0.5}],"translate":[{},{"time":0.1333,"x":0.24,"y":-0.24},{"time":0.3,"x":-0.36,"y":1.52},{"time":0.5}]},"calf_l":{"rotate":[{},{"time":0.1333,"angle":1.02},{"time":0.3,"angle":-6.14},{"time":0.5}],"translate":[{},{"time":0.1333,"x":-0.32,"y":0.28},{"time":0.3,"x":1.28,"y":0.33},{"time":0.5}]},"calf_l2":{"translate":[{},{"time":0.1333,"x":0.32,"y":0.09},{"time":0.3,"x":0.8,"y":0.18},{"time":0.5}]},"spine1":{"rotate":[{},{"time":0.1333,"angle":-1.46},{"time":0.3,"angle":16.96},{"time":0.5}],"translate":[{},{"time":0.1333,"x":0.36,"y":-0.37},{"time":0.3,"x":-3.78,"y":-0.54},{"time":0.5}]},"head":{"rotate":[{"angle":-0.63},{"time":0.1333,"angle":-14.65},{"time":0.3,"angle":-16.81},{"time":0.5,"angle":-0.63}],"translate":[{"x":-0.19,"y":-0.08}]},"upperarm":{"rotate":[{"angle":-1.53},{"time":0.0667,"angle":-14.23},{"time":0.1,"angle":14.02},{"time":0.1667,"angle":28.33},{"time":0.3,"angle":10.47},{"time":0.5,"angle":-1.53}],"translate":[{"y":-0.32}]},"hand_r":{"rotate":[{},{"time":0.0667,"angle":2.54},{"time":0.1667,"angle":-19},{"time":0.3,"angle":-7.33},{"time":0.5}],"translate":[{"time":0.0667},{"time":0.1667,"x":-2.82,"y":-0.01},{"time":0.3}]},"hand_r2":{"rotate":[{},{"time":0.0667,"angle":-4.47},{"time":0.1667,"angle":9.21},{"time":0.3,"angle":5.9},{"time":0.5}],"translate":[{},{"time":0.0667,"x":1.09,"y":-0.46},{"time":0.1667,"x":-5.61,"y":1.7},{"time":0.3}]},"weapons4":{"translate":[{"x":-118.94,"y":-42.49}]},"weapons3":{"translate":[{"x":-79.63,"y":3.83}]},"weapons2":{"translate":[{"x":-71.78,"y":34.97}]}}},"crouch":{"bones":{"thigh_r":{"rotate":[{"angle":36.51,"curve":0.25,"c3":0.75},{"time":0.5,"angle":37.56,"curve":0.25,"c3":0.75},{"time":1,"angle":36.51}],"translate":[{"x":-4.75,"y":-14.18,"curve":0.25,"c3":0.75},{"time":0.5,"x":-4.75,"y":-16.09,"curve":0.25,"c3":0.75},{"time":1,"x":-4.75,"y":-14.18}]},"calf_r":{"rotate":[{"angle":-73.23,"curve":0.25,"c3":0.75},{"time":0.5,"angle":-76.09,"curve":0.25,"c3":0.75},{"time":1,"angle":-73.23}],"translate":[{"x":0.63,"y":-0.59,"curve":0.25,"c3":0.75},{"time":0.5,"x":-0.77,"y":-0.09,"curve":0.25,"c3":0.75},{"time":1,"x":0.63,"y":-0.59}]},"calf_r2":{"rotate":[{"angle":44.92,"curve":0.25,"c3":0.75},{"time":0.5,"angle":46.01,"curve":0.25,"c3":0.75},{"time":1,"angle":44.92}]},"thigh_l":{"rotate":[{"angle":44.21,"curve":0.25,"c3":0.75},{"time":0.5,"angle":46,"curve":0.25,"c3":0.75},{"time":1,"angle":44.21}],"translate":[{"x":-4.75,"y":-14.18,"curve":0.25,"c3":0.75},{"time":0.5,"x":-4.75,"y":-15.66,"curve":0.25,"c3":0.75},{"time":1,"x":-4.75,"y":-14.18}]},"calf_l":{"rotate":[{"angle":-73.19,"curve":0.25,"c3":0.75},{"time":0.5,"angle":-76.66,"curve":0.25,"c3":0.75},{"time":1,"angle":-73.19}],"translate":[{"x":-1.09,"y":1.85,"curve":0.25,"c3":0.75},{"time":0.5,"x":-2.41,"y":2.26,"curve":0.25,"c3":0.75},{"time":1,"x":-1.09,"y":1.85}]},"calf_l2":{"rotate":[{"angle":31.38}]},"spine1":{"rotate":[{"curve":0.25,"c3":0.75},{"time":0.5,"angle":0.74,"curve":0.25,"c3":0.75},{"time":1}],"translate":[{"x":-1.88,"y":-13.36,"curve":0.25,"c3":0.75},{"time":0.5,"x":-1.88,"y":-16.98,"curve":0.25,"c3":0.75},{"time":1,"x":-1.88,"y":-13.36}]},"head":{"rotate":[{"angle":-6.38,"curve":0.382,"c2":0.57,"c3":0.735},{"time":0.1667,"angle":-5.75},{"time":0.6667,"angle":-7.98,"curve":0.243,"c3":0.649,"c4":0.6},{"time":1,"angle":-6.38}],"translate":[{"x":-3.27,"y":-2.27,"curve":0.382,"c2":0.57,"c3":0.735},{"time":0.1667,"x":-3.08,"y":-2.19},{"time":0.6667,"x":-3.75,"y":-2.48,"curve":0.243,"c3":0.649,"c4":0.6},{"time":1,"x":-3.27,"y":-2.27}]},"upperarm":{"rotate":[{"angle":-1.53,"curve":0.372,"c2":0.48,"c3":0.752},{"time":0.2667},{"time":0.7667,"angle":-2.82,"curve":0.252,"c3":0.622,"c4":0.48},{"time":1,"angle":-1.53}],"translate":[{"y":-0.32,"curve":0.372,"c2":0.48,"c3":0.752},{"time":0.2667},{"time":0.7667,"x":-0.01,"y":-0.59,"curve":0.252,"c3":0.622,"c4":0.48},{"time":1,"y":-0.32}]},"hand_r":{"rotate":[{"curve":0.25,"c3":0.75},{"time":0.5,"angle":4.88,"curve":0.25,"c3":0.75},{"time":1}]},"hand_r2":{"rotate":[{"curve":0.25,"c3":0.75},{"time":0.5,"angle":-2.24,"curve":0.25,"c3":0.75},{"time":1}]},"weapons4":{"translate":[{"x":-118.94,"y":-42.49}]},"weapons3":{"translate":[{"x":-79.32,"y":4.18}]},"weapons2":{"translate":[{"x":-71.09,"y":36.05}]}}},"idle":{"bones":{"thigh_r":{"rotate":[{"curve":0.25,"c3":0.75},{"time":0.5,"angle":1.05,"curve":0.25,"c3":0.75},{"time":1}],"translate":[{"curve":0.25,"c3":0.75},{"time":0.5,"y":-1.91,"curve":0.25,"c3":0.75},{"time":1}]},"calf_r":{"rotate":[{"curve":0.25,"c3":0.75},{"time":0.5,"angle":-2.87,"curve":0.25,"c3":0.75},{"time":1}],"translate":[{"curve":0.25,"c3":0.75},{"time":0.5,"x":-1.39,"y":0.5,"curve":0.25,"c3":0.75},{"time":1}]},"calf_r2":{"rotate":[{"curve":0.25,"c3":0.75},{"time":0.5,"angle":1.09,"curve":0.25,"c3":0.75},{"time":1}]},"thigh_l":{"rotate":[{"curve":0.25,"c3":0.75},{"time":0.5,"angle":1.78,"curve":0.25,"c3":0.75},{"time":1}],"translate":[{"curve":0.25,"c3":0.75},{"time":0.5,"y":-1.48,"curve":0.25,"c3":0.75},{"time":1}]},"calf_l":{"rotate":[{"curve":0.25,"c3":0.75},{"time":0.5,"angle":-3.47,"curve":0.25,"c3":0.75},{"time":1}],"translate":[{"curve":0.25,"c3":0.75},{"time":0.5,"x":-1.32,"y":0.41,"curve":0.25,"c3":0.75},{"time":1}]},"spine1":{"rotate":[{"curve":0.25,"c3":0.75},{"time":0.5,"angle":0.74,"curve":0.25,"c3":0.75},{"time":1}],"translate":[{"curve":0.25,"c3":0.75},{"time":0.5,"y":-3.63,"curve":0.25,"c3":0.75},{"time":1}]},"head":{"rotate":[{"angle":-0.63,"curve":0.382,"c2":0.57,"c3":0.735},{"time":0.1667},{"time":0.6667,"angle":-2.23,"curve":0.243,"c3":0.649,"c4":0.6},{"time":1,"angle":-0.63}],"translate":[{"x":-0.19,"y":-0.08,"curve":0.382,"c2":0.57,"c3":0.735},{"time":0.1667},{"time":0.6667,"x":-0.67,"y":-0.29,"curve":0.243,"c3":0.649,"c4":0.6},{"time":1,"x":-0.19,"y":-0.08}]},"upperarm":{"rotate":[{"angle":-1.53,"curve":0.372,"c2":0.48,"c3":0.752},{"time":0.2667},{"time":0.7667,"angle":-2.82,"curve":0.252,"c3":0.622,"c4":0.48},{"time":1,"angle":-1.53}],"translate":[{"y":-0.32,"curve":0.372,"c2":0.48,"c3":0.752},{"time":0.2667},{"time":0.7667,"x":-0.01,"y":-0.59,"curve":0.252,"c3":0.622,"c4":0.48},{"time":1,"y":-0.32}]},"hand_r":{"rotate":[{"curve":0.25,"c3":0.75},{"time":0.5,"angle":4.88,"curve":0.25,"c3":0.75},{"time":1}]},"hand_r2":{"rotate":[{"curve":0.25,"c3":0.75},{"time":0.5,"angle":-2.24,"curve":0.25,"c3":0.75},{"time":1}]},"weapons4":{"translate":[{"x":-118.94,"y":-42.49}]},"weapons3":{"translate":[{"x":-79.32,"y":4.18}]},"weapons2":{"translate":[{"x":-71.09,"y":36.05}]}}},"jump":{"bones":{"thigh_r":{"rotate":[{},{"time":0.1333,"angle":8.59},{"time":0.5333,"angle":53.94},{"time":0.7,"angle":19.23},{"time":0.8333}],"translate":[{},{"time":0.1333,"x":-1.47,"y":-1.26},{"time":0.8333}]},"calf_r":{"rotate":[{},{"time":0.1333,"angle":-4.14},{"time":0.5333,"angle":-101.05},{"time":0.7,"angle":-57.15},{"time":0.8333}]},"calf_r2":{"rotate":[{},{"time":0.1333,"angle":-48.19},{"time":0.5333,"angle":-34.85},{"time":0.7,"angle":-34.04},{"time":0.8333}]},"thigh_l":{"rotate":[{},{"time":0.1333,"angle":31.23},{"time":0.5333,"angle":63.17},{"time":0.7,"angle":1.78},{"time":0.8333}],"translate":[{},{"time":0.1333,"x":-1.47,"y":-1.26},{"time":0.8333}]},"calf_l":{"rotate":[{},{"time":0.1333,"angle":-60.8},{"time":0.5333,"angle":-94.91},{"time":0.7,"angle":10.14},{"time":0.8333}]},"calf_l2":{"rotate":[{},{"time":0.1333,"angle":1.67},{"time":0.7,"angle":-27.72},{"time":0.8333}]},"spine1":{"rotate":[{},{"time":0.5333,"angle":-14.64},{"time":0.8333}],"translate":[{},{"time":0.1333,"x":-1.47,"y":-1.18},{"time":0.5333,"y":-3.63},{"time":0.8333}]},"head":{"rotate":[{"angle":-0.63},{"time":0.1333,"angle":8.27},{"time":0.5333,"angle":-2.23},{"time":0.8333,"angle":-0.63}],"translate":[{"x":-0.19,"y":-0.08},{"time":0.1333},{"time":0.5333,"x":-0.67,"y":-0.29},{"time":0.8333,"x":-0.19,"y":-0.08}]},"upperarm":{"rotate":[{"angle":-1.53},{"time":0.2333},{"time":0.6333,"angle":-2.82},{"time":0.8333,"angle":-1.53}],"translate":[{"y":-0.32},{"time":0.2333},{"time":0.6333,"x":-0.01,"y":-0.59},{"time":0.8333,"y":-0.32}]},"hand_r":{"rotate":[{},{"time":0.4,"angle":4.88},{"time":0.8333}]},"hand_r2":{"rotate":[{},{"time":0.4,"angle":-2.24},{"time":0.8333}]},"weapons4":{"translate":[{"x":-118.94,"y":-42.49}]},"weapons3":{"translate":[{"x":-79.32,"y":4.18}]},"weapons2":{"translate":[{"x":-71.09,"y":36.05}]}}},"run":{"bones":{"root_juese":{"translate":[{"y":2.71},{"time":0.1333,"y":-3.04},{"time":0.2667,"y":2.71},{"time":0.4,"y":-3.07},{"time":0.5333,"y":2.71}]},"thigh_r":{"rotate":[{"angle":-21.18},{"time":0.0667,"angle":-13.19},{"time":0.1333,"angle":24.35},{"time":0.2,"angle":51.1},{"time":0.2667,"angle":41.87},{"time":0.3333,"angle":38.21},{"time":0.4,"angle":30.84},{"time":0.4667,"angle":-19.43},{"time":0.5333,"angle":-21.18}],"translate":[{"y":0.53},{"time":0.0667,"x":0.12,"y":-0.82},{"time":0.1333,"x":0.65,"y":1.9},{"time":0.2,"x":2.11,"y":0.94},{"time":0.2667,"x":3.14,"y":0.42},{"time":0.4,"x":1.57,"y":0.47},{"time":0.4667,"x":2.95,"y":1.58},{"time":0.5333,"y":0.53}]},"calf_r":{"rotate":[{"angle":-40.29},{"time":0.0667,"angle":-65.04},{"time":0.1333,"angle":-79.28},{"time":0.2,"angle":-60.18},{"time":0.2667,"angle":-2.63},{"time":0.3333,"angle":0.3},{"time":0.4,"angle":-32.38},{"time":0.4667,"angle":9.55},{"time":0.5333,"angle":-40.29}],"translate":[{},{"time":0.1333,"x":-1.17,"y":-0.17},{"time":0.2667},{"time":0.3333,"x":1.57,"y":-0.39},{"time":0.4,"x":0.26,"y":-0.2},{"time":0.5333}]},"calf_r2":{"rotate":[{"angle":-43.25},{"time":0.0667,"angle":-55.14},{"time":0.1333,"angle":-65.51},{"time":0.2,"angle":-58.25},{"time":0.2667,"angle":-2.98},{"time":0.3333,"angle":-39.88},{"time":0.4,"angle":-0.52},{"time":0.4667,"angle":-5.31},{"time":0.5333,"angle":-43.25}]},"thigh_l":{"rotate":[{"angle":16.62},{"time":0.1333,"angle":14.01},{"time":0.2,"angle":-27.52},{"time":0.2667,"angle":-39.18},{"time":0.3333,"angle":-31.14},{"time":0.4,"angle":-19.37},{"time":0.4667,"angle":28.62},{"time":0.5333,"angle":16.62}],"translate":[{"x":-0.26,"y":0.53},{"time":0.0667,"x":-0.62,"y":0.06},{"time":0.1333,"x":-4.98,"y":-0.41},{"time":0.2,"x":-8.43,"y":2.31},{"time":0.2667,"x":-12.74,"y":-0.16},{"time":0.3333,"x":-11.97,"y":-0.2},{"time":0.4,"x":-9.03,"y":0.19},{"time":0.5333,"x":-0.26,"y":0.53}]},"calf_l":{"rotate":[{"angle":2.01},{"time":0.0667,"angle":-2.54},{"time":0.1333,"angle":-37.41},{"time":0.2,"angle":-0.88},{"time":0.2667,"angle":-36.81},{"time":0.3333,"angle":-69.39},{"time":0.4,"angle":-64.09},{"time":0.4667,"angle":-63.34},{"time":0.5333,"angle":2.01}],"translate":[{"x":0.64,"y":1.55},{"time":0.1333,"x":1.03,"y":0.38},{"time":0.2667,"x":-0.72,"y":0.85},{"time":0.4,"x":-0.04,"y":1.2},{"time":0.4667,"x":-2.54,"y":3.35},{"time":0.5333,"x":0.64,"y":1.55}]},"calf_l2":{"rotate":[{"angle":15.21},{"time":0.0667,"angle":-14.63},{"time":0.1333,"angle":25.63},{"time":0.2,"angle":-7.27},{"time":0.2667,"angle":-23.36},{"time":0.3333,"angle":-29.14},{"time":0.4,"angle":-20.29},{"time":0.4667,"angle":-28.02},{"time":0.5333,"angle":15.21}],"translate":[{},{"time":0.0667,"x":0.65,"y":0.21},{"time":0.1333,"x":0.41,"y":0.46},{"time":0.2667,"x":0.82,"y":0.92},{"time":0.4,"x":0.41,"y":0.46},{"time":0.5333}]},"spine1":{"translate":[{},{"time":0.1333,"y":-1.35},{"time":0.2667},{"time":0.4,"y":-0.81},{"time":0.5333}]},"head":{"rotate":[{},{"time":0.0667,"angle":2.05},{"time":0.1333},{"time":0.2,"angle":-1.47},{"time":0.2667},{"time":0.3333,"angle":1.85},{"time":0.4},{"time":0.4667,"angle":-2.16},{"time":0.5333}],"translate":[{},{"time":0.0667,"x":0.76,"y":0.32},{"time":0.1333},{"time":0.2,"x":-1.02,"y":-0.43},{"time":0.2667},{"time":0.3333,"x":0.51,"y":0.22},{"time":0.4},{"time":0.4667,"x":-0.25,"y":-0.11},{"time":0.5333}]},"upperarm":{"rotate":[{},{"time":0.1333,"angle":-3.15},{"time":0.2667},{"time":0.4,"angle":-2.73},{"time":0.5333}],"translate":[{},{"time":0.1333,"y":0.69},{"time":0.2667},{"time":0.4,"y":0.92},{"time":0.5333}]},"hand_r":{"rotate":[{},{"time":0.1333,"angle":5.45},{"time":0.2667},{"time":0.4,"angle":3.62},{"time":0.5333}]},"hand_r2":{"rotate":[{},{"time":0.1333,"angle":-2.73},{"time":0.2667},{"time":0.4,"angle":-1.81},{"time":0.5333}]},"hand_l":{"rotate":[{},{"time":0.1333,"angle":5.45},{"time":0.2667,"angle":3.64},{"time":0.4,"angle":5.44},{"time":0.5333}]},"weapons4":{"translate":[{"x":-118.9,"y":-42.45}]},"weapons3":{"translate":[{"x":-79.46,"y":-0.04}]},"weapons2":{"translate":[{"x":-71.27,"y":32.32}]}},"deform":{"default":{"thigh_r":{"thigh_r":[{},{"time":0.2667,"vertices":[-3.09435,-0.27303,0.11362,-1.90069,0,0,-4.25214,1.26021,-7.58978,2.95368,-3.71444,0.43744,-2.49753,-0.19333,-2.84342,-0.05258]},{"time":0.5333}]}}}}}}