{
  "android-instant": {
    "REMOTE_SERVER_ROOT": "",
    "host": "",
    "packageName": "org.cocos2d.helloworld",
    "pathPattern": "",
    "recordPath": "",
    "scheme": "https",
    "skipRecord": false
  },
  "appBundle": false,
  "baidugame": {
    "REMOTE_SERVER_ROOT": "",
    "appid": "testappid",
    "orientation": "portrait",
    "subContext": ""
  },
  "encryptJs": true,
  "excludeScenes": [],
  "fb-instant-games": {},
  "includeSDKBox": false,
  "inlineSpriteFrames": true,
  "inlineSpriteFrames_native": true,
  "md5Cache": true,
  "mergeStartScene": false,
  "optimizeHotUpdate": false,
  "orientation": {
    "landscapeLeft": true,
    "landscapeRight": true,
    "portrait": false,
    "upsideDown": false
  },
  "packageName": "org.cocos2d.helloworld",
  "qqplay": {
    "REMOTE_SERVER_ROOT": "",
    "orientation": "portrait",
    "zip": false
  },
  "startScene": "f9e4f40f-79e5-4a17-a89d-98190f3b0c1f",
  "title": "wxshootGame",
  "webOrientation": "landscape",
  "wechatgame": {
    "REMOTE_SERVER_ROOT": "https://git.weixin.qq.com/wx_wx68d20979f0c13968/debug/tree/master",
    "appid": "wx68d20979f0c13968",
    "orientation": "landscapeRight",
    "separate_engine": false,
    "subContext": ""
  },
  "xxteaKey": "a1c788f2-2b6f-4e",
  "zipCompressJs": true,
  "android": {
    "packageName": "org.cocos2d.helloworld"
  },
  "ios": {
    "packageName": "org.cocos2d.helloworld"
  },
  "mac": {
    "packageName": "org.cocos2d.helloworld"
  },
  "win32": {}
}
