{"skeleton":{"hash":"j8y0r3Kn0ozTDbdiJshuT/cqm84","spine":"3.8.86","x":-53.55,"y":-42.93,"width":87,"height":116.4,"images":"./images/","audio":"I:/A_1/2D射击项目/动画/xiaotoumu/images"},"bones":[{"name":"root","y":-43.08},{"name":"bone","parent":"root","x":-0.24,"y":35.77},{"name":"pigu","parent":"bone","x":0.02,"y":4.95},{"name":"shenti","parent":"pigu","length":28.58,"rotation":87.6,"x":1.66,"y":2.6},{"name":"tou","parent":"shenti","length":34.04,"rotation":11.66,"x":32.65,"y":-0.78},{"name":"zuodatui","parent":"bone","length":13.7,"rotation":-117.67,"x":-7.57,"y":-0.44},{"name":"youdatui","parent":"bone","length":12.97,"rotation":-62.85,"x":11.96,"y":-2.36},{"name":"zuoxiaotui","parent":"zuodatui","length":14.01,"rotation":34.35,"x":14.29,"y":0.47},{"name":"zuoxiaotui2","parent":"zuoxiaotui","length":5.92,"rotation":-8.11,"x":14.58,"y":-0.22},{"name":"youxiaotui","parent":"youdatui","length":11.96,"rotation":-28.32,"x":13.28,"y":-0.45},{"name":"youxiaotui2","parent":"youxiaotui","length":8.05,"rotation":0.3,"x":12.2,"y":-0.12},{"name":"zuodatui2","parent":"bone","length":13.37,"rotation":-92.13,"x":7.09,"y":-1.56},{"name":"zuoxiaotui3","parent":"zuodatui2","length":13.26,"rotation":21.14,"x":12.99,"y":1.31},{"name":"zuoxiaotui4","parent":"zuoxiaotui3","length":6.73,"rotation":-20.42,"x":13.88,"y":-0.22},{"name":"shenti2","parent":"shenti","length":16.65,"rotation":-153.44,"x":26.47,"y":-15.35},{"name":"shenti3","parent":"shenti2","length":15.62,"rotation":-23.12,"x":16.65},{"name":"zuoshoubi","parent":"shenti","length":17.11,"rotation":165.02,"x":22.87,"y":12.92},{"name":"zuoshoubi2","parent":"zuoshoubi","length":16.47,"rotation":-18.5,"x":17.11},{"name":"shouzhi","parent":"zuoshoubi2","x":17.17,"y":-2.65},{"name":"root_qiang","parent":"shouzhi","rotation":-3.55,"x":28.2,"y":-9.34}],"slots":[{"name":"zuoshoubi","bone":"zuoshoubi","attachment":"zuoshoubi"},{"name":"shouqiang","bone":"shouzhi","attachment":"shouqiang"},{"name":"shouzhi","bone":"shouzhi","attachment":"shouzhi"},{"name":"youxiaotui","bone":"youxiaotui","attachment":"youxiaotui"},{"name":"zuoxiaotui","bone":"zuoxiaotui","attachment":"zuoxiaotui"},{"name":"zuodatui","bone":"zuodatui","attachment":"zuodatui"},{"name":"pigu","bone":"pigu","attachment":"pigu"},{"name":"zuoxiaotui2","bone":"zuoxiaotui3","attachment":"zuoxiaotui"},{"name":"zuodatui2","bone":"zuodatui2","attachment":"zuodatui"},{"name":"youdatui","bone":"youdatui","attachment":"youdatui"},{"name":"shenti","bone":"shenti","attachment":"shenti"},{"name":"youshou","bone":"shenti2","attachment":"youshou"},{"name":"tou","bone":"tou","attachment":"tou"}],"skins":[{"name":"default","attachments":{"pigu":{"pigu":{"x":2.67,"y":-5.67,"width":30,"height":21}},"shenti":{"shenti":{"x":15.36,"y":-2.87,"rotation":-87.6,"width":51,"height":50}},"shouqiang":{"shouqiang":{"x":8.44,"y":-4.03,"rotation":125.88,"width":35,"height":28}},"shouzhi":{"shouzhi":{"x":-1.84,"y":3.35,"rotation":125.88,"width":15,"height":16}},"tou":{"tou":{"x":18.08,"y":1.24,"rotation":-99.26,"width":44,"height":46}},"youdatui":{"youdatui":{"x":5.78,"y":-0.46,"rotation":62.85,"width":21,"height":23}},"youshou":{"youshou":{"type":"mesh","uvs":[0.78171,0.16869,1,0.40762,1,0.46735,1,1,0.12172,1,0.09772,0.71375,0.11372,0.51588,0,0.46922,0,0,0.47772,0,0.78171,0.26575,0.63371,0.49348,0.59771,0.44868],"triangles":[6,12,11,11,5,6,3,4,5,11,2,3,3,5,11,1,10,0,8,9,10,10,9,0,12,10,1,12,1,2,10,7,8,12,7,10,11,12,2,6,7,12],"vertices":[1,14,6.47,9.13,1,2,14,18.16,8.91,0.83372,15,-2.12,8.79,0.16628,2,14,20.61,7.81,0.63563,15,0.57,8.74,0.36437,1,15,24.54,8.3,1,1,15,24.2,-10.14,1,2,14,22.97,-14.01,0.02163,15,11.31,-10.41,0.97837,2,14,14.98,-10.06,0.48282,15,2.42,-9.91,0.51718,2,14,12.09,-11.38,0.70806,15,0.27,-12.26,0.29194,1,14,-7.17,-2.74,1,1,14,-3.07,6.42,1,1,14,10.46,7.35,1,1,15,1.61,1.03,1,2,14,16.38,0.45,0.9119,15,-0.42,0.31,0.0881],"hull":10,"edges":[16,18,18,0,0,20,20,2,2,4,4,6,4,22,22,12,14,16,12,14,12,10,6,8,10,8,2,24,24,14,0,2],"width":21,"height":45}},"youxiaotui":{"youxiaotui":{"type":"mesh","uvs":[1,0.69559,1,1,0,1,0,0.64205,0,0,1,0,0.56976,0.66212],"triangles":[2,3,6,2,6,1,6,3,4,5,6,4,6,5,0,6,0,1],"vertices":[2,9,12.75,8.32,0.67709,10,0.59,8.44,0.32291,2,9,20.67,8.49,0.21548,10,8.51,8.56,0.78452,1,10,8.79,-10.44,1,2,9,11.75,-10.7,0.14376,10,-0.51,-10.58,0.85624,2,9,-4.94,-11.04,0.94507,10,-17.2,-10.83,0.05493,1,9,-5.33,7.95,1,2,9,12.05,0.13,0.95728,10,-0.15,0.25,0.04272],"hull":6,"edges":[2,4,8,10,4,6,6,8,6,12,2,0,0,10,12,0],"width":19,"height":26}},"zuodatui":{"zuodatui":{"x":5.09,"y":-1.55,"rotation":117.67,"width":20,"height":24}},"zuodatui2":{"zuodatui":{"x":7.38,"y":0.75,"rotation":111.74,"width":20,"height":24}},"zuoshoubi":{"zuoshoubi":{"type":"mesh","uvs":[1,0.57197,1,0.64342,1,0.75058,0.64207,0.82202,0.51919,1,0,1,0,0.54518,0.29263,0.43579,0.36559,0.35095,0.50767,0,1,0,0.58831,0.48491,0.55375,0.55411],"triangles":[12,7,11,12,0,1,3,12,1,2,3,1,6,3,5,12,6,7,3,6,12,4,5,3,10,8,9,11,8,10,7,8,11,11,10,0,12,11,0],"vertices":[2,16,16.42,10.34,0.77235,17,-3.94,9.59,0.22765,2,16,19.35,11.26,0.58327,17,-1.45,11.39,0.41673,2,16,23.74,12.64,0.41955,17,2.28,14.09,0.58045,2,16,29.35,5.01,0.05646,17,10.01,8.64,0.94354,1,17,18.02,10.63,1,1,17,25.62,0.12,1,1,17,9.78,-11.34,1,2,16,16.11,-8.28,0.25692,17,1.68,-8.17,0.74308,2,16,12.08,-7.63,0.72489,17,-2.35,-8.83,0.27511,1,16,-3.38,-8.75,1,1,16,-7.06,2.99,1,2,16,15.92,-0.6,0.91242,17,-0.94,-0.95,0.08758,2,16,19.02,-0.53,7.3E-4,17,1.98,0.1,0.99927],"hull":11,"edges":[18,20,18,16,16,22,0,20,22,0,16,14,14,24,0,2,24,2,10,12,14,12,2,4,4,6,8,10,6,8],"width":25,"height":43}},"zuoxiaotui":{"zuoxiaotui":{"type":"mesh","uvs":[1,0.87994,1,1,0,1,0,0.64545,0,0,1,0,0.30421,0.64839,0.57769,0.74218,0.86225,0.8389],"triangles":[2,3,6,8,0,1,7,8,1,2,6,7,1,2,7,6,3,4,5,6,4,7,6,5,8,7,5,0,8,5],"vertices":[2,7,19.63,9.26,0.27592,8,3.67,10.09,0.72408,2,7,23.09,8.85,0.16808,8,7.15,10.18,0.83192,2,7,20.42,-13.99,0.00281,8,7.72,-12.81,0.99719,2,7,10.21,-12.8,0.39805,8,-2.55,-13.07,0.60195,2,7,-8.39,-10.62,0.99835,8,-21.27,-13.54,0.00165,2,7,-5.71,12.22,1,8,-21.84,9.45,0,2,7,11.1,-5.86,0.47529,8,-2.64,-6.07,0.52471,2,7,14.54,0.08,0.35017,8,-0.08,0.28,0.64983,2,7,18.08,6.25,0.32206,8,2.56,6.9,0.67794],"hull":6,"edges":[2,4,8,10,4,6,6,8,6,12,12,14,14,16,2,0,0,10,16,0],"width":23,"height":29}},"zuoxiaotui2":{"zuoxiaotui":{"type":"mesh","uvs":[1,0.74891,1,1,0,1,0,0.61116,0,0,1,0,0.34941,0.65805,0.59332,0.7196],"triangles":[2,3,6,7,0,1,2,6,7,1,2,7,6,3,4,5,6,4,7,6,5,7,5,0],"vertices":[2,12,17.48,8.54,0.67644,13,0.31,9.46,0.32356,2,12,24.36,6.17,0.28093,13,7.59,9.64,0.71907,2,12,16.87,-15.57,0.05632,13,8.16,-13.35,0.94368,2,12,6.21,-11.9,0.56605,13,-3.11,-13.63,0.43395,2,12,-10.55,-6.13,0.99999,13,-20.83,-14.06,1.0E-5,1,12,-3.06,15.62,1,2,12,10.12,-4.75,0.56172,13,-1.95,-5.56,0.43828,2,12,13.63,-0.02,0.52158,13,-0.31,0.09,0.47842],"hull":6,"edges":[2,4,8,10,4,6,6,8,6,12,12,14,2,0,0,10,14,0],"width":23,"height":29}}}}],"animations":{"attack":{"slots":{"zuodatui2":{"attachment":[{"name":null}]},"zuoxiaotui2":{"attachment":[{"name":null}]}},"bones":{"pigu":{"translate":[{"curve":0.25,"c3":0.75},{"time":0.0667,"x":0.28,"y":-1.39,"curve":0.25,"c3":0.75},{"time":0.3333}]},"shenti":{"rotate":[{"angle":-4.46,"curve":0.25,"c3":0.75},{"time":0.0667,"angle":-3.36,"curve":0.25,"c3":0.75},{"time":0.1667,"angle":-12.94,"curve":0.25,"c3":0.75},{"time":0.3333,"angle":-4.46}]},"tou":{"rotate":[{"angle":10.64,"curve":0.25,"c3":0.75},{"time":0.0667,"angle":2.49,"curve":0.25,"c3":0.75},{"time":0.1667,"angle":20.97,"curve":0.25,"c3":0.75},{"time":0.3333,"angle":10.64}]},"zuodatui":{"rotate":[{"curve":0.284,"c3":0.625,"c4":0.38},{"time":0.0667,"angle":-3.92,"curve":0.306,"c2":0.24,"c3":0.653,"c4":0.62},{"time":0.1667,"angle":-3.29,"curve":0.375,"c2":0.5,"c3":0.75},{"time":0.3333}],"translate":[{"curve":0.284,"c3":0.625,"c4":0.38},{"time":0.0667,"x":0.48,"y":-1.9,"curve":0.306,"c2":0.24,"c3":0.653,"c4":0.62},{"time":0.1667,"x":0.28,"y":0.09,"curve":0.375,"c2":0.5,"c3":0.75},{"time":0.3333}]},"youdatui":{"rotate":[{"curve":0.284,"c3":0.625,"c4":0.38},{"time":0.0667,"angle":3.79,"curve":0.306,"c2":0.24,"c3":0.653,"c4":0.62},{"time":0.1667,"angle":-1.05,"curve":0.375,"c2":0.5,"c3":0.75},{"time":0.3333}],"translate":[{"curve":0.284,"c3":0.625,"c4":0.38},{"time":0.0667,"y":-0.71,"curve":0.306,"c2":0.24,"c3":0.653,"c4":0.62},{"time":0.1667,"x":-0.48,"y":-0.18,"curve":0.375,"c2":0.5,"c3":0.75},{"time":0.3333}]},"zuoxiaotui":{"rotate":[{"curve":0.284,"c3":0.625,"c4":0.38},{"time":0.0667,"angle":11.38,"curve":0.306,"c2":0.24,"c3":0.653,"c4":0.62},{"time":0.1667,"angle":1.54,"curve":0.375,"c2":0.5,"c3":0.75},{"time":0.3333}],"translate":[{"curve":0.284,"c3":0.625,"c4":0.38},{"time":0.0667,"x":-0.1,"y":0.12,"curve":0.306,"c2":0.24,"c3":0.653,"c4":0.62},{"time":0.1667,"x":0.95,"y":0.93,"curve":0.375,"c2":0.5,"c3":0.75},{"time":0.3333}]},"zuoxiaotui2":{"rotate":[{"curve":0.284,"c3":0.625,"c4":0.38},{"time":0.0667,"angle":-7.45,"curve":0.306,"c2":0.24,"c3":0.653,"c4":0.62},{"time":0.1667,"angle":1.75,"curve":0.375,"c2":0.5,"c3":0.75},{"time":0.3333}],"translate":[{"curve":0.284,"c3":0.625,"c4":0.38},{"time":0.0667,"x":-1.48,"y":-1.31,"curve":0.306,"c2":0.24,"c3":0.653,"c4":0.62},{"time":0.1667,"x":-0.83,"y":0.7,"curve":0.375,"c2":0.5,"c3":0.75},{"time":0.3333}]},"youxiaotui":{"rotate":[{"curve":0.284,"c3":0.625,"c4":0.38},{"time":0.0667,"angle":-8.35,"curve":0.306,"c2":0.24,"c3":0.653,"c4":0.62},{"time":0.1667,"angle":4.3,"curve":0.375,"c2":0.5,"c3":0.75},{"time":0.3333}],"translate":[{"curve":0.284,"c3":0.625,"c4":0.38},{"time":0.0667,"x":0.14,"y":0.39,"curve":0.306,"c2":0.24,"c3":0.653,"c4":0.62},{"time":0.1667,"x":-0.24,"y":0.34,"curve":0.375,"c2":0.5,"c3":0.75},{"time":0.3333}]},"youxiaotui2":{"rotate":[{"curve":0.284,"c3":0.625,"c4":0.38},{"time":0.0667,"angle":4.56,"curve":0.306,"c2":0.24,"c3":0.653,"c4":0.62},{"time":0.1667,"angle":-3.25,"curve":0.375,"c2":0.5,"c3":0.75},{"time":0.3333}],"translate":[{"curve":0.284,"c3":0.625,"c4":0.38},{"time":0.0667,"x":-0.15,"y":-0.24,"curve":0.306,"c2":0.24,"c3":0.653,"c4":0.62},{"time":0.1667,"x":0.11,"y":-0.2,"curve":0.375,"c2":0.5,"c3":0.75},{"time":0.3333}]},"shenti2":{"rotate":[{"angle":30.83,"curve":0.25,"c3":0.75},{"time":0.0667,"angle":22.27,"curve":0.26,"c3":0.618,"c4":0.44},{"time":0.1667,"angle":23.67,"curve":0.359,"c2":0.43,"c3":0.756},{"time":0.3333,"angle":30.83}]},"shenti3":{"rotate":[{"angle":-16.07,"curve":0.25,"c3":0.75},{"time":0.0667,"angle":-16.97,"curve":0.26,"c3":0.618,"c4":0.44},{"time":0.1667,"angle":-22.09,"curve":0.359,"c2":0.43,"c3":0.756},{"time":0.3333,"angle":-16.07}]},"zuoshoubi":{"rotate":[{"angle":-55.64,"curve":0.25,"c3":0.75},{"time":0.0667,"angle":-44.38,"curve":0.25,"c3":0.75},{"time":0.1667,"angle":-64.31,"curve":0.25,"c3":0.75},{"time":0.3333,"angle":-55.64}]},"zuoshoubi2":{"rotate":[{"curve":0.25,"c3":0.75},{"time":0.0667,"angle":3.81,"curve":0.25,"c3":0.75},{"time":0.1667,"angle":-39.02,"curve":0.25,"c3":0.75},{"time":0.3333}]},"shouzhi":{"rotate":[{"angle":6.62,"curve":0.25,"c3":0.75},{"time":0.0667,"angle":23.63,"curve":0.265,"c3":0.618,"c4":0.43},{"time":0.1,"angle":-24.46,"curve":0.351,"c2":0.4,"c3":0.757},{"time":0.1667,"angle":10.18,"curve":0.258,"c3":0.619,"c4":0.45},{"time":0.2333,"angle":-2.85,"curve":0.363,"c2":0.44,"c3":0.755},{"time":0.3333,"angle":6.62}]}}},"death":{"slots":{"zuodatui2":{"attachment":[{"name":null}]},"zuoxiaotui2":{"attachment":[{"name":null}]}},"bones":{"bone":{"rotate":[{"time":0.0667},{"time":0.1333,"angle":-11.53},{"time":0.2333,"angle":-14.65},{"time":0.4667,"angle":-57.37}],"translate":[{"curve":0.25,"c3":0.75},{"time":0.0667,"x":0.27,"y":-4.54},{"time":0.1333,"x":19.46,"y":8.96},{"time":0.2333,"x":28.32,"y":28.48},{"time":0.3667,"x":45.13,"y":16.71},{"time":0.4667,"x":50.12,"y":-19.92},{"time":0.6,"x":50.02,"y":-13.35},{"time":0.7333,"x":50.12,"y":-19.92},{"time":0.8667,"x":50.12,"y":-18.86}]},"pigu":{"rotate":[{"curve":0.25,"c3":0.75},{"time":0.0667,"angle":19.53},{"time":0.2333,"angle":-20.59},{"time":0.4667,"angle":-19.26}],"translate":[{"curve":0.25,"c3":0.75},{"time":0.0667,"x":-1.97,"y":-3.09},{"time":0.2333,"x":1.61,"y":-1.08}]},"shenti":{"rotate":[{"curve":0.25,"c3":0.75},{"time":0.0667,"angle":-5.73},{"time":0.1333,"angle":-4.27},{"time":0.2333,"angle":-12.96},{"time":0.3667,"angle":7.6},{"time":0.4667,"angle":11.25},{"time":0.6,"angle":-30.13},{"time":0.7333,"angle":-4.47},{"time":0.9667,"angle":-11.37}],"translate":[{"curve":0.25,"c3":0.75},{"time":0.0667,"x":0.27,"y":-0.1},{"time":0.2333,"x":0.6,"y":3.07}],"scale":[{"time":0.2333},{"time":0.4667,"y":0.837}]},"tou":{"rotate":[{"angle":1.53,"curve":0.382,"c2":0.57,"c3":0.735},{"time":0.0667,"angle":19.7},{"time":0.1333,"angle":14.26},{"time":0.2333,"angle":34.94},{"time":0.3667,"angle":-21.69},{"time":0.4667,"angle":-5.45},{"time":0.6,"angle":27.25},{"time":0.7333,"angle":-24.95},{"time":0.9667,"angle":-7.88}],"translate":[{"curve":0.382,"c2":0.57,"c3":0.735},{"time":0.0667,"x":-0.58,"y":-1.37},{"time":0.1333,"x":-2.14,"y":0.75},{"time":0.2333,"x":-0.58,"y":-1.37},{"time":0.4667,"x":-0.58,"y":-1.78}],"scale":[{"time":0.2333},{"time":0.4667,"y":1.073}]},"zuodatui":{"rotate":[{"curve":0.25,"c3":0.75},{"time":0.0667,"angle":-14.18},{"time":0.1333,"angle":-15.59},{"time":0.2333,"angle":-46.79},{"time":0.3667,"angle":-85.91},{"time":0.4667,"angle":-68.2},{"time":0.6,"angle":-41.06},{"time":0.7333,"angle":-34.13},{"time":0.9667,"angle":-5.81}]},"youdatui":{"rotate":[{"curve":0.25,"c3":0.75},{"time":0.0667,"angle":7.8},{"time":0.1333,"angle":-23.05},{"time":0.2333,"angle":-43.28},{"time":0.3667,"angle":-90.51},{"time":0.4667,"angle":-86.86},{"time":0.6,"angle":-54.61},{"time":0.7333,"angle":-60.72},{"time":0.9667,"angle":-64.04}],"translate":[{"curve":0.25,"c3":0.75},{"time":0.0667,"x":-1.52,"y":2.17},{"time":0.2333,"x":-6.36,"y":-4.1},{"time":0.4667,"x":-6.87,"y":-4}],"scale":[{"time":0.2333},{"time":0.4667,"x":1.24,"y":1.119}]},"zuoxiaotui":{"rotate":[{"curve":0.25,"c3":0.75},{"time":0.0667,"angle":23.19},{"time":0.1333,"angle":-11.7},{"time":0.2333,"angle":35.6},{"time":0.4667,"angle":16.55},{"time":0.6,"angle":49.35},{"time":0.7333,"angle":46.05},{"time":0.9667,"angle":17.48}],"translate":[{"curve":0.25,"c3":0.75},{"time":0.0667,"x":-1.15,"y":0.91},{"time":0.2333,"x":1.16,"y":0.59},{"time":0.4667,"x":2.42,"y":-0.28},{"time":0.6,"x":-0.33,"y":-0.49},{"time":0.7333,"x":0.21,"y":-0.39},{"time":0.9667,"x":1.7,"y":-0.27}]},"zuoxiaotui2":{"rotate":[{"curve":0.25,"c3":0.75},{"time":0.0667,"angle":-5.75},{"time":0.1333,"angle":50.75},{"time":0.2333,"angle":29.97},{"time":0.4667,"angle":18.17},{"time":0.6,"angle":20.95},{"time":0.7333,"angle":18.17}],"translate":[{"curve":0.25,"c3":0.75},{"time":0.0667,"x":-2.82,"y":0.48},{"time":0.2333,"x":-1.39,"y":0.53}]},"youxiaotui":{"rotate":[{"curve":0.25,"c3":0.75},{"time":0.0667,"angle":-7.8},{"time":0.2333,"angle":36.5},{"time":0.3667,"angle":38.6},{"time":0.4667,"angle":54.67},{"time":0.6,"angle":42.12},{"time":0.7333,"angle":32.97},{"time":0.9667,"angle":39.48}],"translate":[{"curve":0.25,"c3":0.75},{"time":0.0667,"x":-0.93,"y":-0.22,"curve":"stepped"},{"time":0.2333,"x":-0.93,"y":-0.22},{"time":0.4667,"x":1.26,"y":0.74}]},"youxiaotui2":{"rotate":[{"curve":0.25,"c3":0.75},{"time":0.0667,"angle":1.03},{"time":0.2333,"angle":11.47,"curve":"stepped"},{"time":0.4667,"angle":11.47},{"time":0.6,"angle":-12.74},{"time":0.7333,"angle":-2.75},{"time":0.9667,"angle":-2.22}],"translate":[{"curve":0.25,"c3":0.75},{"time":0.0667,"x":-1.31,"y":0.19}]},"shenti2":{"rotate":[{"curve":0.25,"c3":0.75},{"time":0.0667,"angle":23.27},{"time":0.1333,"angle":-3.05},{"time":0.2333,"angle":3.29},{"time":0.3667,"angle":-54.29},{"time":0.4667,"angle":-58.85},{"time":0.6,"angle":-0.47},{"time":0.7333,"angle":-17.45},{"time":0.9667,"angle":-20.07}],"translate":[{"curve":0.25,"c3":0.75},{"time":0.0667,"x":0.06,"y":0.29,"curve":"stepped"},{"time":0.2333,"x":0.06,"y":0.29},{"time":0.4667,"x":-1.84,"y":3.87}],"scale":[{"time":0.2333},{"time":0.4667,"x":1.097,"y":1.283}]},"shenti3":{"rotate":[{"curve":0.375,"c2":0.62,"c3":0.716},{"time":0.0667,"angle":-13},{"time":0.2333,"angle":7.31},{"time":0.4667,"angle":-7.44},{"time":0.6,"angle":-37.53},{"time":0.7333,"angle":-13.87},{"time":0.9667,"angle":11.86}]},"zuoshoubi":{"rotate":[{"curve":0.25,"c3":0.75},{"time":0.0667,"angle":-31.63},{"time":0.2333,"angle":-21.57},{"time":0.3667,"angle":-53.82},{"time":0.4667,"angle":-23.62},{"time":0.6,"angle":52.36},{"time":0.7333,"angle":47.31}],"translate":[{"curve":0.25,"c3":0.75},{"time":0.0667,"x":0.06,"y":0.29,"curve":"stepped"},{"time":0.2333,"x":0.06,"y":0.29},{"time":0.4667,"x":-0.11,"y":-0.9},{"time":0.6,"x":1.65,"y":0.08},{"time":0.7333,"x":1.72,"y":2.03},{"time":0.9667,"x":0.06,"y":2.85}],"scale":[{"time":0.2333},{"time":0.4667,"y":1.194}]},"zuoshoubi2":{"rotate":[{"angle":-1.91,"curve":0.38,"c2":0.59,"c3":0.727},{"time":0.0667,"angle":-10.64},{"time":0.1333,"angle":18.58},{"time":0.2333,"angle":11.69},{"time":0.3667,"angle":22.18},{"time":0.4667,"angle":-12.36},{"time":0.6,"angle":-41.26},{"time":0.7333,"angle":-29.46},{"time":0.9,"angle":11.69}]},"shouzhi":{"rotate":[{"angle":-3.1,"curve":0.382,"c2":0.57,"c3":0.735},{"time":0.0667,"angle":18.06},{"time":0.2333,"angle":44.71},{"time":0.3667,"angle":45.62},{"time":0.4667,"angle":-4.74},{"time":0.6,"angle":-29.35},{"time":0.7333,"angle":-32.41},{"time":0.9,"angle":8.3}]}},"drawOrder":[{"time":0.4667,"offsets":[{"slot":"youxiaotui","offset":5}]}]},"idle":{"slots":{"zuodatui2":{"attachment":[{"name":null}]},"zuoxiaotui2":{"attachment":[{"name":null}]}},"bones":{"pigu":{"translate":[{"curve":0.25,"c3":0.75},{"time":0.5,"y":-2.53,"curve":0.25,"c3":0.75},{"time":1}]},"shenti":{"rotate":[{"curve":0.25,"c3":0.75},{"time":0.5,"angle":2.45,"curve":0.25,"c3":0.75},{"time":1}]},"tou":{"rotate":[{"angle":1.53,"curve":0.382,"c2":0.57,"c3":0.735},{"time":0.1667},{"time":0.6667,"angle":5.4,"curve":0.243,"c3":0.649,"c4":0.6},{"time":1,"angle":1.53}]},"zuodatui":{"rotate":[{"curve":0.25,"c3":0.75},{"time":0.5,"angle":-2.8,"curve":0.25,"c3":0.75},{"time":1}],"translate":[{"curve":0.25,"c3":0.75},{"time":0.5,"x":0.52,"y":-2.09,"curve":0.25,"c3":0.75},{"time":1}]},"youdatui":{"rotate":[{"curve":0.25,"c3":0.75},{"time":0.5,"angle":1.38,"curve":0.25,"c3":0.75},{"time":1}],"translate":[{"curve":0.25,"c3":0.75},{"time":0.5,"y":-1.57,"curve":0.25,"c3":0.75},{"time":1}]},"zuoxiaotui":{"rotate":[{"curve":0.25,"c3":0.75},{"time":0.5,"angle":2.8,"curve":0.25,"c3":0.75},{"time":1}],"translate":[{"curve":0.25,"c3":0.75},{"time":0.5,"x":-0.01,"y":0.31,"curve":0.25,"c3":0.75},{"time":1}]},"zuoxiaotui2":{"translate":[{"curve":0.25,"c3":0.75},{"time":0.5,"x":-1.92,"y":0.05,"curve":0.25,"c3":0.75},{"time":1}]},"youxiaotui":{"rotate":[{"curve":0.25,"c3":0.75},{"time":0.5,"angle":-5.82,"curve":0.25,"c3":0.75},{"time":1}],"translate":[{"curve":0.25,"c3":0.75},{"time":0.5,"x":-1.09,"y":0.76,"curve":0.25,"c3":0.75},{"time":1}]},"youxiaotui2":{"rotate":[{"curve":0.25,"c3":0.75},{"time":0.5,"angle":4.44,"curve":0.25,"c3":0.75},{"time":1}],"translate":[{"curve":0.25,"c3":0.75},{"time":0.5,"x":-0.09,"y":0.5,"curve":0.25,"c3":0.75},{"time":1}]},"shenti2":{"rotate":[{"curve":0.25,"c3":0.75},{"time":0.5,"angle":14.18,"curve":0.25,"c3":0.75},{"time":1}]},"shenti3":{"rotate":[{"curve":0.375,"c2":0.62,"c3":0.716},{"time":0.1},{"time":0.6,"angle":-0.01,"curve":0.243,"c3":0.68,"c4":0.71},{"time":1}]},"zuoshoubi":{"rotate":[{"curve":0.25,"c3":0.75},{"time":0.5,"angle":-10.75,"curve":0.25,"c3":0.75},{"time":1}]},"zuoshoubi2":{"rotate":[{"angle":-1.91,"curve":0.38,"c2":0.59,"c3":0.727},{"time":0.1333},{"time":0.6333,"angle":-9.42,"curve":0.242,"c3":0.663,"c4":0.65},{"time":1,"angle":-1.91}]},"shouzhi":{"rotate":[{"angle":-3.1,"curve":0.382,"c2":0.57,"c3":0.735},{"time":0.1667},{"time":0.6667,"angle":-10.93,"curve":0.243,"c3":0.649,"c4":0.6},{"time":1,"angle":-3.1}]}}},"run":{"slots":{"youdatui":{"attachment":[{"name":null}]},"youxiaotui":{"attachment":[{"name":null}]}},"bones":{"root":{"translate":[{"y":0.21}]},"bone":{"translate":[{"y":6.11,"curve":0.25,"c3":0.625,"c4":0.5},{"time":0.0667,"y":0.54,"curve":0.375,"c2":0.5,"c3":0.75},{"time":0.1333,"y":-1.22,"curve":0.25,"c3":0.625,"c4":0.5},{"time":0.2,"y":4.07,"curve":0.375,"c2":0.5,"c3":0.75},{"time":0.2667,"y":6.11,"curve":0.25,"c3":0.625,"c4":0.5},{"time":0.3333,"y":1.34,"curve":0.375,"c2":0.5,"c3":0.75},{"time":0.4,"y":-1.25,"curve":0.25,"c3":0.625,"c4":0.5},{"time":0.4667,"y":3.79,"curve":0.375,"c2":0.5,"c3":0.75},{"time":0.5333,"y":6.11}]},"shenti":{"rotate":[{"angle":8.95,"curve":0.25,"c3":0.625,"c4":0.5},{"time":0.1333,"angle":12.24,"curve":0.375,"c2":0.5,"c3":0.75},{"time":0.2667,"angle":8.95,"curve":0.25,"c3":0.625,"c4":0.5},{"time":0.4,"angle":14.02,"curve":0.375,"c2":0.5,"c3":0.75},{"time":0.5333,"angle":8.95}],"translate":[{"x":-3.46,"y":-0.98,"curve":0.25,"c3":0.625,"c4":0.5},{"time":0.1333,"x":-3.46,"y":-1.51,"curve":0.375,"c2":0.5,"c3":0.75},{"time":0.2667,"x":-3.46,"y":-0.98,"curve":0.25,"c3":0.625,"c4":0.5},{"time":0.4,"x":-3.19,"y":-1.77,"curve":0.375,"c2":0.5,"c3":0.75},{"time":0.5333,"x":-3.46,"y":-0.98}],"scale":[{"curve":0.25,"c3":0.625,"c4":0.5},{"time":0.1333,"x":0.948,"curve":0.375,"c2":0.5,"c3":0.75},{"time":0.2667,"curve":0.25,"c3":0.625,"c4":0.5},{"time":0.4,"x":0.948,"curve":0.375,"c2":0.5,"c3":0.75},{"time":0.5333}]},"tou":{"rotate":[{"angle":-6.15,"curve":0.276,"c3":0.621,"c4":0.4},{"time":0.0667,"angle":-12.49,"curve":0.321,"c2":0.29,"c3":0.657,"c4":0.63},{"time":0.1333,"angle":-9.3,"curve":0.329,"c2":0.32,"c3":0.664,"c4":0.66},{"time":0.2,"angle":-1.17,"curve":0.379,"c2":0.6,"c3":0.724},{"time":0.2667,"angle":-6.15,"curve":0.276,"c3":0.621,"c4":0.4},{"time":0.3333,"angle":-12.4,"curve":0.321,"c2":0.29,"c3":0.657,"c4":0.63},{"time":0.4,"angle":-12,"curve":0.329,"c2":0.32,"c3":0.664,"c4":0.66},{"time":0.4667,"angle":-0.06,"curve":0.379,"c2":0.6,"c3":0.724},{"time":0.5333,"angle":-6.15}],"translate":[{"curve":0.25,"c3":0.625,"c4":0.5},{"time":0.1333,"x":0.33,"y":0.54,"curve":0.375,"c2":0.5,"c3":0.75},{"time":0.2667,"curve":0.25,"c3":0.625,"c4":0.5},{"time":0.4,"x":-0.26,"y":0.7,"curve":0.375,"c2":0.5,"c3":0.75},{"time":0.5333}],"scale":[{"curve":0.25,"c3":0.625,"c4":0.5},{"time":0.1333,"x":1.055,"curve":0.375,"c2":0.5,"c3":0.75},{"time":0.2667,"curve":0.25,"c3":0.625,"c4":0.5},{"time":0.4,"x":1.055,"curve":0.375,"c2":0.5,"c3":0.75},{"time":0.5333}]},"zuodatui":{"rotate":[{"angle":-5.31,"curve":0.25,"c3":0.625,"c4":0.5},{"time":0.1333,"angle":-3.74,"curve":0.343,"c2":0.36,"c3":0.686,"c4":0.73},{"time":0.2,"angle":48.01,"curve":0.379,"c2":0.6,"c3":0.724},{"time":0.2667,"angle":51.26,"curve":0.25,"c3":0.625,"c4":0.5},{"time":0.4,"angle":3.77,"curve":0.343,"c2":0.36,"c3":0.686,"c4":0.73},{"time":0.4667,"angle":-17.73,"curve":0.379,"c2":0.6,"c3":0.724},{"time":0.5333,"angle":-5.31}],"translate":[{"x":1.11,"y":-0.56,"curve":0.25,"c3":0.625,"c4":0.5},{"time":0.1333,"x":5.75,"y":-0.7,"curve":0.375,"c2":0.5,"c3":0.75},{"time":0.2667,"x":13.75,"y":-0.85,"curve":0.25,"c3":0.625,"c4":0.5},{"time":0.4,"x":7.43,"y":-0.7,"curve":0.375,"c2":0.5,"c3":0.75},{"time":0.5333,"x":1.11,"y":-0.56}]},"zuoxiaotui":{"rotate":[{"angle":-27.47,"curve":0.276,"c3":0.621,"c4":0.4},{"time":0.0667,"angle":-21.84,"curve":0.314,"c2":0.27,"c3":0.657,"c4":0.64},{"time":0.1333,"angle":22.89,"curve":0.343,"c2":0.36,"c3":0.686,"c4":0.73},{"time":0.2,"angle":-20.26,"curve":0.379,"c2":0.6,"c3":0.724},{"time":0.2667,"angle":35.15,"curve":0.276,"c3":0.621,"c4":0.4},{"time":0.3333,"angle":67.24,"curve":0.314,"c2":0.27,"c3":0.657,"c4":0.64},{"time":0.4,"angle":82.83,"curve":0.343,"c2":0.36,"c3":0.686,"c4":0.73},{"time":0.4667,"angle":64.42,"curve":0.379,"c2":0.6,"c3":0.724},{"time":0.5333,"angle":-27.47}],"translate":[{"curve":0.276,"c3":0.621,"c4":0.4},{"time":0.0667,"x":0.5,"y":0.05,"curve":0.314,"c2":0.27,"c3":0.657,"c4":0.64},{"time":0.1333}]},"zuoxiaotui2":{"rotate":[{"angle":4.53,"curve":0.276,"c3":0.621,"c4":0.4},{"time":0.0667,"angle":27.57,"curve":0.314,"c2":0.27,"c3":0.657,"c4":0.64},{"time":0.1333,"angle":-21.11,"curve":0.343,"c2":0.36,"c3":0.686,"c4":0.73},{"time":0.2,"angle":26.59,"curve":0.379,"c2":0.6,"c3":0.724},{"time":0.2667,"angle":17.87,"curve":0.276,"c3":0.621,"c4":0.4},{"time":0.3333,"angle":23.82,"curve":0.314,"c2":0.27,"c3":0.657,"c4":0.64},{"time":0.4,"angle":28.95,"curve":0.375,"c2":0.5,"c3":0.75},{"time":0.5333,"angle":4.53}],"translate":[{"curve":0.276,"c3":0.621,"c4":0.4},{"time":0.0667,"x":0.5,"y":-0.06,"curve":0.314,"c2":0.27,"c3":0.657,"c4":0.64},{"time":0.1333}]},"zuodatui2":{"rotate":[{"angle":23.46,"curve":0.25,"c3":0.625,"c4":0.5},{"time":0.1333,"angle":-15.9,"curve":0.343,"c2":0.36,"c3":0.686,"c4":0.73},{"time":0.2,"angle":-48.65,"curve":0.379,"c2":0.6,"c3":0.724},{"time":0.2667,"angle":-25.66,"curve":0.25,"c3":0.625,"c4":0.5},{"time":0.4,"angle":-34.76,"curve":0.343,"c2":0.36,"c3":0.686,"c4":0.73},{"time":0.4667,"angle":22.14,"curve":0.379,"c2":0.6,"c3":0.724},{"time":0.5333,"angle":23.46}],"translate":[{"x":-1.07,"y":0.28,"curve":0.25,"c3":0.625,"c4":0.5},{"time":0.1333,"x":-1.75,"y":1.74,"curve":0.375,"c2":0.5,"c3":0.75},{"time":0.2667,"x":-9.6,"y":-0.6,"curve":0.25,"c3":0.625,"c4":0.5},{"time":0.4,"x":-2.17,"y":0.89,"curve":0.375,"c2":0.5,"c3":0.75},{"time":0.5333,"x":-1.07,"y":0.28}]},"zuoxiaotui3":{"rotate":[{"angle":50.05,"curve":0.276,"c3":0.621,"c4":0.4},{"time":0.0667,"angle":75.87,"curve":0.314,"c2":0.27,"c3":0.657,"c4":0.64},{"time":0.1333,"angle":83.46,"curve":0.343,"c2":0.36,"c3":0.686,"c4":0.73},{"time":0.2,"angle":56.05,"curve":0.379,"c2":0.6,"c3":0.724},{"time":0.2667,"angle":-13.73,"curve":0.276,"c3":0.621,"c4":0.4},{"time":0.3333,"angle":-2.56,"curve":0.314,"c2":0.27,"c3":0.657,"c4":0.64},{"time":0.4,"angle":26.22,"curve":0.343,"c2":0.36,"c3":0.686,"c4":0.73},{"time":0.4667,"angle":-7.71,"curve":0.379,"c2":0.6,"c3":0.724},{"time":0.5333,"angle":50.05}],"translate":[{"x":2.51,"y":-0.94,"curve":"stepped"},{"time":0.2667,"x":2.51,"y":-0.94,"curve":0.25,"c3":0.625,"c4":0.5},{"time":0.4,"x":0.95,"y":-0.27,"curve":0.375,"c2":0.5,"c3":0.75},{"time":0.5333,"x":2.51,"y":-0.94}]},"zuoxiaotui4":{"rotate":[{"angle":19.92,"curve":0.276,"c3":0.621,"c4":0.4},{"time":0.0667,"angle":33.02,"curve":0.314,"c2":0.27,"c3":0.657,"c4":0.64},{"time":0.1333,"angle":27.11,"curve":0.343,"c2":0.36,"c3":0.686,"c4":0.73},{"time":0.2,"angle":35.38,"curve":0.379,"c2":0.6,"c3":0.724},{"time":0.2667,"angle":19.92,"curve":0.276,"c3":0.621,"c4":0.4},{"time":0.3333,"angle":35.99,"curve":0.314,"c2":0.27,"c3":0.657,"c4":0.64},{"time":0.4,"angle":10.37,"curve":0.343,"c2":0.36,"c3":0.686,"c4":0.73},{"time":0.4667,"angle":27.92,"curve":0.379,"c2":0.6,"c3":0.724},{"time":0.5333,"angle":19.92}]},"shenti2":{"rotate":[{"angle":-49.39,"curve":0.25,"c3":0.75},{"time":0.2667,"angle":26.73,"curve":0.25,"c3":0.75},{"time":0.5333,"angle":-49.39}],"translate":[{"x":-4.15,"y":1.16,"curve":0.25,"c3":0.625,"c4":0.5},{"time":0.1333,"x":-2.91,"y":1.16,"curve":0.375,"c2":0.5,"c3":0.75},{"time":0.2667,"x":-4.15,"y":1.16,"curve":0.25,"c3":0.625,"c4":0.5},{"time":0.4,"x":-2.91,"y":1.16,"curve":0.375,"c2":0.5,"c3":0.75},{"time":0.5333,"x":-4.15,"y":1.16}],"scale":[{"curve":0.25,"c3":0.625,"c4":0.5},{"time":0.1333,"x":1.055,"curve":0.375,"c2":0.5,"c3":0.75},{"time":0.2667,"curve":0.25,"c3":0.625,"c4":0.5},{"time":0.4,"x":1.055,"curve":0.375,"c2":0.5,"c3":0.75},{"time":0.5333}]},"shenti3":{"rotate":[{"angle":-9.53,"curve":0.276,"c3":0.621,"c4":0.4},{"time":0.0667,"angle":-37.3,"curve":0.314,"c2":0.27,"c3":0.657,"c4":0.64},{"time":0.1333,"angle":-36.21,"curve":0.343,"c2":0.36,"c3":0.686,"c4":0.73},{"time":0.2,"angle":-24.88,"curve":0.379,"c2":0.6,"c3":0.724},{"time":0.2667,"angle":-0.76,"curve":0.276,"c3":0.621,"c4":0.4},{"time":0.3333,"angle":1.63,"curve":0.314,"c2":0.27,"c3":0.657,"c4":0.64},{"time":0.4,"angle":-28.64,"curve":0.375,"c2":0.5,"c3":0.75},{"time":0.5333,"angle":-9.53}]},"zuoshoubi":{"rotate":[{"angle":35.65,"curve":0.25,"c3":0.625,"c4":0.5},{"time":0.1333,"angle":-2.28,"curve":0.375,"c2":0.5,"c3":0.75},{"time":0.2667,"angle":-33.87,"curve":0.25,"c3":0.625,"c4":0.5},{"time":0.4,"angle":11.37,"curve":0.375,"c2":0.5,"c3":0.75},{"time":0.5333,"angle":35.65}],"translate":[{"x":-1.1,"y":-5.56,"curve":0.25,"c3":0.625,"c4":0.5},{"time":0.1333,"x":0.1,"y":-5.56,"curve":0.375,"c2":0.5,"c3":0.75},{"time":0.2667,"x":-1.1,"y":-5.56,"curve":0.25,"c3":0.625,"c4":0.5},{"time":0.4,"x":0.1,"y":-5.56,"curve":0.375,"c2":0.5,"c3":0.75},{"time":0.5333,"x":-1.1,"y":-5.56}],"scale":[{"curve":0.25,"c3":0.625,"c4":0.5},{"time":0.1333,"x":1.055,"curve":0.375,"c2":0.5,"c3":0.75},{"time":0.2667,"curve":0.25,"c3":0.625,"c4":0.5},{"time":0.4,"x":1.055,"curve":0.375,"c2":0.5,"c3":0.75},{"time":0.5333}]},"zuoshoubi2":{"rotate":[{"angle":-35.53,"curve":0.25,"c3":0.625,"c4":0.5},{"time":0.1333,"angle":-38.79,"curve":0.375,"c2":0.5,"c3":0.75},{"time":0.2667,"angle":-9.72,"curve":0.25,"c3":0.625,"c4":0.5},{"time":0.4,"angle":-33.11,"curve":0.375,"c2":0.5,"c3":0.75},{"time":0.5333,"angle":-35.53}]},"shouzhi":{"rotate":[{"angle":-9.61,"curve":0.25,"c3":0.625,"c4":0.5},{"time":0.1333,"angle":15.14,"curve":0.375,"c2":0.5,"c3":0.75},{"time":0.2667,"angle":-9.61,"curve":0.25,"c3":0.625,"c4":0.5},{"time":0.4,"angle":-16.21,"curve":0.375,"c2":0.5,"c3":0.75},{"time":0.5333,"angle":-9.61}]}}}}}