{"skeleton":{"hash":"MO+sWMI/buOTB3IfJZq0dwzWVP0","spine":"3.8.86","x":-98.18,"y":-57.77,"width":131,"height":136,"images":"./images/","audio":"I:/A_1/2D射击项目/动画/ribenbing/images"},"bones":[{"name":"root","y":-55.25},{"name":"bone","parent":"root","x":-0.77,"y":35.96},{"name":"bone2","parent":"bone","x":-0.15,"y":3.85},{"name":"yifushang","parent":"bone2","length":28.34,"rotation":91.25,"x":2.46,"y":1.73},{"name":"lian","parent":"yifushang","length":35.88,"rotation":7.89,"x":34.8,"y":-0.45},{"name":"lian2","parent":"lian","length":9.04,"rotation":-159.66,"x":15.6,"y":-6.29},{"name":"lian3","parent":"lian2","length":10.07,"rotation":10.7,"x":10.03,"y":0.03},{"name":"youshou","parent":"yifushang","length":19.04,"rotation":-165.76,"x":27.26,"y":-8.21},{"name":"youshou2","parent":"youshou","length":17.84,"rotation":-56.82,"x":19.25,"y":-0.19},{"name":"youshouzhang","parent":"youshou2","length":10.55,"rotation":-7.48,"x":18.7,"y":-0.23},{"name":"weapons1","parent":"youshouzhang","x":12.87,"y":0.41},{"name":"zuoshoubi","parent":"yifushang","length":18.09,"rotation":148.01,"x":25.78,"y":3.83},{"name":"zuoshoubi2","parent":"zuoshoubi","length":13.95,"rotation":-62.01,"x":18.32,"y":0.14},{"name":"zuoshouzhang","parent":"zuoshoubi2","length":12.9,"rotation":-32.09,"x":14.27,"y":-1.06},{"name":"beibao","parent":"yifushang","x":24.15,"y":-17.53},{"name":"youtui","parent":"bone","length":18.02,"rotation":-92.39,"x":11.89,"y":2.36},{"name":"youjiao","parent":"youtui","length":13.1,"rotation":15.63,"x":18.17,"y":0.01},{"name":"youjiao2","parent":"youjiao","length":6.6,"rotation":-11.94,"x":13.1},{"name":"zuotui","parent":"bone","length":17.94,"rotation":-102.78,"x":-2.23,"y":1.96},{"name":"zuojiao","parent":"zuotui","length":13.39,"rotation":21.63,"x":18.45,"y":0.42},{"name":"zuojiao2","parent":"zuojiao","length":5.44,"rotation":-10.39,"x":13.53,"y":-0.02},{"name":"root_weapons1","parent":"weapons1","rotation":89.9,"x":-3.12,"y":-97.34}],"slots":[{"name":"zuoshouzhang","bone":"zuoshouzhang","attachment":"zuoshouzhang"},{"name":"zuoshoubi","bone":"zuoshoubi","attachment":"zuoshoubi"},{"name":"beibao","bone":"beibao","attachment":"beibao"},{"name":"zuojiao","bone":"zuojiao","attachment":"zuojiao"},{"name":"zuotui","bone":"zuotui","attachment":"zuotui"},{"name":"youjiao","bone":"youjiao","attachment":"youjiao"},{"name":"youtui","bone":"youtui","attachment":"youtui"},{"name":"yifuxia","bone":"yifushang","attachment":"yifuxia"},{"name":"lian","bone":"lian","attachment":"lian"},{"name":"yifushang","bone":"yifushang","attachment":"yifushang"},{"name":"maozi","bone":"lian","attachment":"maozi"},{"name":"weapons1","bone":"weapons1","attachment":"weapons1"},{"name":"youshouzhang","bone":"youshouzhang","attachment":"youshouzhang"},{"name":"youshou","bone":"youshou","attachment":"youshou"}],"skins":[{"name":"default","attachments":{"beibao":{"beibao":{"x":-5.11,"y":-0.67,"rotation":-91.25,"width":27,"height":37}},"lian":{"lian":{"x":15.37,"y":6.55,"rotation":-99.14,"width":39,"height":42}},"maozi":{"maozi":{"type":"mesh","uvs":[0,0.36955,0.15197,0.30107,0.30772,0,0.78197,0,0.91672,0.40835,0.9216,0.49999,0.92547,0.5727,0.96596,0.65082,1,0.7165,1,0.92422,0.93772,1,0.73122,1,0.55447,0.85574,0.51947,1,0.31997,1,0.41447,0.74161,0.27797,0.50879,0,0.58183,0.43386,0.56276,0.43106,0.44954,0.64946,0.44407,0.67466,0.52441,0.50666,0.75633,0.75166,0.7125,0.77406,0.76363],"triangles":[24,23,7,24,7,8,24,8,9,11,12,24,10,11,24,9,10,24,23,21,6,23,6,7,21,5,6,22,21,23,21,20,5,20,2,3,19,1,2,20,19,2,16,1,19,18,19,20,16,19,18,17,0,1,17,1,16,15,16,18,22,18,21,15,18,22,12,22,23,12,23,24,12,15,22,13,15,12,14,15,13,20,3,4,18,20,21,20,4,5],"vertices":[1,4,29.77,33.1,1,1,4,31.43,23.6,1,1,4,43.62,12.17,1,1,4,39.1,-15.92,1,1,4,19.27,-20.92,1,1,4,15.06,-20.54,1,3,4,11.72,-20.24,0.45,5,8.48,11.73,0.40196,6,0.65,11.78,0.14804,2,5,12.81,12.07,0.42619,6,4.96,11.32,0.57381,2,5,16.44,12.36,0.25331,6,8.59,10.93,0.74669,2,5,24.76,7.66,0.01517,6,15.89,4.77,0.98483,2,4,-7.8,-17.84,6.2E-4,6,16.14,-0.34,0.99938,2,4,-5.83,-5.61,0.3837,6,8.15,-9.8,0.6163,1,4,2.4,3.81,1,1,4,-3.82,6.94,1,1,4,-1.91,18.76,1,1,4,8.92,11.27,1,1,4,20.79,17.65,1,1,4,20.13,34.65,1,1,4,16.86,8.81,1,1,4,22.03,8.15,1,1,4,20.19,-4.82,1,2,4,16.3,-5.73,0.53,5,-0.86,-0.28,0.47,1,4,7.37,5.92,1,3,4,7.03,-8.92,0.02191,5,8.95,-0.52,0.92833,6,-1.17,-0.33,0.04976,2,4,4.49,-9.87,0.03259,6,1.5,-0.82,0.96741],"hull":18,"edges":[0,2,2,4,4,6,6,8,16,18,18,20,20,22,22,24,24,26,26,28,28,30,30,32,32,34,0,34,30,36,36,38,38,40,8,10,10,12,40,10,12,42,36,44,44,24,44,46,12,14,14,16,46,14,16,48,48,24],"width":60,"height":46}},"weapons1":{"weapons1":{"x":-0.15,"y":-50.07,"rotation":138.81,"width":115,"height":136}},"yifushang":{"yifushang":{"x":12.89,"y":-2.06,"rotation":-91.25,"width":39,"height":56}},"yifuxia":{"yifuxia":{"x":29.1,"y":7.09,"rotation":-91.25,"width":14,"height":16}},"youjiao":{"youjiao":{"type":"mesh","uvs":[0.07017,0,0.22807,0.52155,0.24017,0.56153,0,0.56562,0,0.98698,1,1,1,0.65655,1,0.5946,1,0,0.69267,0.6605,0.69105,0.60382],"triangles":[4,3,2,9,10,6,9,6,5,4,2,9,5,4,9,1,0,8,1,10,2,8,10,1,8,7,10,10,7,6,2,10,9],"vertices":[1,16,-3.17,-7.77,1,2,16,8.65,-7.63,0.89637,17,-2.77,-8.38,0.10363,2,16,9.55,-7.62,0.8106,17,-1.89,-8.19,0.1894,1,17,-1.9,-12.51,1,1,17,7.37,-12.72,1,1,17,8.06,5.27,1,2,16,14.72,5.22,0.45307,17,0.51,5.44,0.54693,2,16,13.4,5.53,0.65326,17,-0.85,5.47,0.34674,1,16,0.66,8.53,1,1,17,0.47,-0.09,1,1,16,12.32,0.07,1],"hull":9,"edges":[4,6,6,8,8,10,0,16,4,18,10,12,18,12,0,2,2,4,2,20,12,14,14,16,20,14],"width":18,"height":22}},"youshou":{"youshou":{"type":"mesh","uvs":[0,0.0614,0.22786,0.50247,0.25056,0.5464,0.20904,0.57474,0,0.71742,0,1,0.56801,1,1,0.74295,1,0.63096,1,0.57696,1,0.51896,1,0,0,0,0.67647,0.58896,0.67302,0.62896,0.69029,0.54096],"triangles":[13,2,15,14,2,13,3,2,14,13,9,8,14,13,8,14,8,7,6,5,4,14,4,3,6,14,7,14,6,4,0,12,11,1,0,11,15,1,11,10,15,11,2,1,15,15,10,9,13,15,9],"vertices":[1,7,-3.89,-9.65,1,2,7,13.6,-9.29,0.61106,8,4.53,-9.71,0.38894,2,7,15.34,-9.26,0.39868,8,5.45,-8.24,0.60132,2,7,16.14,-10.43,0.23695,8,6.87,-8.21,0.76305,2,7,20.13,-16.3,0.00945,8,13.97,-8.08,0.99055,1,8,22.04,-0.99,1,1,8,13.78,8.39,1,2,7,26.94,4.64,0.04387,8,0.17,9.08,0.95613,2,7,22.84,5.77,0.37277,8,-3.02,6.27,0.62723,2,7,20.86,6.32,0.65564,8,-4.56,4.91,0.34436,2,7,18.74,6.91,0.88465,8,-6.22,3.46,0.11535,1,7,-0.27,12.17,1,1,7,-6.14,-9.03,1,1,8,0.48,-0.13,1,1,8,1.67,0.82,1,1,7,17.72,0.12,1],"hull":13,"edges":[8,10,10,12,12,14,22,24,0,24,4,26,26,18,4,6,6,8,6,28,14,16,16,18,28,16,0,2,2,4,2,30,18,20,20,22,30,20],"width":22,"height":38}},"youshouzhang":{"youshouzhang":{"x":5.95,"y":-1.21,"rotation":138.81,"width":19,"height":16}},"youtui":{"youtui":{"x":8.37,"y":-0.45,"rotation":92.39,"width":19,"height":35}},"zuojiao":{"zuojiao":{"type":"mesh","uvs":[0.18378,0,0.20969,0.43886,0.21255,0.48728,0,0.55739,0,1,1,1,1,0.72096,1,0.64891,1,0,0.64833,0.70149,0.64833,0.62749],"triangles":[4,3,2,4,2,9,9,6,5,4,9,5,10,1,0,10,2,1,0,8,10,10,8,7,9,10,7,2,10,9,9,7,6],"vertices":[2,19,-0.59,-6.17,0.99925,20,-12.78,-8.6,7.5E-4,2,19,7.72,-7,0.65444,20,-4.46,-7.91,0.34556,2,19,8.64,-7.09,0.50233,20,-3.54,-7.83,0.49767,1,20,-2.11,-11.62,1,1,20,6.3,-11.39,1,1,20,5.81,6.6,1,2,19,15.2,6.24,0.69853,20,0.51,6.46,0.30147,2,19,13.85,6.45,0.84571,20,-0.86,6.42,0.15429,1,19,1.67,8.34,1,1,20,0.31,0.12,1,1,19,12.47,0.26,1],"hull":9,"edges":[4,6,6,8,8,10,0,16,4,18,10,12,18,12,0,2,2,4,2,20,12,14,14,16,20,14],"width":18,"height":19}},"zuoshoubi":{"zuoshoubi":{"type":"mesh","uvs":[0.53717,0,0.35222,0.39886,0.32643,0.45446,0.29248,0.44636,0,0.3766,0,1,0.56456,1,0.628,1,0.6877,0.93245,1,0.57903,1,0,0.46586,0.7602,0.53793,0.73838,0.42513,0.79545],"triangles":[13,2,11,3,2,13,5,4,3,5,3,13,12,7,11,6,11,7,13,11,6,5,13,6,8,7,12,0,10,9,1,0,9,12,1,9,2,1,12,11,2,12,8,12,9],"vertices":[1,11,-1.16,-10.25,1,2,11,11.27,-9.31,0.7983,12,5.04,-10.65,0.2017,2,11,13.01,-9.18,0.59714,12,5.74,-9.06,0.40286,2,11,13.33,-10.17,0.44776,12,6.76,-9.24,0.55224,2,11,16.14,-18.71,0.06945,12,15.62,-10.77,0.93055,1,12,14.78,6.67,1,1,12,-2.13,5.85,1,1,12,-4.03,5.76,1,2,11,18.97,6.98,0.04119,12,-5.73,3.79,0.95881,2,11,5.67,9.97,0.93065,12,-14.62,-6.55,0.06935,1,11,-8.26,1.68,1,2,11,18.23,-1.21,0.44149,12,1.15,-0.71,0.55851,2,11,16.6,0.34,0.90664,12,-0.98,-1.43,0.09336,1,12,2.32,0.33,1],"hull":11,"edges":[8,10,18,20,0,20,4,22,22,14,0,2,2,4,2,24,14,16,16,18,24,16,4,6,6,8,6,26,10,12,12,14,26,12],"width":30,"height":28}},"zuoshouzhang":{"zuoshouzhang":{"x":6.35,"y":-1.44,"rotation":-145.15,"width":21,"height":19}},"zuotui":{"zuotui":{"x":8.12,"y":0.12,"rotation":102.78,"width":21,"height":35}}}}],"animations":{"attack":{"bones":{"yifushang":{"rotate":[{"angle":-3.61,"curve":0.25,"c3":0.75},{"time":0.0667,"angle":-3.11,"curve":0.25,"c3":0.625,"c4":0.5},{"time":0.1667,"angle":-12.43,"curve":0.375,"c2":0.5,"c3":0.75},{"time":0.2667,"angle":-14.55,"curve":0.25,"c3":0.75},{"time":0.5,"angle":-3.61}],"translate":[{"curve":0.25,"c3":0.75},{"time":0.0667,"x":-0.81,"y":-0.23,"curve":0.25,"c3":0.625,"c4":0.5},{"time":0.1667,"x":3.96,"y":1.37,"curve":0.375,"c2":0.5,"c3":0.75},{"time":0.2667,"x":5.26,"y":2.31,"curve":0.25,"c3":0.75},{"time":0.5}]},"lian":{"rotate":[{"angle":13.5,"curve":0.25,"c3":0.75},{"time":0.0667,"angle":9.79,"curve":0.25,"c3":0.75},{"time":0.2667,"angle":25.8,"curve":0.25,"c3":0.75},{"time":0.5,"angle":13.5}],"translate":[{"curve":0.25,"c3":0.75},{"time":0.2667,"x":-0.29,"y":1.36,"curve":0.25,"c3":0.75},{"time":0.5}]},"lian2":{"rotate":[{"curve":0.25,"c3":0.75},{"time":0.2667,"angle":8.28,"curve":0.25,"c3":0.75},{"time":0.5}]},"lian3":{"rotate":[{"angle":1.85,"curve":0.25,"c3":0.625,"c4":0.5},{"time":0.1333,"angle":-18.58,"curve":0.375,"c2":0.5,"c3":0.75},{"time":0.2667,"angle":18.19,"curve":0.25,"c3":0.75},{"time":0.5,"angle":1.85}]},"youshou":{"rotate":[{"angle":-39.67,"curve":0.25,"c3":0.75},{"time":0.0667,"angle":-44.74,"curve":0.25,"c3":0.625,"c4":0.5},{"time":0.1667,"angle":299.23,"curve":0.375,"c2":0.5,"c3":0.75},{"time":0.2667,"angle":295.27,"curve":0.25,"c3":0.75},{"time":0.5,"angle":-39.67}],"translate":[{"x":-0.07,"y":-3.3,"curve":0.25,"c3":0.75},{"time":0.2667,"x":-0.36,"y":-1.94,"curve":0.25,"c3":0.75},{"time":0.5,"x":-0.07,"y":-3.3}]},"youshou2":{"rotate":[{"angle":-37.58,"curve":0.25,"c3":0.75},{"time":0.0667,"angle":-29.4,"curve":0.25,"c3":0.75},{"time":0.2667,"angle":-37.58,"curve":0.246,"c3":0.633,"c4":0.54},{"time":0.4,"angle":-30.4,"curve":0.38,"c2":0.53,"c3":0.745},{"time":0.5,"angle":-37.58}],"translate":[{"curve":0.276,"c3":0.621,"c4":0.4},{"time":0.0667,"x":1.64,"y":1.26,"curve":0.333,"c2":0.33,"c3":0.758},{"time":0.2667}]},"youshouzhang":{"rotate":[{"angle":43.71,"curve":0.25,"c3":0.75},{"time":0.0667,"angle":45.55,"curve":0.25,"c3":0.625,"c4":0.5},{"time":0.1667,"angle":37.82,"curve":0.375,"c2":0.5,"c3":0.75},{"time":0.2667,"angle":43.71,"curve":0.246,"c3":0.633,"c4":0.54},{"time":0.4,"angle":30.54,"curve":0.38,"c2":0.53,"c3":0.745},{"time":0.5,"angle":43.71}]},"weapons1":{"rotate":[{"angle":84.14}],"translate":[{"x":-2.14,"y":-0.85}]},"zuoshoubi":{"rotate":[{"angle":-35.92,"curve":0.25,"c3":0.75},{"time":0.0667,"angle":-34.59,"curve":0.25,"c3":0.625,"c4":0.5},{"time":0.1667,"angle":-65.2,"curve":0.375,"c2":0.5,"c3":0.75},{"time":0.2667,"angle":-68.87,"curve":0.246,"c3":0.633,"c4":0.54},{"time":0.4,"angle":-53.04,"curve":0.38,"c2":0.53,"c3":0.745},{"time":0.5,"angle":-35.92}],"translate":[{"curve":0.25,"c3":0.75},{"time":0.2667,"x":-0.29,"y":1.36,"curve":0.25,"c3":0.75},{"time":0.5}]},"zuoshoubi2":{"rotate":[{"angle":31.17,"curve":0.276,"c3":0.621,"c4":0.4},{"time":0.0667,"angle":35.51,"curve":0.333,"c2":0.33,"c3":0.758},{"time":0.2667,"angle":31.17}],"translate":[{"curve":0.276,"c3":0.621,"c4":0.4},{"time":0.0667,"x":0.58,"y":1.98,"curve":0.333,"c2":0.33,"c3":0.758},{"time":0.2667}]},"zuoshouzhang":{"rotate":[{"angle":56.26}]},"beibao":{"rotate":[{"angle":0.67,"curve":0.25,"c3":0.75},{"time":0.2667,"angle":-14.32,"curve":0.25,"c3":0.75},{"time":0.5,"angle":0.67}],"translate":[{"x":-0.18,"y":-0.04,"curve":0.25,"c3":0.75},{"time":0.2667,"x":-0.47,"y":1.32,"curve":0.25,"c3":0.75},{"time":0.5,"x":-0.18,"y":-0.04}]},"youtui":{"rotate":[{"curve":0.25,"c3":0.75},{"time":0.0667,"angle":0.4,"curve":0.25,"c3":0.75},{"time":0.2667,"angle":-11.55,"curve":0.25,"c3":0.75},{"time":0.5}],"translate":[{"curve":0.25,"c3":0.75},{"time":0.0667,"x":-0.02,"y":-0.45,"curve":0.25,"c3":0.75},{"time":0.2667,"x":4.33,"y":-0.21,"curve":0.25,"c3":0.75},{"time":0.5}]},"youjiao":{"rotate":[{"curve":0.25,"c3":0.75},{"time":0.0667,"angle":-0.4,"curve":0.25,"c3":0.75},{"time":0.2667,"angle":11.55,"curve":0.25,"c3":0.75},{"time":0.5}],"translate":[{"curve":0.25,"c3":0.75},{"time":0.0667,"x":-0.37,"y":-0.11,"curve":0.25,"c3":0.75},{"time":0.2667,"x":0.47,"y":-0.61,"curve":0.25,"c3":0.75},{"time":0.5}]},"zuotui":{"rotate":[{"curve":0.25,"c3":0.75},{"time":0.0667,"angle":-1.02,"curve":0.25,"c3":0.75},{"time":0.2667,"angle":-7.9,"curve":0.25,"c3":0.75},{"time":0.5}],"translate":[{"curve":0.25,"c3":0.75},{"time":0.0667,"x":-0.15,"y":-0.95,"curve":0.25,"c3":0.75},{"time":0.2667,"x":2.88,"y":1.54,"curve":0.25,"c3":0.75},{"time":0.5}]},"zuojiao":{"rotate":[{"curve":0.25,"c3":0.75},{"time":0.0667,"angle":1.02,"curve":0.25,"c3":0.75},{"time":0.2667,"angle":7.9,"curve":0.25,"c3":0.75},{"time":0.5}],"translate":[{"curve":0.25,"c3":0.75},{"time":0.0667,"x":-0.95,"y":0.3,"curve":0.25,"c3":0.75},{"time":0.2667,"x":2.23,"y":0.38,"curve":0.25,"c3":0.75},{"time":0.5}]}}},"death":{"bones":{"bone":{"rotate":[{"curve":0.25,"c3":0.75},{"time":0.0667,"angle":-22.78,"curve":0.25,"c3":0.75},{"time":0.2,"angle":-39.66},{"time":0.3333,"angle":-58.3},{"time":0.4667,"angle":-88.26},{"time":0.6333,"angle":-85.11}],"translate":[{"curve":0.25,"c3":0.75},{"time":0.0667,"x":40.02,"y":13.54,"curve":0.25,"c3":0.75},{"time":0.2,"x":66.63,"y":29.83},{"time":0.3333,"x":122.82,"y":22.37},{"time":0.4667,"x":149.03,"y":-15.12},{"time":0.6333,"x":162.1,"y":-7.92},{"time":0.8,"x":169.98,"y":-15.48}]},"yifushang":{"rotate":[{"curve":0.25,"c3":0.75},{"time":0.0667,"angle":49.62,"curve":0.25,"c3":0.75},{"time":0.2,"angle":-1.67},{"time":0.3333,"angle":-15.04,"curve":"stepped"},{"time":0.4667,"angle":-15.04},{"time":0.6333,"angle":-6.87},{"time":0.8333,"angle":-8.99},{"time":1.0333,"angle":-9.85}]},"lian":{"rotate":[{"curve":0.25,"c3":0.75},{"time":0.0667,"angle":38.71,"curve":0.25,"c3":0.75},{"time":0.2,"angle":42.34},{"time":0.3333,"angle":-17.57},{"time":0.4667,"angle":30.92},{"time":0.6333,"angle":-13.59},{"time":0.8,"angle":-11.56},{"time":1.0333,"angle":-12.21}]},"lian2":{"rotate":[{"curve":0.25,"c3":0.75},{"time":0.0667,"angle":13.3}]},"lian3":{"rotate":[{"angle":1.85,"curve":0.25,"c3":0.75},{"time":0.0667,"angle":15.15}]},"youshou":{"rotate":[{"curve":0.25,"c3":0.75},{"time":0.0667,"angle":-30.27,"curve":0.25,"c3":0.75},{"time":0.2,"angle":-25.67},{"time":0.3333,"angle":-49.72},{"time":0.4667,"angle":-16.13},{"time":0.6333,"angle":2.36}]},"youshou2":{"rotate":[{"time":0.0667,"curve":0.25,"c3":0.75},{"time":0.2,"angle":12.2},{"time":0.3333,"angle":3.87},{"time":0.4667,"angle":-26.92},{"time":0.6333,"angle":-26.37},{"time":0.9333,"angle":-2.79}]},"youshouzhang":{"rotate":[{"curve":0.25,"c3":0.75},{"time":0.0667,"angle":19.5,"curve":"stepped"},{"time":0.4667,"angle":19.5},{"time":0.6333,"angle":4.78},{"time":0.9,"angle":-27.75}]},"zuoshoubi":{"rotate":[{"curve":0.25,"c3":0.75},{"time":0.0667,"angle":-32.69,"curve":0.25,"c3":0.75},{"time":0.2,"angle":-28.09},{"time":0.3333,"angle":-52.61},{"time":0.4667,"angle":-5.78},{"time":0.6333,"angle":3.81},{"time":0.8,"angle":43.84}]},"zuoshoubi2":{"rotate":[{"curve":0.25,"c3":0.75},{"time":0.0667,"angle":23.25,"curve":0.25,"c3":0.75},{"time":0.2,"angle":50.35},{"time":0.3333,"angle":27.46},{"time":0.4667,"angle":-32.63},{"time":0.6333,"angle":-52.78},{"time":0.8667,"angle":-92.62}]},"zuoshouzhang":{"rotate":[{"time":0.4667},{"time":0.6333,"angle":31.73}]},"beibao":{"rotate":[{"angle":0.67,"curve":0.25,"c3":0.75},{"time":0.0667,"angle":-5.11}],"translate":[{"x":-0.18,"y":-0.04,"curve":0.25,"c3":0.75},{"time":0.0667,"x":-1.86,"y":-2.32}]},"youtui":{"rotate":[{"curve":0.25,"c3":0.75},{"time":0.0667,"angle":-10.46,"curve":0.25,"c3":0.75},{"time":0.2,"angle":-11.67},{"time":0.3333,"angle":-49.77},{"time":0.4667,"angle":-59.07},{"time":0.6333,"angle":-38.02},{"time":0.8,"angle":-27},{"time":1,"angle":-11.54}]},"youjiao":{"rotate":[{"time":0.0667,"curve":0.25,"c3":0.75},{"time":0.2,"angle":6.39},{"time":0.3333,"angle":39.61,"curve":"stepped"},{"time":0.6333,"angle":39.61},{"time":0.8333,"angle":6.7}]},"youjiao2":{"rotate":[{"curve":0.25,"c3":0.75},{"time":0.0667,"angle":31.2,"curve":0.25,"c3":0.75},{"time":0.2,"angle":18.1}]},"zuotui":{"rotate":[{"time":0.0667,"curve":0.25,"c3":0.75},{"time":0.2,"angle":-46.48},{"time":0.3333,"angle":-76.91},{"time":0.4667,"angle":-85.87},{"time":0.6333,"angle":-43.55},{"time":0.8,"angle":-21.87},{"time":1.0333,"angle":6.69}]},"zuojiao":{"rotate":[{"curve":0.25,"c3":0.75},{"time":0.0667,"angle":-10.2,"curve":0.25,"c3":0.75},{"time":0.2,"angle":9.84},{"time":0.3333,"angle":53.82,"curve":"stepped"},{"time":0.6333,"angle":53.82},{"time":0.9,"angle":22.22}]},"zuojiao2":{"rotate":[{"curve":0.25,"c3":0.75},{"time":0.0667,"angle":30.44,"curve":0.25,"c3":0.75},{"time":0.2,"angle":17.34}]},"root_weapons1":{"scale":[{"time":1.2333}]}}},"idle":{"bones":{"bone2":{"translate":[{"curve":0.25,"c3":0.75},{"time":0.5,"y":-2.84,"curve":0.25,"c3":0.75},{"time":1}]},"yifushang":{"rotate":[{"curve":0.25,"c3":0.75},{"time":0.5,"angle":-1.56,"curve":0.25,"c3":0.75},{"time":1}]},"lian":{"rotate":[{"curve":0.25,"c3":0.75},{"time":0.5,"angle":3.66,"curve":0.25,"c3":0.75},{"time":1}]},"lian2":{"rotate":[{"curve":0.25,"c3":0.75},{"time":0.5,"angle":6.5,"curve":0.25,"c3":0.75},{"time":1}]},"lian3":{"rotate":[{"angle":1.85,"curve":0.382,"c2":0.57,"c3":0.735},{"time":0.1667},{"time":0.6667,"angle":6.5,"curve":0.243,"c3":0.649,"c4":0.6},{"time":1,"angle":1.85}]},"youshou":{"rotate":[{"curve":0.25,"c3":0.75},{"time":0.5,"angle":5.54,"curve":0.25,"c3":0.75},{"time":1}]},"youshou2":{"rotate":[{"curve":0.25,"c3":0.75},{"time":0.5,"angle":-15.04,"curve":0.25,"c3":0.75},{"time":1}]},"youshouzhang":{"rotate":[{"curve":0.25,"c3":0.75},{"time":0.5,"angle":4.97,"curve":0.25,"c3":0.75},{"time":1}]},"zuoshoubi":{"rotate":[{"curve":0.25,"c3":0.75},{"time":0.5,"angle":-4,"curve":0.25,"c3":0.75},{"time":1}]},"zuoshoubi2":{"rotate":[{"curve":0.25,"c3":0.75},{"time":0.5,"angle":-18.08,"curve":0.25,"c3":0.75},{"time":1}]},"zuoshouzhang":{"rotate":[{"curve":0.25,"c3":0.75},{"time":0.5,"angle":14.58,"curve":0.25,"c3":0.75},{"time":1}]},"beibao":{"rotate":[{"angle":0.67,"curve":0.375,"c2":0.62,"c3":0.716},{"time":0.1},{"time":0.6,"angle":5.15,"curve":0.243,"c3":0.68,"c4":0.71},{"time":1,"angle":0.67}],"translate":[{"x":-0.18,"y":-0.04,"curve":0.375,"c2":0.62,"c3":0.716},{"time":0.1},{"time":0.6,"x":-1.36,"y":-0.28,"curve":0.243,"c3":0.68,"c4":0.71},{"time":1,"x":-0.18,"y":-0.04}]},"youtui":{"rotate":[{"curve":0.25,"c3":0.75},{"time":0.5,"angle":-1.47,"curve":0.25,"c3":0.75},{"time":1}],"translate":[{"curve":0.25,"c3":0.75},{"time":0.5,"x":0.64,"y":-2.41,"curve":0.25,"c3":0.75},{"time":1}],"scale":[{"curve":0.25,"c3":0.75},{"time":0.5,"x":0.928,"curve":0.25,"c3":0.75},{"time":1}]},"youjiao":{"rotate":[{"curve":0.25,"c3":0.75},{"time":0.5,"angle":1.47,"curve":0.25,"c3":0.75},{"time":1}],"translate":[{"curve":0.25,"c3":0.75},{"time":0.5,"x":-1.16,"y":-0.34,"curve":0.25,"c3":0.75},{"time":1}],"scale":[{"curve":0.25,"c3":0.75},{"time":0.5,"x":1.077,"curve":0.25,"c3":0.75},{"time":1}]},"zuotui":{"rotate":[{"curve":0.25,"c3":0.75},{"time":0.5,"angle":-1.69,"curve":0.25,"c3":0.75},{"time":1}],"translate":[{"curve":0.25,"c3":0.75},{"time":0.5,"y":-2.09,"curve":0.25,"c3":0.75},{"time":1}],"scale":[{"curve":0.25,"c3":0.75},{"time":0.5,"x":0.957,"curve":0.25,"c3":0.75},{"time":1}]},"zuojiao":{"rotate":[{"curve":0.25,"c3":0.75},{"time":0.5,"angle":1.69,"curve":0.25,"c3":0.75},{"time":1}],"translate":[{"curve":0.25,"c3":0.75},{"time":0.5,"x":-1.32,"y":0.02,"curve":0.25,"c3":0.75},{"time":1}],"scale":[{"curve":0.25,"c3":0.75},{"time":0.5,"x":1.044,"curve":0.25,"c3":0.75},{"time":1}]}}},"run":{"bones":{"bone":{"translate":[{"y":15.15,"curve":0.25,"c3":0.625,"c4":0.5},{"time":0.1333,"x":-2.13,"y":-1.34,"curve":0.343,"c2":0.36,"c3":0.686,"c4":0.73},{"time":0.2,"x":-3.48,"y":6.47,"curve":0.379,"c2":0.6,"c3":0.724},{"time":0.2667,"x":-4.26,"y":15.15,"curve":0.25,"c3":0.625,"c4":0.5},{"time":0.4,"x":-2.13,"y":-1.78,"curve":0.375,"c2":0.5,"c3":0.75},{"time":0.5333,"y":15.15}]},"yifushang":{"rotate":[{"angle":20.12,"curve":0.25,"c3":0.625,"c4":0.5},{"time":0.1333,"angle":15.2,"curve":0.375,"c2":0.5,"c3":0.75},{"time":0.2667,"angle":22.94,"curve":0.25,"c3":0.625,"c4":0.5},{"time":0.4,"angle":17.02,"curve":0.375,"c2":0.5,"c3":0.75},{"time":0.5333,"angle":20.12}]},"lian":{"rotate":[{"angle":-15.84,"curve":0.25,"c3":0.625,"c4":0.5},{"time":0.1333,"angle":-9.91,"curve":0.375,"c2":0.5,"c3":0.75},{"time":0.2667,"angle":-11.96,"curve":0.25,"c3":0.625,"c4":0.5},{"time":0.4,"angle":-2.87,"curve":0.375,"c2":0.5,"c3":0.75},{"time":0.5333,"angle":-15.84}]},"lian2":{"rotate":[{"curve":0.25,"c3":0.625,"c4":0.5},{"time":0.1333,"angle":17.3,"curve":0.375,"c2":0.5,"c3":0.75},{"time":0.2667,"curve":0.25,"c3":0.625,"c4":0.5},{"time":0.4,"angle":15.68,"curve":0.375,"c2":0.5,"c3":0.75},{"time":0.5333}]},"lian3":{"rotate":[{"angle":1.85,"curve":0.25,"c3":0.625,"c4":0.5},{"time":0.1333,"angle":19.15,"curve":0.375,"c2":0.5,"c3":0.75},{"time":0.2667,"angle":1.85,"curve":0.25,"c3":0.625,"c4":0.5},{"time":0.4,"angle":17.52,"curve":0.375,"c2":0.5,"c3":0.75},{"time":0.5333,"angle":1.85}]},"youshou":{"rotate":[{"angle":9.17,"curve":0.25,"c3":0.625,"c4":0.5},{"time":0.1333,"angle":20,"curve":0.375,"c2":0.5,"c3":0.75},{"time":0.2667,"angle":30.83,"curve":0.25,"c3":0.625,"c4":0.5},{"time":0.4,"angle":20,"curve":0.375,"c2":0.5,"c3":0.75},{"time":0.5333,"angle":9.17}]},"youshou2":{"rotate":[{"angle":-19.23}]},"youshouzhang":{"rotate":[{"angle":9.02}]},"zuoshoubi":{"rotate":[{"angle":-6.53,"curve":0.25,"c3":0.625,"c4":0.5},{"time":0.1333,"angle":8.28,"curve":0.375,"c2":0.5,"c3":0.75},{"time":0.2667,"angle":23.09,"curve":0.25,"c3":0.625,"c4":0.5},{"time":0.4,"angle":8.28,"curve":0.375,"c2":0.5,"c3":0.75},{"time":0.5333,"angle":-6.53}]},"zuoshoubi2":{"rotate":[{"angle":-10.94}]},"zuoshouzhang":{"rotate":[{"angle":8.34}]},"beibao":{"rotate":[{"angle":0.67,"curve":0.25,"c3":0.625,"c4":0.5},{"time":0.1333,"angle":15.38,"curve":0.375,"c2":0.5,"c3":0.75},{"time":0.2667,"angle":0.67,"curve":0.25,"c3":0.625,"c4":0.5},{"time":0.4,"angle":17.1,"curve":0.375,"c2":0.5,"c3":0.75},{"time":0.5333,"angle":0.67}],"translate":[{"x":-0.18,"y":-0.04}]},"youtui":{"rotate":[{"angle":22.96,"curve":0.276,"c3":0.621,"c4":0.4},{"time":0.0667,"angle":34.21,"curve":0.314,"c2":0.27,"c3":0.657,"c4":0.64},{"time":0.1333,"angle":-9.61,"curve":0.343,"c2":0.36,"c3":0.686,"c4":0.73},{"time":0.2,"angle":-65.34,"curve":0.379,"c2":0.6,"c3":0.724},{"time":0.2667,"angle":-40.59,"curve":0.25,"c3":0.625,"c4":0.5},{"time":0.4,"angle":-27.58,"curve":0.343,"c2":0.36,"c3":0.686,"c4":0.73},{"time":0.4667,"angle":9.9,"curve":0.379,"c2":0.6,"c3":0.724},{"time":0.5333,"angle":22.96}],"translate":[{"curve":0.25,"c3":0.625,"c4":0.5},{"time":0.1333,"x":-3.55,"y":-1.48,"curve":0.375,"c2":0.5,"c3":0.75},{"time":0.2667,"x":-7.09,"y":-2.95,"curve":0.25,"c3":0.625,"c4":0.5},{"time":0.4,"x":-3.55,"y":-1.48,"curve":0.375,"c2":0.5,"c3":0.75},{"time":0.5333}]},"youjiao":{"rotate":[{"angle":52.1,"curve":0.276,"c3":0.621,"c4":0.4},{"time":0.0667,"angle":77.67,"curve":0.314,"c2":0.27,"c3":0.657,"c4":0.64},{"time":0.1333,"angle":79.72,"curve":0.343,"c2":0.36,"c3":0.686,"c4":0.73},{"time":0.2,"angle":82.85,"curve":0.379,"c2":0.6,"c3":0.724},{"time":0.2667,"angle":-10.14,"curve":0.25,"c3":0.625,"c4":0.5},{"time":0.4,"angle":20.98,"curve":0.343,"c2":0.36,"c3":0.686,"c4":0.73},{"time":0.4667,"angle":-0.98,"curve":0.379,"c2":0.6,"c3":0.724},{"time":0.5333,"angle":52.1}],"translate":[{"time":0.2667,"curve":0.25,"c3":0.625,"c4":0.5},{"time":0.4,"x":-1.58,"y":-0.91,"curve":0.343,"c2":0.36,"c3":0.686,"c4":0.73},{"time":0.4667,"x":2.38,"y":-0.05,"curve":0.379,"c2":0.6,"c3":0.724},{"time":0.5333}]},"youjiao2":{"rotate":[{"angle":27.33,"curve":0.25,"c3":0.625,"c4":0.5},{"time":0.1333,"angle":36.71,"curve":0.343,"c2":0.36,"c3":0.686,"c4":0.73},{"time":0.2,"angle":16.87,"curve":0.379,"c2":0.6,"c3":0.724},{"time":0.2667,"angle":16.36,"curve":0.25,"c3":0.625,"c4":0.5},{"time":0.4,"angle":7.38,"curve":0.343,"c2":0.36,"c3":0.686,"c4":0.73},{"time":0.4667,"angle":26.18,"curve":0.379,"c2":0.6,"c3":0.724},{"time":0.5333,"angle":27.33}]},"zuotui":{"rotate":[{"angle":-19.2,"curve":0.25,"c3":0.625,"c4":0.5},{"time":0.1333,"angle":-29.77,"curve":0.343,"c2":0.36,"c3":0.686,"c4":0.73},{"time":0.2,"angle":34.8,"curve":0.379,"c2":0.6,"c3":0.724},{"time":0.2667,"angle":57.55,"curve":0.276,"c3":0.621,"c4":0.4},{"time":0.3333,"angle":51.5,"curve":0.314,"c2":0.27,"c3":0.657,"c4":0.64},{"time":0.4,"angle":13.65,"curve":0.343,"c2":0.36,"c3":0.686,"c4":0.73},{"time":0.4667,"angle":-49.97,"curve":0.379,"c2":0.6,"c3":0.724},{"time":0.5333,"angle":-19.2}],"translate":[{"curve":0.25,"c3":0.625,"c4":0.5},{"time":0.1333,"x":12.12,"y":-3.12,"curve":0.375,"c2":0.5,"c3":0.75},{"time":0.2667,"x":9.46,"y":0.79,"curve":0.25,"c3":0.625,"c4":0.5},{"time":0.4,"x":4.73,"y":0.39,"curve":0.375,"c2":0.5,"c3":0.75},{"time":0.5333}]},"zuojiao":{"rotate":[{"angle":-24.55,"curve":0.25,"c3":0.625,"c4":0.5},{"time":0.1333,"angle":18.15,"curve":0.343,"c2":0.36,"c3":0.686,"c4":0.73},{"time":0.2,"angle":-8.94,"curve":0.379,"c2":0.6,"c3":0.724},{"time":0.2667,"angle":26.78,"curve":0.276,"c3":0.621,"c4":0.4},{"time":0.3333,"angle":69.25,"curve":0.314,"c2":0.27,"c3":0.657,"c4":0.64},{"time":0.4,"angle":57.75,"curve":0.343,"c2":0.36,"c3":0.686,"c4":0.73},{"time":0.4667,"angle":66.03,"curve":0.379,"c2":0.6,"c3":0.724},{"time":0.5333,"angle":-24.55}],"translate":[{"time":0.1333,"curve":0.343,"c2":0.36,"c3":0.686,"c4":0.73},{"time":0.2,"x":1.2,"curve":0.379,"c2":0.6,"c3":0.724},{"time":0.2667}]},"zuojiao2":{"rotate":[{"angle":21.69,"curve":0.25,"c3":0.625,"c4":0.5},{"time":0.1333,"angle":10.51,"curve":0.343,"c2":0.36,"c3":0.686,"c4":0.73},{"time":0.2,"angle":16,"curve":0.379,"c2":0.6,"c3":0.724},{"time":0.2667,"angle":31.53,"curve":0.25,"c3":0.625,"c4":0.5},{"time":0.4,"angle":26.61,"curve":0.343,"c2":0.36,"c3":0.686,"c4":0.73},{"time":0.4667,"angle":11.87,"curve":0.379,"c2":0.6,"c3":0.724},{"time":0.5333,"angle":21.69}]}}}}}