{"skeleton":{"hash":"gdxL4Fd0HwvML3y3ae2CRI8vtEI","spine":"3.8.86","x":-44.55,"y":-55.36,"width":98.51,"height":124,"images":"./images/","audio":"I:/A_1/2D射击项目/动画/quanshou/images"},"bones":[{"name":"root","y":-52.74},{"name":"bone","parent":"root","x":-0.8,"y":40.27},{"name":"pigu","parent":"bone","x":-0.18,"y":5.67},{"name":"shengti","parent":"pigu","length":29.06,"rotation":85.64,"x":0.61,"y":1.94},{"name":"youdatui","parent":"bone","length":16.85,"rotation":-117.98,"x":-7.26,"y":1.18},{"name":"youxiaotui","parent":"youdatui","length":14.96,"rotation":17.83,"x":17.73,"y":0.65},{"name":"youxiaotui2","parent":"youxiaotui","length":7.29,"rotation":7.71,"x":15.54,"y":0.26},{"name":"zuodatui","parent":"bone","length":17.95,"rotation":-63.88,"x":9.95,"y":1.34},{"name":"zuoxiaotui","parent":"zuodatui","length":14.81,"rotation":-6.55,"x":18.16,"y":0.07},{"name":"zuoxiaotui2","parent":"zuoxiaotui","length":9.31,"rotation":-16.71,"x":15.73,"y":-0.17},{"name":"naodai","parent":"shengti","length":28.55,"rotation":8.97,"x":31.66,"y":-1.05},{"name":"naodai2","parent":"naodai","length":11.96,"rotation":-130.24,"x":15.48,"y":-14.26},{"name":"naodai3","parent":"naodai2","length":9.88,"rotation":46.02,"x":11.96},{"name":"naodai4","parent":"naodai3","length":9.92,"rotation":-48.76,"x":9.82,"y":-0.32},{"name":"naodai5","parent":"naodai","length":7.11,"rotation":-70.38,"x":19.02,"y":-14.7},{"name":"naodai6","parent":"naodai5","length":8.8,"rotation":-36.99,"x":7.11},{"name":"zuoshoubi","parent":"shengti","length":25.12,"rotation":-145.44,"x":31.5,"y":-15.86},{"name":"zuoshou","parent":"zuoshoubi","length":19.79,"rotation":-109.35,"x":27.28,"y":-1.44},{"name":"zuoshou2","parent":"zuoshou","length":9.75,"rotation":-15.61,"x":20.62,"y":0.01},{"name":"youshoubi","parent":"shengti","length":23.98,"rotation":166.66,"x":26.13,"y":14.11},{"name":"youshou","parent":"youshoubi","length":17.33,"rotation":-113.89,"x":24.18,"y":-0.11},{"name":"youshou2","parent":"youshou","length":12.41,"rotation":-12.44,"x":17.33},{"name":"shengti2","parent":"shengti","length":9.28,"rotation":-166.27,"x":-5.79,"y":-1.07},{"name":"shengti3","parent":"shengti2","length":8.74,"rotation":-9.38,"x":9.28},{"name":"shengti4","parent":"shengti3","length":6.31,"rotation":2.29,"x":8.74},{"name":"shengti5","parent":"shengti","length":9.64,"rotation":177.85,"x":-5.54,"y":5.6},{"name":"shengti6","parent":"shengti5","length":9.19,"rotation":11.75,"x":9.64},{"name":"youdatui2","parent":"bone","length":19.76,"rotation":-110.49,"x":43.21,"y":2.64},{"name":"youxiaotui3","parent":"youdatui2","length":14.55,"rotation":12.36,"x":20.11,"y":0.13},{"name":"youxiaotui4","parent":"youxiaotui3","length":6.92,"rotation":9.68,"x":14.55},{"name":"root_qiang","parent":"youshou2","x":5.58,"y":0.23}],"slots":[{"name":"youshoubi","bone":"youshoubi","attachment":"youshoubi"},{"name":"youshou","bone":"youshou","attachment":"youshou"},{"name":"youxiaotui","bone":"youxiaotui","attachment":"youxiaotui"},{"name":"youdatui","bone":"youdatui","attachment":"youdatui"},{"name":"pigu","bone":"pigu","attachment":"pigu"},{"name":"youxiaotui2","bone":"youxiaotui3","attachment":"youxiaotui"},{"name":"youdatui2","bone":"youdatui2","attachment":"youdatui"},{"name":"zuoxiaotui","bone":"zuoxiaotui","attachment":"zuoxiaotui"},{"name":"zuodatui","bone":"zuodatui","attachment":"zuodatui"},{"name":"shengti","bone":"shengti","attachment":"shengti"},{"name":"naodai","bone":"naodai","attachment":"naodai"},{"name":"zuoshoubi","bone":"zuoshoubi","attachment":"zuoshoubi"},{"name":"zuoshou","bone":"zuoshou","attachment":"zuoshou"}],"skins":[{"name":"default","attachments":{"naodai":{"naodai":{"type":"mesh","uvs":[0.64375,0.25593,0.69612,0.25062,0.80086,0.32846,0.87163,0.38685,1,0.58273,1,0.72812,0.93437,0.84256,0.83375,0.70421,0.7063,0.7084,0.66093,0.71212,0.53602,0.80078,0.42304,1,0.10777,1,0,0.6865,0,0.51017,0,0.36963,0,0.15515,0.15153,0,0.3904,0,0.55883,0.34085,0.58997,0.43993,0.68338,0.44523,0.68338,0.36562,0.648,0.378,0.65821,0.4438,0.75698,0.46646,0.86455,0.48769,0.64813,0.46966,0.73429,0.52081,0.87536,0.5235,0.87903,0.5994,0.72643,0.62875,0.56197,0.58456,0.57744,0.49823,0.47787,0.31062,0.50113,0.43732,0.51442,0.5827,0.49116,0.71355,0.54599,0.72185,0.21734,0.30104,0.20663,0.43154],"triangles":[30,29,4,7,31,30,30,4,5,7,30,5,6,7,5,29,26,4,29,28,26,30,28,29,8,31,7,28,27,21,31,27,28,27,31,32,31,9,32,8,9,31,28,30,31,3,4,26,22,0,1,22,1,2,25,21,22,2,25,22,25,2,3,26,25,3,28,21,25,28,25,26,23,19,0,22,23,0,21,24,23,20,23,24,21,23,22,27,24,21,38,32,9,10,38,9,0,34,18,19,34,0,33,20,27,36,35,33,32,36,33,38,36,32,37,36,38,10,37,38,11,37,10,35,34,19,35,19,20,39,17,18,34,39,18,16,17,39,15,16,39,40,15,39,40,39,34,35,40,34,33,35,20,14,15,40,13,14,40,36,37,40,36,40,35,37,12,13,37,13,40,11,12,37,27,32,33,20,19,23,27,20,24],"vertices":[3,10,27.22,-19.46,0.07266,14,7.23,6.12,0.71618,15,-3.58,4.97,0.21117,3,10,27.22,-22.88,0.01176,14,10.45,4.98,0.32466,15,-0.32,5.99,0.66357,1,15,7.21,3.54,1,1,15,12.37,1.6,1,2,12,17.77,-1.14,0.47621,13,5.85,5.44,0.52379,1,13,10.54,-0.49,1,1,13,10.89,-7.81,1,2,12,6,-5.4,0.49207,13,1.3,-6.22,0.50793,4,10,3.44,-21.62,0.02285,11,13.4,-4.44,0.70745,12,-2.19,-4.12,0.26823,13,-5.06,-11.54,0.00146,3,10,3.48,-18.67,0.09786,11,11.12,-6.31,0.87752,12,-5.12,-3.78,0.02462,1,10,-0.46,-10.2,1,1,10,-10.19,-2.05,1,1,10,-8.55,18.38,1,1,10,8.27,24.05,1,1,10,17.41,23.31,1,1,10,24.69,22.72,1,1,10,35.81,21.83,1,1,10,43.06,11.36,1,1,10,41.81,-4.12,1,1,10,23.26,-13.6,1,1,10,17.96,-15.21,1,3,14,5.54,-3.91,0.4587,15,1.1,-4.06,0.50049,12,-1.18,9.61,0.0408,4,14,7.24,-0.14,0.39317,15,0.19,-0.03,0.60595,11,1.81,9.19,8.2E-4,12,-0.44,13.68,6.0E-5,2,10,20.87,-19.23,0.00106,14,4.88,0.22,0.99894,4,14,4.08,-3.17,0.52477,15,-0.51,-4.35,0.15737,11,2.85,4.93,0.30594,12,-2.78,9.98,0.01193,2,14,9.45,-6.88,0.03493,15,6.01,-4.09,0.96507,2,15,13.08,-3.62,0.99818,11,15.08,10.89,0.00182,4,14,2.93,-4.13,0.35818,15,-0.85,-5.81,0.09999,11,3.1,3.45,0.53276,12,-3.67,8.77,0.00907,3,14,6.95,-8.85,0.03946,11,9.2,4.55,0.51326,12,1.36,5.15,0.44728,1,12,10.36,3.36,1,1,13,0.22,-0.12,1,4,10,7.46,-23.26,5.8E-4,11,12.06,-0.31,0.52167,12,-0.15,-0.28,0.47757,13,-6.6,-7.48,1.9E-4,1,10,10.61,-12.79,1,1,10,15.01,-14.15,1,1,10,25.25,-8.48,1,1,10,18.56,-9.46,1,1,10,10.96,-9.72,1,1,10,4.3,-7.66,1,1,10,3.58,-11.18,1,1,10,27.11,8.35,1,1,10,20.4,9.59,1],"hull":19,"edges":[0,36,0,38,38,40,42,44,44,2,2,0,0,46,40,48,48,42,46,48,2,4,4,50,50,42,4,6,6,52,52,50,48,54,54,56,56,58,58,8,8,10,10,12,12,14,14,60,60,58,56,62,62,16,16,14,16,18,18,64,64,66,66,40,18,20,20,22,36,68,68,70,70,72,72,74,64,76,76,20,74,22,6,8,22,24,26,24,34,36,34,32,30,32,30,78,78,68,70,80,26,28,28,30,80,28],"width":65,"height":52}},"pigu":{"pigu":{"x":1.43,"y":-6.57,"width":32,"height":22}},"shengti":{"shengti":{"type":"mesh","uvs":[0,0,0,0.56279,0,0.58504,0.20626,0.60262,0.15191,0.72737,0.16049,0.7713,0.26633,0.94174,0.35214,0.92593,0.36073,0.759,0.36359,0.62897,0.38507,0.63212,0.39215,0.76879,0.39592,0.84864,0.38461,0.93195,0.46373,1,0.63892,1,0.57487,0.92269,0.58617,0.84517,0.58617,0.76648,0.57675,0.65424,0.50894,0.62184,0.85931,0.61952,0.88903,0.58909,0.95538,0.52117,1,0.45405,1,0,0.38825,0.60459,0.35422,0.60349,0.21276,0.58149,0.51919,0.60085],"triangles":[10,26,20,2,1,28,3,2,28,21,29,22,20,26,29,20,29,21,0,24,28,0,25,24,24,23,29,24,29,28,22,29,23,26,27,29,9,27,26,0,28,1,27,28,29,3,27,9,3,28,27,10,9,26,3,9,4,11,10,20,16,12,17,16,13,12,14,13,16,14,16,15,11,19,18,11,18,17,12,11,17,19,11,20,8,5,9,5,8,7,6,5,7,4,9,5],"vertices":[1,3,35,20.9,1,1,3,-4.28,17.9,1,1,3,-5.83,17.79,1,1,3,-6.38,8.85,1,2,25,9.91,-4.55,0.5908,26,-0.66,-4.51,0.4092,2,25,12.92,-3.83,0.13054,26,2.43,-4.42,0.86946,1,26,14.73,-0.98,1,1,26,13.96,2.8,1,2,25,11.09,4.63,0.2315,26,2.36,4.23,0.7685,1,3,-7.71,1.96,1,2,25,2.14,4.66,0.23196,22,1.51,-2.53,0.76804,2,22,11,-3.79,0.0692,23,2.31,-3.46,0.9308,2,23,7.9,-3.29,0.67814,24,-0.96,-3.26,0.32186,1,24,4.84,-3.98,1,1,24,9.74,-0.77,1,1,24,10.04,6.76,1,2,23,13.09,4.4,0.02322,24,4.52,4.22,0.97678,2,23,7.66,4.89,0.68787,24,-0.88,4.93,0.31213,2,22,12.2,4.47,0.09405,23,2.15,4.89,0.90595,2,22,4.38,5.35,0.97078,23,-5.7,4.48,0.02922,1,3,-6.74,-4.23,1,1,3,-5.43,-19.24,1,1,3,-3.21,-20.35,1,1,3,1.75,-22.84,1,1,3,6.58,-24.39,1,1,3,38.27,-21.98,1,1,3,-5.93,1.04,1,1,3,-5.96,2.5,1,1,3,-4.89,8.68,1,1,3,-5.24,-4.56,1],"hull":26,"edges":[4,6,6,8,8,10,10,12,12,14,14,16,16,18,18,20,20,22,22,24,24,26,26,28,28,30,30,32,32,34,34,36,36,38,38,40,40,42,46,48,48,50,0,50,52,54,54,56,0,2,2,4,56,2,54,58,42,44,44,46,58,44],"width":43,"height":70}},"youdatui":{"youdatui":{"x":7.6,"y":2.91,"rotation":117.98,"width":25,"height":26}},"youdatui2":{"youdatui":{"x":8.67,"y":0.87,"rotation":116.37,"width":25,"height":26}},"youshou":{"youshou":{"type":"mesh","uvs":[0,0,0.58702,0,0.5278,0.24483,0.60238,0.31671,0.7647,0.28174,1,0.5654,1,0.89763,0.9007,1,0.56728,1,0.27993,0.86654,0.25799,0.60037,0.1856,0.4838,0,0.4022,0.38106,0.40025,0.4338,0.45631],"triangles":[11,12,13,12,0,13,13,0,2,2,0,1,7,8,6,6,8,5,3,5,14,9,14,8,5,8,14,3,4,5,9,10,14,10,13,14,10,11,13,14,13,3,13,2,3],"vertices":[1,21,18.08,1.31,1,1,21,7.39,-13.42,1,2,20,17.34,-7.07,0.29211,21,1.53,-6.9,0.70789,2,20,13.94,-6.72,0.81494,21,-1.86,-7.29,0.18506,2,20,10.99,-10.98,0.99426,21,-3.82,-12.08,0.00574,1,20,-1.06,-8.39,1,1,20,-8.77,0.3,1,1,20,-8.85,5.03,1,1,20,-1.12,11.89,1,1,20,8.64,14.31,1,2,20,15.34,7.79,0.81647,21,-3.62,7.18,0.18353,2,20,19.72,6.23,0.23927,21,1,6.6,0.76073,2,20,25.92,7.91,2.4E-4,21,6.69,9.58,0.99976,2,20,17.13,0.02,0.70528,21,-0.2,-0.02,0.29472,2,20,14.61,0.4,0.99871,21,-2.74,-0.19,0.00129],"hull":13,"edges":[0,2,2,4,4,6,6,8,8,10,10,12,12,14,14,16,16,18,18,20,20,22,22,24,0,24,4,26,26,22,6,28,28,20],"width":31,"height":35}},"youshoubi":{"youshoubi":{"x":11.86,"y":-0.51,"rotation":107.7,"width":20,"height":37}},"youxiaotui":{"youxiaotui":{"type":"mesh","uvs":[1,0.76021,1,0.81341,1,1,0,1,0,0.72381,0.18399,0.62581,0.20567,0.54741,0.43057,0,1,0,0.48748,0.69581,0.49019,0.74621],"triangles":[2,3,10,10,1,2,3,4,5,3,5,10,10,0,1,0,10,9,0,9,8,5,9,10,5,6,9,6,7,9,9,7,8],"vertices":[2,5,14.67,14.06,0.34,6,0.99,13.79,0.66,2,5,16.24,14.34,0.34,6,2.58,13.86,0.66,2,5,21.75,15.33,0.00177,6,8.17,14.1,0.99823,1,6,9.49,-16.88,1,1,6,1.21,-17.23,1,2,5,15.16,-11.55,0.58,6,-1.97,-11.66,0.42,2,5,12.72,-11.3,0.58,6,-4.35,-11.08,0.42,1,5,-4.67,-7.33,1,2,5,-7.78,10.04,0.99782,6,-21.8,12.82,0.00218,2,5,15.57,-1.92,0.48,6,-0.27,-2.17,0.52,2,5,17.04,-1.57,0.48,6,1.24,-2.02,0.52],"hull":9,"edges":[4,6,14,16,14,12,12,18,0,16,18,0,12,10,10,20,0,2,2,4,20,2,6,8,10,8],"width":31,"height":30}},"youxiaotui2":{"youxiaotui":{"type":"mesh","uvs":[0.45044,0,0.2316,0.50949,0.21018,0.55936,0,0.70962,0,1,0.99101,1,0.99359,0.71349,0.99421,0.64415,1,0,0.60779,0.69757,0.62367,0.6193],"triangles":[5,4,9,4,2,9,5,9,6,4,3,2,2,1,9,9,10,6,6,10,7,9,1,10,7,10,8,1,0,10,10,0,8],"vertices":[1,28,-4.9,-8.45,1,2,28,11.35,-12.4,0.62504,29,-5.24,-11.69,0.37496,2,28,12.94,-12.79,0.48468,29,-3.74,-12.33,0.51532,2,28,18.53,-18.4,0.13606,29,0.84,-18.8,0.86394,2,28,27.11,-16.84,0.04016,29,9.55,-18.72,0.95984,2,28,21.63,13.39,0.03017,29,9.24,12,0.96983,2,28,13.16,11.93,0.34043,29,0.64,12,0.65957,2,28,11.11,11.58,0.48238,29,-1.44,11.99,0.51762,1,28,-7.94,8.32,1,2,28,14.82,0.08,0.19996,29,0.29,0.03,0.80004,2,28,12.42,0.15,0.99037,29,-2.07,0.5,0.00963],"hull":9,"edges":[4,6,6,8,8,10,0,16,4,18,10,12,18,12,0,2,2,4,2,20,12,14,14,16,20,14],"width":31,"height":30}},"zuodatui":{"zuodatui":{"x":7.95,"y":-1.34,"rotation":63.88,"width":24,"height":29}},"zuoshou":{"zuoshou":{"type":"mesh","uvs":[0,1,0.33873,1,0.66839,1,1,0.74857,1,0,0.42817,0,0.29784,0.13012,0.17006,0,0.08828,0,0,0.25279,0.32851,0.49301],"triangles":[7,9,8,9,7,6,10,0,9,2,4,3,1,0,10,10,9,6,2,1,10,2,10,5,2,5,4,10,6,5],"vertices":[2,17,32.65,6.39,0.00627,18,9.87,9.38,0.99373,2,17,20.67,8.68,0.72678,18,-2.29,8.37,0.27322,1,17,9.01,10.92,1,1,17,-3.56,8.72,1,1,17,-6.1,-4.52,1,2,17,14.12,-8.39,0.99863,18,-4,-9.84,0.00137,2,17,19.17,-6.97,0.70924,18,0.48,-7.11,0.29076,2,17,23.24,-10.14,0.22204,18,5.26,-9.07,0.77796,2,17,26.14,-10.69,0.13624,18,8.19,-8.82,0.86376,2,17,30.11,-6.82,0.02619,18,10.98,-4.02,0.97381,1,17,19.31,-0.35,1],"hull":10,"edges":[0,2,2,4,4,6,6,8,8,10,10,12,12,14,14,16,16,18,0,18,2,20,20,12],"width":36,"height":18}},"zuoshoubi":{"zuoshoubi":{"x":12.77,"y":-0.36,"rotation":59.8,"width":23,"height":33}},"zuoxiaotui":{"zuoxiaotui":{"type":"mesh","uvs":[1,0.42724,1,0.50978,1,1,0.18728,1,0.14244,0.8079,0.08246,0.71445,0,0.58596,0,0,1,0,0.46859,0.58265,0.44565,0.49943],"triangles":[3,9,2,9,1,2,3,4,9,4,5,9,9,5,10,5,6,10,6,7,10,9,10,1,10,0,1,0,10,8,10,7,8],"vertices":[2,8,14.51,12.08,0.76266,9,-4.69,11.37,0.23734,2,8,17,11.19,0.58081,9,-2.05,11.24,0.41919,1,9,13.61,10.46,1,2,8,24.7,-13.97,0.031,9,12.56,-10.65,0.969,2,8,18.52,-13.01,0.18967,9,6.36,-11.5,0.81033,2,8,15.18,-13.48,0.37966,9,3.3,-12.91,0.62034,2,8,10.59,-14.12,0.60886,9,-0.92,-14.85,0.39114,2,8,-7.08,-7.84,0.99997,9,-19.64,-13.91,3.0E-5,1,8,1.63,16.66,1,2,8,14.57,-2.61,0.51958,9,-0.41,-2.67,0.48042,2,8,11.86,-2.28,0.8676,9,-3.1,-3.14,0.1324],"hull":9,"edges":[14,16,12,14,8,18,4,2,18,2,4,6,8,6,8,10,10,12,10,20,2,0,0,16,20,0],"width":26,"height":32}}}}],"events":{"shoot":{}},"animations":{"attack":{"slots":{"youdatui2":{"attachment":[{"name":null}]},"youxiaotui2":{"attachment":[{"name":null}]}},"bones":{"pigu":{"rotate":[{"curve":0.29,"c3":0.629,"c4":0.38},{"time":0.1667,"angle":-8.12,"curve":0.303,"c2":0.23,"c3":0.647,"c4":0.6},{"time":0.4,"angle":-5.06,"curve":0.367,"c2":0.46,"c3":0.754},{"time":0.5667,"angle":-4.4,"curve":0.367,"c2":0.46,"c3":0.754},{"time":0.8}],"translate":[{"curve":0.265,"c3":0.618,"c4":0.43},{"time":0.1667,"x":15.62,"y":2.64,"curve":0.351,"c2":0.4,"c3":0.757},{"time":0.4,"x":-10.26,"y":-5.68,"curve":0.25,"c3":0.75},{"time":0.5667,"x":-10.26,"y":-2.89,"curve":0.25,"c3":0.75},{"time":0.8}]},"shengti":{"rotate":[{"curve":0.297,"c3":0.634,"c4":0.37},{"time":0.0667,"angle":0.04,"curve":0.304,"c2":0.22,"c3":0.644,"c4":0.58},{"time":0.1667,"angle":-6.46,"curve":0.326,"c2":0.31,"c3":0.682,"c4":0.71},{"time":0.3,"angle":0.51,"curve":0.381,"c2":0.59,"c3":0.729},{"time":0.4,"angle":9.2,"curve":"stepped"},{"time":0.5667,"angle":9.2,"curve":0.25,"c3":0.75},{"time":0.8}],"translate":[{"curve":0.29,"c3":0.629,"c4":0.38},{"time":0.0667,"x":-0.72,"y":-0.37,"curve":0.311,"c2":0.25,"c3":0.757},{"time":0.4,"x":-0.79,"y":-0.26,"curve":"stepped"},{"time":0.5667,"x":-0.79,"y":-0.26,"curve":0.25,"c3":0.75},{"time":0.8}]},"youdatui":{"rotate":[{"curve":0.265,"c3":0.618,"c4":0.43},{"time":0.1667,"angle":-18.89,"curve":0.351,"c2":0.4,"c3":0.757},{"time":0.4,"angle":-24.84,"curve":0.25,"c3":0.75},{"time":0.5667,"angle":-22.01,"curve":0.25,"c3":0.75},{"time":0.8}],"translate":[{"curve":0.265,"c3":0.618,"c4":0.43},{"time":0.1667,"x":11.75,"y":1.66,"curve":0.351,"c2":0.4,"c3":0.757},{"time":0.4,"x":-8.78,"y":-6.63,"curve":0.25,"c3":0.75},{"time":0.5667,"x":-9.06,"y":-4.42,"curve":0.25,"c3":0.75},{"time":0.8}]},"youxiaotui":{"rotate":[{"curve":0.265,"c3":0.618,"c4":0.43},{"time":0.1667,"angle":22.23,"curve":0.351,"c2":0.4,"c3":0.757},{"time":0.4,"angle":36.61,"curve":0.25,"c3":0.75},{"time":0.5667,"angle":31.68,"curve":0.25,"c3":0.75},{"time":0.8}],"translate":[{"curve":0.265,"c3":0.618,"c4":0.43},{"time":0.1667,"x":0.89,"y":1.91,"curve":0.326,"c2":0.31,"c3":0.682,"c4":0.71},{"time":0.3,"x":-2.92,"y":-0.44,"curve":0.381,"c2":0.59,"c3":0.729},{"time":0.4,"x":-1.2,"y":0.84,"curve":0.25,"c3":0.75},{"time":0.5667,"x":-0.3,"y":1.48,"curve":0.25,"c3":0.75},{"time":0.8}]},"youxiaotui2":{"rotate":[{"curve":0.265,"c3":0.618,"c4":0.43},{"time":0.1667,"angle":4.13,"curve":0.326,"c2":0.31,"c3":0.682,"c4":0.71},{"time":0.3,"angle":-26.46,"curve":0.381,"c2":0.59,"c3":0.729},{"time":0.4,"angle":-11.77,"curve":0.25,"c3":0.75},{"time":0.5667,"angle":-9.67,"curve":0.25,"c3":0.75},{"time":0.8}],"translate":[{"curve":0.265,"c3":0.618,"c4":0.43},{"time":0.1667,"x":-0.13,"y":-2.07,"curve":0.326,"c2":0.31,"c3":0.682,"c4":0.71},{"time":0.3,"x":0.24,"y":-0.9,"curve":0.381,"c2":0.59,"c3":0.729},{"time":0.4,"x":-1.19,"y":-1.2,"curve":0.25,"c3":0.75},{"time":0.5667,"x":-0.62,"y":-0.67,"curve":0.25,"c3":0.75},{"time":0.8}]},"zuodatui":{"rotate":[{"curve":0.265,"c3":0.618,"c4":0.43},{"time":0.1667,"angle":-11.09,"curve":0.351,"c2":0.4,"c3":0.757},{"time":0.4,"angle":2.81,"curve":0.25,"c3":0.75},{"time":0.5667,"angle":4.18,"curve":0.25,"c3":0.75},{"time":0.8}],"translate":[{"curve":0.265,"c3":0.618,"c4":0.43},{"time":0.1667,"x":11.82,"y":-2.36,"curve":0.351,"c2":0.4,"c3":0.757},{"time":0.4,"x":-6.86,"y":-5.28,"curve":0.25,"c3":0.75},{"time":0.5667,"x":-7.7,"y":-3.62,"curve":0.25,"c3":0.75},{"time":0.8}]},"zuoxiaotui":{"rotate":[{"curve":0.265,"c3":0.618,"c4":0.43},{"time":0.1667,"angle":-3.66,"curve":0.351,"c2":0.4,"c3":0.757},{"time":0.4,"angle":22.54,"curve":0.25,"c3":0.75},{"time":0.5667,"angle":19.11,"curve":0.25,"c3":0.75},{"time":0.8}],"translate":[{"curve":0.265,"c3":0.618,"c4":0.43},{"time":0.1667,"x":-4.72,"y":-0.26,"curve":0.351,"c2":0.4,"c3":0.757},{"time":0.4,"x":-0.56,"y":0.32,"curve":0.25,"c3":0.75},{"time":0.5667,"x":1.24,"y":0.76,"curve":0.25,"c3":0.75},{"time":0.8}]},"zuoxiaotui2":{"rotate":[{"curve":0.265,"c3":0.618,"c4":0.43},{"time":0.1667,"angle":14.75,"curve":0.351,"c2":0.4,"c3":0.757},{"time":0.4,"angle":-25.35,"curve":0.25,"c3":0.75},{"time":0.5667,"angle":-23.29,"curve":0.25,"c3":0.75},{"time":0.8}],"translate":[{"curve":0.265,"c3":0.618,"c4":0.43},{"time":0.1667,"x":-0.1,"y":-2.65,"curve":0.351,"c2":0.4,"c3":0.757},{"time":0.4,"x":-0.29,"y":0.56,"curve":0.25,"c3":0.75},{"time":0.5667,"x":-0.47,"y":0.14,"curve":0.25,"c3":0.75},{"time":0.8}]},"naodai":{"rotate":[{"curve":0.297,"c3":0.634,"c4":0.37},{"time":0.0667,"angle":5.14,"curve":0.304,"c2":0.22,"c3":0.644,"c4":0.58},{"time":0.1667,"angle":8.2,"curve":0.326,"c2":0.31,"c3":0.682,"c4":0.71},{"time":0.3,"angle":-12.66,"curve":0.381,"c2":0.59,"c3":0.729},{"time":0.4,"angle":0.23,"curve":0.25,"c3":0.75},{"time":0.5667,"angle":6.3,"curve":0.25,"c3":0.75},{"time":0.8}],"translate":[{"curve":0.303,"c3":0.639,"c4":0.36},{"time":0.0667,"x":0.25,"y":0.15,"curve":0.305,"c2":0.21,"c3":0.643,"c4":0.56},{"time":0.1667,"x":1.47,"y":-2.28,"curve":0.322,"c2":0.3,"c3":0.658,"c4":0.64},{"time":0.3,"x":0.25,"y":-0.01,"curve":0.33,"c2":0.32,"c3":0.665,"c4":0.66},{"time":0.4,"x":1.03,"y":0.51,"curve":0.337,"c2":0.35,"c3":0.675,"c4":0.69},{"time":0.5667,"x":0.36,"y":0.94,"curve":0.382,"c2":0.57,"c3":0.735},{"time":0.8}]},"naodai2":{"rotate":[{"angle":2.73,"curve":0.33,"c3":0.664,"c4":0.34},{"time":0.1667,"angle":-27.37,"curve":0.33,"c2":0.21,"c3":0.663,"c4":0.54},{"time":0.3667,"angle":16.79,"curve":0.33,"c2":0.26,"c3":0.663,"c4":0.6},{"time":0.5667,"angle":-26.29,"curve":0.33,"c2":0.28,"c3":0.663,"c4":0.61},{"time":0.8,"angle":2.73}],"translate":[{"x":-0.02,"y":0.07}]},"naodai3":{"rotate":[{"angle":-5.81,"curve":0.332,"c2":0.31,"c3":0.665,"c4":0.65},{"time":0.1,"angle":7.71},{"time":0.2667,"angle":-22.39,"curve":0.33,"c2":0.21,"c3":0.663,"c4":0.54},{"time":0.4667,"angle":21.78,"curve":0.33,"c2":0.26,"c3":0.663,"c4":0.6},{"time":0.6667,"angle":-21.31,"curve":0.331,"c2":0.3,"c3":0.665,"c4":0.63},{"time":0.8,"angle":-5.81}]},"naodai4":{"rotate":[{"angle":-2.66,"curve":0.331,"c2":0.3,"c3":0.665,"c4":0.64},{"time":0.1333,"angle":15.01},{"time":0.3,"angle":-15.09,"curve":0.33,"c2":0.21,"c3":0.663,"c4":0.54},{"time":0.5,"angle":29.08,"curve":0.33,"c2":0.26,"c3":0.663,"c4":0.6},{"time":0.7,"angle":-14.01,"curve":0.332,"c2":0.31,"c3":0.665,"c4":0.64},{"time":0.8,"angle":-2.66}]},"naodai5":{"rotate":[{"curve":0.33,"c3":0.664,"c4":0.34},{"time":0.1667,"angle":-30.09,"curve":0.33,"c2":0.21,"c3":0.663,"c4":0.54},{"time":0.3667,"angle":14.07,"curve":0.33,"c2":0.26,"c3":0.663,"c4":0.6},{"time":0.5667,"angle":-29.02,"curve":0.33,"c2":0.28,"c3":0.663,"c4":0.61},{"time":0.8}]},"naodai6":{"rotate":[{"angle":-4.34,"curve":0.332,"c2":0.31,"c3":0.665,"c4":0.65},{"time":0.1,"angle":9.17},{"time":0.2667,"angle":-20.92,"curve":0.33,"c2":0.21,"c3":0.663,"c4":0.54},{"time":0.4667,"angle":23.24,"curve":0.33,"c2":0.26,"c3":0.663,"c4":0.6},{"time":0.6667,"angle":-19.84,"curve":0.331,"c2":0.3,"c3":0.665,"c4":0.63},{"time":0.8,"angle":-4.34}]},"zuoshoubi":{"rotate":[{"curve":0.265,"c3":0.618,"c4":0.43},{"time":0.1667,"angle":11.35,"curve":0.326,"c2":0.31,"c3":0.682,"c4":0.71},{"time":0.3,"angle":-26.35,"curve":0.381,"c2":0.59,"c3":0.729},{"time":0.4,"angle":-92.32,"curve":0.25,"c3":0.75},{"time":0.5667,"angle":-75.69,"curve":0.25,"c3":0.75},{"time":0.8}],"translate":[{"curve":0.25,"c3":0.75},{"time":0.4,"x":-4.97,"y":-0.94,"curve":"stepped"},{"time":0.5667,"x":-4.97,"y":-0.94,"curve":0.25,"c3":0.75},{"time":0.8}]},"zuoshou":{"rotate":[{"curve":0.297,"c3":0.634,"c4":0.37},{"time":0.0667,"angle":4.59,"curve":0.304,"c2":0.22,"c3":0.644,"c4":0.58},{"time":0.1667,"angle":-34.96,"curve":0.326,"c2":0.31,"c3":0.682,"c4":0.71},{"time":0.3,"angle":-24.35,"curve":0.381,"c2":0.59,"c3":0.729},{"time":0.4,"angle":63.68,"curve":0.25,"c3":0.75},{"time":0.5667,"angle":47.91,"curve":0.25,"c3":0.75},{"time":0.8}]},"zuoshou2":{"rotate":[{"curve":0.25,"c3":0.625,"c4":0.5},{"time":0.4,"angle":-0.78,"curve":0.34,"c2":0.35,"c3":0.68,"c4":0.71},{"time":0.5667,"angle":-11.07,"curve":0.381,"c2":0.59,"c3":0.73},{"time":0.8}]},"youshoubi":{"rotate":[{"curve":0.265,"c3":0.618,"c4":0.43},{"time":0.1667,"angle":-4.43,"curve":0.326,"c2":0.31,"c3":0.682,"c4":0.71},{"time":0.3,"angle":-1.08,"curve":0.381,"c2":0.59,"c3":0.729},{"time":0.4,"angle":-61.11,"curve":0.25,"c3":0.75},{"time":0.5667,"angle":-49.05,"curve":0.25,"c3":0.75},{"time":0.8}]},"youshou":{"rotate":[{"angle":-3.37,"curve":0.297,"c3":0.634,"c4":0.37},{"time":0.0667,"angle":-13.91,"curve":0.304,"c2":0.22,"c3":0.644,"c4":0.58},{"time":0.1667,"angle":-80.3,"curve":0.326,"c2":0.31,"c3":0.682,"c4":0.71},{"time":0.3,"angle":-69.85,"curve":0.381,"c2":0.59,"c3":0.729},{"time":0.4,"angle":75.94,"curve":0.25,"c3":0.75},{"time":0.5667,"angle":59.71,"curve":0.25,"c3":0.75},{"time":0.8,"angle":-3.37}],"translate":[{"curve":0.258,"c3":0.619,"c4":0.45},{"time":0.3,"x":1.02,"y":-0.16,"curve":0.363,"c2":0.44,"c3":0.755},{"time":0.8}]},"youshou2":{"rotate":[{"curve":0.297,"c3":0.634,"c4":0.37},{"time":0.0667,"angle":14.78,"curve":0.304,"c2":0.22,"c3":0.644,"c4":0.58},{"time":0.1667,"angle":6.62,"curve":0.326,"c2":0.31,"c3":0.682,"c4":0.71},{"time":0.3,"angle":-14.72,"curve":0.381,"c2":0.59,"c3":0.729},{"time":0.4,"angle":-4.81,"curve":0.25,"c3":0.75},{"time":0.5667,"angle":8.39,"curve":0.25,"c3":0.75},{"time":0.8}]},"shengti2":{"rotate":[{"angle":2.75,"curve":0.32,"c3":0.654,"c4":0.34},{"time":0.1667,"angle":-35.62,"curve":0.322,"c2":0.23,"c3":0.656,"c4":0.56},{"time":0.3333,"angle":29.12,"curve":0.32,"c2":0.26,"c3":0.654,"c4":0.59},{"time":0.5667,"angle":-34.73,"curve":0.323,"c2":0.29,"c3":0.657,"c4":0.62},{"time":0.8,"angle":2.75}]},"shengti3":{"rotate":[{"angle":-6.4,"curve":0.332,"c2":0.32,"c3":0.666,"c4":0.65},{"time":0.0667,"angle":5.4},{"time":0.2333,"angle":-32.97,"curve":0.33,"c2":0.22,"c3":0.664,"c4":0.56},{"time":0.4,"angle":30.97,"curve":0.329,"c2":0.25,"c3":0.663,"c4":0.58},{"time":0.6333,"angle":-31.88,"curve":0.331,"c2":0.29,"c3":0.664,"c4":0.63},{"time":0.8,"angle":-6.4}]},"shengti4":{"rotate":[{"angle":-21.93,"curve":0.332,"c2":0.3,"c3":0.665,"c4":0.64},{"time":0.1333,"angle":0.8},{"time":0.3,"angle":-37.57,"curve":0.332,"c2":0.22,"c3":0.665,"c4":0.56},{"time":0.4667,"angle":26.27,"curve":0.331,"c2":0.25,"c3":0.664,"c4":0.58},{"time":0.7,"angle":-36.44,"curve":0.332,"c2":0.31,"c3":0.666,"c4":0.64},{"time":0.8,"angle":-21.93}]},"shengti5":{"rotate":[{"angle":-12.86,"curve":0.32,"c3":0.654,"c4":0.34},{"time":0.1667,"angle":-51.24,"curve":0.322,"c2":0.23,"c3":0.656,"c4":0.56},{"time":0.3333,"angle":13.51,"curve":0.32,"c2":0.26,"c3":0.654,"c4":0.59},{"time":0.5667,"angle":-50.34,"curve":0.323,"c2":0.29,"c3":0.657,"c4":0.62},{"time":0.8,"angle":-12.86}]},"shengti6":{"rotate":[{"angle":-17.18,"curve":0.33,"c2":0.31,"c3":0.663,"c4":0.65},{"time":0.1,"angle":-0.01},{"time":0.2667,"angle":-38.38,"curve":0.326,"c2":0.23,"c3":0.659,"c4":0.56},{"time":0.4333,"angle":25.97,"curve":0.324,"c2":0.25,"c3":0.658,"c4":0.59},{"time":0.6667,"angle":-37.4,"curve":0.329,"c2":0.3,"c3":0.662,"c4":0.64},{"time":0.8,"angle":-17.18}]}},"drawOrder":[{"offsets":[{"slot":"youshou","offset":9}]}],"events":[{"time":0.3333,"name":"shoot"}]},"death":{"slots":{"youdatui2":{"attachment":[{"name":null}]},"youxiaotui2":{"attachment":[{"name":null}]}},"bones":{"root":{"translate":[{"time":0.5,"curve":0.25,"c3":0.75},{"time":0.8,"y":0.38,"curve":0.25,"c3":0.75},{"time":1}]},"bone":{"translate":[{"curve":0.273,"c3":0.62,"c4":0.41},{"time":0.0667,"y":-3.89,"curve":0.327,"c2":0.31,"c3":0.661,"c4":0.65},{"time":0.1667,"y":-5.46,"curve":0.351,"c2":0.4,"c3":0.757},{"time":0.5,"y":-19.24}]},"pigu":{"rotate":[{"curve":0.273,"c3":0.62,"c4":0.41},{"time":0.0667,"angle":-0.66,"curve":0.327,"c2":0.31,"c3":0.661,"c4":0.65},{"time":0.1667,"angle":-0.93,"curve":0.351,"c2":0.4,"c3":0.757},{"time":0.5,"angle":3.61}],"translate":[{"curve":0.273,"c3":0.62,"c4":0.41},{"time":0.0667,"x":-0.05,"y":7.81,"curve":0.327,"c2":0.31,"c3":0.661,"c4":0.65},{"time":0.1667,"x":-0.07,"y":10.97,"curve":0.325,"c2":0.31,"c3":0.675,"c4":0.69},{"time":0.3333,"x":-0.94,"y":13.65,"curve":0.382,"c2":0.57,"c3":0.735},{"time":0.5,"x":0.66,"y":2.38,"curve":0.25,"c3":0.75},{"time":0.6333,"x":0.49,"y":4.99,"curve":0.25,"c3":0.75},{"time":0.8,"x":0.66,"y":2.38}]},"shengti":{"rotate":[{"curve":0.273,"c3":0.62,"c4":0.41},{"time":0.0667,"angle":-16.75,"curve":0.327,"c2":0.31,"c3":0.661,"c4":0.65},{"time":0.1667,"angle":-23.52,"curve":0.325,"c2":0.31,"c3":0.675,"c4":0.69},{"time":0.3333,"angle":-5.17,"curve":0.382,"c2":0.57,"c3":0.735},{"time":0.5,"angle":16.2}],"translate":[{"curve":0.273,"c3":0.62,"c4":0.41},{"time":0.0667,"x":0.28,"y":2.36,"curve":0.327,"c2":0.31,"c3":0.661,"c4":0.65},{"time":0.1667,"x":0.39,"y":3.31,"curve":0.351,"c2":0.4,"c3":0.757},{"time":0.5,"x":0.02,"y":-4.72,"curve":0.25,"c3":0.75},{"time":0.8,"x":0.14,"y":-2.84,"curve":0.25,"c3":0.75},{"time":1,"x":-0.06,"y":-0.94}],"scale":[{"time":0.0667,"curve":0.337,"c2":0.35,"c3":0.758},{"time":0.5,"x":0.981,"curve":0.25,"c3":0.75},{"time":0.8,"x":0.991,"curve":0.25,"c3":0.75},{"time":1,"x":0.988}]},"youdatui":{"rotate":[{"curve":0.273,"c3":0.62,"c4":0.41},{"time":0.0667,"angle":-30.4,"curve":0.327,"c2":0.31,"c3":0.661,"c4":0.65},{"time":0.1667,"angle":-42.68,"curve":0.325,"c2":0.31,"c3":0.675,"c4":0.69},{"time":0.3333,"angle":-27.79,"curve":0.382,"c2":0.57,"c3":0.735},{"time":0.5,"angle":-66.04,"curve":0.25,"c3":0.75},{"time":0.8,"angle":-62.25,"curve":0.25,"c3":0.75},{"time":1,"angle":-66.04}],"translate":[{"curve":0.273,"c3":0.62,"c4":0.41},{"time":0.0667,"x":2.68,"y":5.17,"curve":0.327,"c2":0.31,"c3":0.661,"c4":0.65},{"time":0.1667,"x":3.77,"y":7.25,"curve":0.325,"c2":0.31,"c3":0.675,"c4":0.69},{"time":0.3333,"x":-0.55,"y":9.74,"curve":0.382,"c2":0.57,"c3":0.735},{"time":0.5,"y":0.88,"curve":0.25,"c3":0.75},{"time":0.8,"y":2.31,"curve":0.25,"c3":0.75},{"time":1,"y":0.88}]},"youxiaotui":{"rotate":[{"curve":0.273,"c3":0.62,"c4":0.41},{"time":0.0667,"angle":28.65,"curve":0.327,"c2":0.31,"c3":0.661,"c4":0.65},{"time":0.1667,"angle":40.23,"curve":0.325,"c2":0.31,"c3":0.675,"c4":0.69},{"time":0.3333,"angle":36.52,"curve":0.382,"c2":0.57,"c3":0.735},{"time":0.5,"angle":78.44,"curve":0.25,"c3":0.75},{"time":0.8,"angle":70.46,"curve":0.25,"c3":0.75},{"time":1,"angle":78.44}],"translate":[{"curve":0.273,"c3":0.62,"c4":0.41},{"time":0.0667,"x":-0.99,"y":0.22,"curve":0.327,"c2":0.31,"c3":0.661,"c4":0.65},{"time":0.1667,"x":-1.39,"y":0.31,"curve":0.325,"c2":0.31,"c3":0.675,"c4":0.69},{"time":0.3333,"x":0.67,"y":2.33,"curve":0.382,"c2":0.57,"c3":0.735},{"time":0.5,"x":-1.28,"y":0.3,"curve":0.25,"c3":0.75},{"time":0.8,"x":-1.26,"y":0.64,"curve":0.25,"c3":0.75},{"time":1,"x":-1.28,"y":0.3}]},"youxiaotui2":{"rotate":[{"curve":0.273,"c3":0.62,"c4":0.41},{"time":0.0667,"angle":8.17,"curve":0.327,"c2":0.31,"c3":0.661,"c4":0.65},{"time":0.1667,"angle":11.47,"curve":0.325,"c2":0.31,"c3":0.675,"c4":0.69},{"time":0.3333,"angle":-8.83,"curve":0.382,"c2":0.57,"c3":0.735},{"time":0.5,"angle":-13.57,"curve":0.25,"c3":0.75},{"time":0.8,"angle":-9.38,"curve":0.25,"c3":0.75},{"time":1,"angle":-13.57}],"translate":[{"curve":0.273,"c3":0.62,"c4":0.41},{"time":0.0667,"x":1.62,"y":0.55,"curve":0.327,"c2":0.31,"c3":0.661,"c4":0.65},{"time":0.1667,"x":2.27,"y":0.77,"curve":0.325,"c2":0.31,"c3":0.675,"c4":0.69},{"time":0.3333,"x":1.19,"y":-0.96,"curve":0.382,"c2":0.57,"c3":0.735},{"time":0.5,"curve":0.25,"c3":0.75},{"time":0.8,"x":-0.06,"y":1.13,"curve":0.25,"c3":0.75},{"time":1}]},"zuodatui":{"rotate":[{"curve":0.273,"c3":0.62,"c4":0.41},{"time":0.0667,"angle":-1.57,"curve":0.327,"c2":0.31,"c3":0.661,"c4":0.65},{"time":0.1667,"angle":-2.2,"curve":0.351,"c2":0.4,"c3":0.757},{"time":0.5,"angle":-7.77,"curve":0.25,"c3":0.75},{"time":0.8,"angle":-4.32,"curve":0.25,"c3":0.75},{"time":1,"angle":-2.98}],"translate":[{"curve":0.273,"c3":0.62,"c4":0.41},{"time":0.0667,"x":-2.05,"y":4.46,"curve":0.327,"c2":0.31,"c3":0.661,"c4":0.65},{"time":0.1667,"x":-2.87,"y":6.26,"curve":0.325,"c2":0.31,"c3":0.675,"c4":0.69},{"time":0.3333,"x":-1.57,"y":9.5,"curve":0.382,"c2":0.57,"c3":0.735},{"time":0.5,"x":-3.46,"y":0.18,"curve":0.25,"c3":0.75},{"time":0.8,"x":-3.3,"y":0.54,"curve":0.25,"c3":0.75},{"time":1,"x":-3.46,"y":0.18}]},"zuoxiaotui":{"rotate":[{"curve":0.273,"c3":0.62,"c4":0.41},{"time":0.0667,"angle":8.33,"curve":0.327,"c2":0.31,"c3":0.661,"c4":0.65},{"time":0.1667,"angle":11.7,"curve":0.325,"c2":0.31,"c3":0.675,"c4":0.69},{"time":0.3333,"angle":30.34,"curve":0.382,"c2":0.57,"c3":0.735},{"time":0.5,"angle":72.62,"curve":0.25,"c3":0.75},{"time":0.8,"angle":63.18,"curve":0.25,"c3":0.75},{"time":1,"angle":67.83}],"translate":[{"curve":0.273,"c3":0.62,"c4":0.41},{"time":0.0667,"x":1.38,"y":0.34,"curve":0.327,"c2":0.31,"c3":0.661,"c4":0.65},{"time":0.1667,"x":1.93,"y":0.48,"curve":0.325,"c2":0.31,"c3":0.675,"c4":0.69},{"time":0.3333,"x":-1.47,"y":0.95,"curve":0.382,"c2":0.57,"c3":0.735},{"time":0.5,"x":-3.05,"y":2.94,"curve":0.25,"c3":0.75},{"time":0.8,"x":-4.48,"y":0.94,"curve":0.25,"c3":0.75},{"time":1,"x":-2.85,"y":1.67}]},"zuoxiaotui2":{"rotate":[{"curve":0.273,"c3":0.62,"c4":0.41},{"time":0.0667,"angle":-6.15,"curve":0.327,"c2":0.31,"c3":0.661,"c4":0.65},{"time":0.1667,"angle":-8.64,"curve":0.325,"c2":0.31,"c3":0.675,"c4":0.69},{"time":0.3333,"angle":10.43,"curve":0.382,"c2":0.57,"c3":0.735},{"time":0.5,"angle":15.04,"curve":0.25,"c3":0.75},{"time":0.8,"angle":21.03,"curve":0.25,"c3":0.75},{"time":1,"angle":15.04}],"translate":[{"curve":0.273,"c3":0.62,"c4":0.41},{"time":0.0667,"x":-0.46,"y":0.16,"curve":0.327,"c2":0.31,"c3":0.661,"c4":0.65},{"time":0.1667,"x":-0.65,"y":0.23,"curve":0.325,"c2":0.31,"c3":0.675,"c4":0.69},{"time":0.3333,"x":-0.83,"y":0.26,"curve":0.382,"c2":0.57,"c3":0.735},{"time":0.5,"x":0.28,"y":-0.26,"curve":0.25,"c3":0.75},{"time":0.8,"x":1.92,"y":0.3,"curve":0.25,"c3":0.75},{"time":1,"x":0.28,"y":-0.26}]},"naodai":{"rotate":[{"curve":0.26,"c3":0.618,"c4":0.44},{"time":0.0667,"angle":-34.53,"curve":0.329,"c2":0.32,"c3":0.664,"c4":0.66},{"time":0.1667,"angle":-47.25,"curve":0.34,"c2":0.35,"c3":0.684,"c4":0.72},{"time":0.3333,"angle":-15.43,"curve":0.38,"c2":0.59,"c3":0.727},{"time":0.5,"angle":37.56,"curve":0.25,"c3":0.75},{"time":0.8,"angle":25.99,"curve":0.25,"c3":0.75},{"time":1,"angle":32.55}],"translate":[{"curve":0.273,"c3":0.62,"c4":0.41},{"time":0.0667,"x":-0.08,"y":0.25,"curve":0.327,"c2":0.31,"c3":0.661,"c4":0.65},{"time":0.1667,"x":-0.12,"y":0.35,"curve":0.325,"c2":0.31,"c3":0.675,"c4":0.69},{"time":0.3333,"x":1.02,"y":-3.96,"curve":0.382,"c2":0.57,"c3":0.735},{"time":0.5,"x":-0.42,"y":1.24,"curve":"stepped"},{"time":0.8,"x":-0.42,"y":1.24,"curve":0.25,"c3":0.75},{"time":1,"x":0.15,"y":1.08}]},"naodai2":{"rotate":[{"angle":2.73,"curve":0.273,"c3":0.62,"c4":0.41},{"time":0.0667,"angle":-5.98,"curve":0.327,"c2":0.31,"c3":0.661,"c4":0.65},{"time":0.1667,"angle":21.49,"curve":0.325,"c2":0.31,"c3":0.675,"c4":0.69},{"time":0.3333,"angle":-12.38,"curve":0.382,"c2":0.57,"c3":0.735},{"time":0.5,"angle":12.98,"curve":0.254,"c3":0.621,"c4":0.47},{"time":0.8,"angle":-35.4}],"translate":[{"x":-0.02,"y":0.07}]},"naodai3":{"rotate":[{"angle":7.71,"curve":0.273,"c3":0.62,"c4":0.41},{"time":0.0667,"angle":-1,"curve":0.327,"c2":0.31,"c3":0.661,"c4":0.65},{"time":0.1667,"angle":26.48,"curve":0.325,"c2":0.31,"c3":0.675,"c4":0.69},{"time":0.3333,"angle":-7.4,"curve":0.382,"c2":0.57,"c3":0.735},{"time":0.5,"angle":17.96,"curve":0.254,"c3":0.621,"c4":0.47},{"time":0.8,"angle":-30.42}]},"naodai4":{"rotate":[{"angle":15.01,"curve":0.273,"c3":0.62,"c4":0.41},{"time":0.0667,"angle":6.3,"curve":0.327,"c2":0.31,"c3":0.661,"c4":0.65},{"time":0.1667,"angle":33.78,"curve":0.325,"c2":0.31,"c3":0.675,"c4":0.69},{"time":0.3333,"angle":-0.1,"curve":0.382,"c2":0.57,"c3":0.735},{"time":0.5,"angle":25.26,"curve":0.254,"c3":0.621,"c4":0.47},{"time":0.8,"angle":-23.12}]},"naodai5":{"rotate":[{"curve":0.273,"c3":0.62,"c4":0.41},{"time":0.0667,"angle":-8.71,"curve":0.327,"c2":0.31,"c3":0.661,"c4":0.65},{"time":0.1667,"angle":18.77,"curve":0.325,"c2":0.31,"c3":0.675,"c4":0.69},{"time":0.3333,"angle":-15.11,"curve":0.382,"c2":0.57,"c3":0.735},{"time":0.5,"angle":10.25,"curve":0.254,"c3":0.621,"c4":0.47},{"time":0.8,"angle":-43.36}]},"naodai6":{"rotate":[{"angle":9.17,"curve":0.273,"c3":0.62,"c4":0.41},{"time":0.0667,"angle":0.46,"curve":0.327,"c2":0.31,"c3":0.661,"c4":0.65},{"time":0.1667,"angle":27.94,"curve":0.325,"c2":0.31,"c3":0.675,"c4":0.69},{"time":0.3333,"angle":-5.93,"curve":0.382,"c2":0.57,"c3":0.735},{"time":0.5,"angle":19.43,"curve":0.254,"c3":0.621,"c4":0.47},{"time":0.8,"angle":-34.19}]},"zuoshoubi":{"rotate":[{"curve":0.25,"c3":0.75},{"time":0.0667,"angle":-0.42,"curve":0.25,"c3":0.75},{"time":0.1667,"angle":-0.59,"curve":0.25,"c3":0.75},{"time":0.3333,"angle":-0.08,"curve":0.25,"c3":0.75},{"time":0.5,"angle":-43.61,"curve":0.25,"c3":0.75},{"time":0.6333,"angle":-49.77,"curve":0.25,"c3":0.75},{"time":0.8,"angle":-51.69,"curve":0.25,"c3":0.75},{"time":1,"angle":-30.23}],"translate":[{"curve":0.25,"c3":0.75},{"time":0.0667,"x":-0.5,"y":-0.06,"curve":0.25,"c3":0.75},{"time":0.1667,"x":-0.7,"y":-0.08,"curve":0.25,"c3":0.75},{"time":0.5,"x":-2.46,"y":-0.28}]},"zuoshou":{"rotate":[{"curve":0.25,"c3":0.75},{"time":0.0667,"angle":65.09,"curve":0.25,"c3":0.75},{"time":0.1667,"angle":91.4,"curve":0.25,"c3":0.75},{"time":0.3333,"angle":98.62,"curve":0.25,"c3":0.75},{"time":0.5,"angle":97.22,"curve":0.25,"c3":0.75},{"time":0.6333,"angle":85.58,"curve":0.25,"c3":0.75},{"time":0.8,"angle":72.86,"curve":0.25,"c3":0.75},{"time":1,"angle":66.94}]},"zuoshou2":{"rotate":[{"curve":0.25,"c3":0.75},{"time":0.0667,"angle":3.75,"curve":0.25,"c3":0.75},{"time":0.1667,"angle":5.26,"curve":0.25,"c3":0.75},{"time":0.5,"angle":-0.14,"curve":0.25,"c3":0.75},{"time":0.6333,"angle":6.58,"curve":0.25,"c3":0.75},{"time":0.8,"angle":18.53,"curve":0.25,"c3":0.75},{"time":1,"angle":12.61}]},"youshoubi":{"rotate":[{"curve":0.273,"c3":0.62,"c4":0.41},{"time":0.0667,"angle":15.57,"curve":0.327,"c2":0.31,"c3":0.661,"c4":0.65},{"time":0.1667,"angle":21.86,"curve":0.325,"c2":0.31,"c3":0.675,"c4":0.69},{"time":0.3333,"angle":22.27,"curve":0.382,"c2":0.57,"c3":0.735},{"time":0.5,"angle":-9.8,"curve":0.25,"c3":0.75},{"time":0.8,"angle":-2.37,"curve":0.25,"c3":0.75},{"time":1,"angle":-1.82}],"translate":[{"curve":0.273,"c3":0.62,"c4":0.41},{"time":0.0667,"x":-0.53,"y":-0.08,"curve":0.327,"c2":0.31,"c3":0.661,"c4":0.65},{"time":0.1667,"x":-0.75,"y":-0.11,"curve":0.351,"c2":0.4,"c3":0.757},{"time":0.5,"x":-2.64,"y":-0.38}]},"youshou":{"rotate":[{"angle":-3.37,"curve":0.273,"c3":0.62,"c4":0.41},{"time":0.0667,"angle":65.02,"curve":0.327,"c2":0.31,"c3":0.661,"c4":0.65},{"time":0.1667,"angle":92.65,"curve":0.325,"c2":0.31,"c3":0.675,"c4":0.69},{"time":0.3333,"angle":97.4,"curve":0.382,"c2":0.57,"c3":0.735},{"time":0.5,"angle":75.3,"curve":0.25,"c3":0.75},{"time":0.8,"angle":70.98,"curve":0.25,"c3":0.75},{"time":1,"angle":82.72}],"translate":[{"curve":0.273,"c3":0.62,"c4":0.41},{"time":0.0667,"x":-0.02,"y":-0.15,"curve":0.327,"c2":0.31,"c3":0.661,"c4":0.65},{"time":0.1667,"x":-0.02,"y":-0.21,"curve":0.351,"c2":0.4,"c3":0.757},{"time":0.5,"x":-0.08,"y":-0.74}]},"youshou2":{"rotate":[{"time":0.1667,"curve":0.351,"c2":0.4,"c3":0.757},{"time":0.5,"angle":-7.43,"curve":0.25,"c3":0.75},{"time":0.8}]},"shengti2":{"rotate":[{"angle":2.75,"curve":0.273,"c3":0.62,"c4":0.41},{"time":0.0667,"angle":37.31,"curve":0.327,"c2":0.31,"c3":0.661,"c4":0.65},{"time":0.2667,"angle":-15.96,"curve":0.351,"c2":0.4,"c3":0.757},{"time":0.5,"angle":2.75,"curve":0.25,"c3":0.75},{"time":0.8,"angle":-26.72,"curve":0.25,"c3":0.75},{"time":1,"angle":-9.05}]},"shengti3":{"rotate":[{"angle":5.4,"curve":0.273,"c3":0.62,"c4":0.41},{"time":0.0667,"angle":39.95,"curve":0.327,"c2":0.31,"c3":0.661,"c4":0.65},{"time":0.2667,"angle":-13.31,"curve":0.351,"c2":0.4,"c3":0.757},{"time":0.5,"angle":5.4,"curve":0.25,"c3":0.75},{"time":0.8,"angle":-24.07,"curve":0.25,"c3":0.75},{"time":1,"angle":-6.4}]},"shengti4":{"rotate":[{"angle":0.8,"curve":0.273,"c3":0.62,"c4":0.41},{"time":0.0667,"angle":35.36,"curve":0.327,"c2":0.31,"c3":0.661,"c4":0.65},{"time":0.2667,"angle":-17.91,"curve":0.351,"c2":0.4,"c3":0.757},{"time":0.5,"angle":0.8,"curve":0.25,"c3":0.75},{"time":0.8,"angle":-28.67,"curve":0.25,"c3":0.75},{"time":1,"angle":-11}]},"shengti5":{"rotate":[{"angle":-12.86,"curve":0.273,"c3":0.62,"c4":0.41},{"time":0.0667,"angle":21.69,"curve":0.327,"c2":0.31,"c3":0.661,"c4":0.65},{"time":0.2667,"angle":-31.58,"curve":0.351,"c2":0.4,"c3":0.757},{"time":0.5,"angle":-12.86,"curve":0.25,"c3":0.75},{"time":0.8,"angle":-42.33,"curve":0.25,"c3":0.75},{"time":1,"angle":-24.66}]},"shengti6":{"rotate":[{"angle":-0.01,"curve":0.273,"c3":0.62,"c4":0.41},{"time":0.0667,"angle":34.54,"curve":0.327,"c2":0.31,"c3":0.661,"c4":0.65},{"time":0.2667,"angle":-18.73,"curve":0.351,"c2":0.4,"c3":0.757},{"time":0.5,"angle":-0.01,"curve":0.25,"c3":0.75},{"time":0.8,"angle":-29.48,"curve":0.25,"c3":0.75},{"time":1,"angle":-11.81}]},"root_qiang":{"scale":[{"time":1.1667}]}}},"idle":{"slots":{"youdatui2":{"attachment":[{"name":null}]},"youxiaotui2":{"attachment":[{"name":null}]}},"bones":{"pigu":{"translate":[{},{"time":0.2333,"x":-1.54,"y":-1.89},{"time":0.5,"y":-4.16},{"time":0.7333,"x":1.54,"y":-2.26},{"time":1}]},"shengti":{"rotate":[{"curve":0.25,"c3":0.75},{"time":0.5,"angle":-3.44,"curve":0.25,"c3":0.75},{"time":1}]},"youdatui":{"rotate":[{"curve":0.252,"c3":0.622,"c4":0.48},{"time":0.2333,"angle":-3.68,"curve":0.372,"c2":0.48,"c3":0.752},{"time":0.5,"angle":-8.99,"curve":0.252,"c3":0.622,"c4":0.48},{"time":0.7333,"angle":-4.72,"curve":0.372,"c2":0.48,"c3":0.752},{"time":1}],"translate":[{"curve":0.252,"c3":0.622,"c4":0.48},{"time":0.2333,"x":-0.78,"y":-2.69,"curve":0.372,"c2":0.48,"c3":0.752},{"time":0.5,"x":0.05,"y":-4.65,"curve":0.252,"c3":0.622,"c4":0.48},{"time":0.7333,"x":0.82,"y":-2.74,"curve":0.372,"c2":0.48,"c3":0.752},{"time":1}]},"youxiaotui":{"rotate":[{"curve":0.252,"c3":0.622,"c4":0.48},{"time":0.2333,"angle":7.65,"curve":0.372,"c2":0.48,"c3":0.752},{"time":0.5,"angle":13.34,"curve":0.252,"c3":0.622,"c4":0.48},{"time":0.7333,"angle":3.07,"curve":0.372,"c2":0.48,"c3":0.752},{"time":1}],"translate":[{"curve":0.252,"c3":0.622,"c4":0.48},{"time":0.2333,"x":-1.09,"y":-0.06,"curve":0.372,"c2":0.48,"c3":0.752},{"time":0.5,"x":-0.15,"y":0.16,"curve":0.252,"c3":0.622,"c4":0.48},{"time":0.7333,"x":-0.79,"y":-0.61,"curve":0.372,"c2":0.48,"c3":0.752},{"time":1}]},"youxiaotui2":{"rotate":[{"curve":0.252,"c3":0.622,"c4":0.48},{"time":0.2333,"angle":-3.97,"curve":0.372,"c2":0.48,"c3":0.752},{"time":0.5,"angle":-4.35,"curve":0.252,"c3":0.622,"c4":0.48},{"time":0.7333,"angle":1.66,"curve":0.372,"c2":0.48,"c3":0.752},{"time":1}],"translate":[{"curve":0.252,"c3":0.622,"c4":0.48},{"time":0.2333,"x":-1.35,"curve":0.372,"c2":0.48,"c3":0.752},{"time":0.5,"x":-3.44,"y":0.62,"curve":0.252,"c3":0.622,"c4":0.48},{"time":0.7333,"x":-1.15,"y":0.73,"curve":0.372,"c2":0.48,"c3":0.752},{"time":1}]},"zuodatui":{"translate":[{"curve":0.25,"c3":0.75},{"time":0.5,"x":-0.18,"y":-3.82,"curve":0.25,"c3":0.75},{"time":1}]},"zuoxiaotui":{"rotate":[{"curve":0.25,"c3":0.75},{"time":0.5,"angle":7.24,"curve":0.25,"c3":0.75},{"time":1}],"translate":[{"curve":0.25,"c3":0.75},{"time":0.5,"x":-2.1,"y":-0.3,"curve":0.25,"c3":0.75},{"time":1}]},"zuoxiaotui2":{"rotate":[{"curve":0.25,"c3":0.75},{"time":0.5,"angle":-7.24,"curve":0.25,"c3":0.75},{"time":1}],"translate":[{"curve":0.25,"c3":0.75},{"time":0.5,"x":-1.37,"y":0.18,"curve":0.25,"c3":0.75},{"time":1}]},"naodai":{"rotate":[{"curve":0.25,"c3":0.75},{"time":0.5,"angle":10.3,"curve":0.25,"c3":0.75},{"time":1}],"translate":[{"curve":0.25,"c3":0.75},{"time":0.5,"x":-0.25,"y":1.07,"curve":0.25,"c3":0.75},{"time":1}]},"naodai2":{"rotate":[{"angle":2.73,"curve":0.375,"c2":0.62,"c3":0.716},{"time":0.0667},{"time":0.3,"angle":20.96,"curve":0.243,"c3":0.68,"c4":0.71},{"time":0.5,"angle":2.73,"curve":0.375,"c2":0.62,"c3":0.716},{"time":0.5667},{"time":0.8,"angle":20.96,"curve":0.243,"c3":0.68,"c4":0.71},{"time":1,"angle":2.73}],"translate":[{"x":-0.02,"y":0.07,"curve":0.375,"c2":0.62,"c3":0.716},{"time":0.0667},{"time":0.3,"x":-0.15,"y":0.55,"curve":0.243,"c3":0.68,"c4":0.71},{"time":0.5,"x":-0.02,"y":0.07,"curve":0.375,"c2":0.62,"c3":0.716},{"time":0.5667},{"time":0.8,"x":-0.15,"y":0.55,"curve":0.243,"c3":0.68,"c4":0.71},{"time":1,"x":-0.02,"y":0.07}]},"naodai3":{"rotate":[{"angle":7.71,"curve":0.381,"c2":0.55,"c3":0.742},{"time":0.1},{"time":0.3667,"angle":20.96,"curve":0.245,"c3":0.637,"c4":0.56},{"time":0.5,"angle":7.71,"curve":0.381,"c2":0.55,"c3":0.742},{"time":0.6},{"time":0.8667,"angle":20.96,"curve":0.245,"c3":0.637,"c4":0.56},{"time":1,"angle":7.71}]},"naodai4":{"rotate":[{"angle":15.01,"curve":0.351,"c2":0.4,"c3":0.757},{"time":0.1667},{"time":0.4333,"angle":20.96,"curve":0.265,"c3":0.618,"c4":0.43},{"time":0.5,"angle":15.01,"curve":0.351,"c2":0.4,"c3":0.757},{"time":0.6667},{"time":0.9333,"angle":20.96,"curve":0.265,"c3":0.618,"c4":0.43},{"time":1,"angle":15.01}]},"naodai5":{"rotate":[{"curve":0.25,"c3":0.75},{"time":0.2667,"angle":14.91,"curve":0.25,"c3":0.75},{"time":0.5,"curve":0.25,"c3":0.75},{"time":0.7667,"angle":14.91,"curve":0.25,"c3":0.75},{"time":1}],"translate":[{"curve":0.25,"c3":0.75},{"time":0.2667,"x":-0.15,"y":0.55,"curve":0.25,"c3":0.75},{"time":0.5,"curve":0.25,"c3":0.75},{"time":0.7667,"x":-0.15,"y":0.55,"curve":0.25,"c3":0.75},{"time":1}]},"naodai6":{"rotate":[{"angle":9.17,"curve":0.382,"c2":0.57,"c3":0.735},{"time":0.1},{"time":0.3333,"angle":32.33,"curve":0.243,"c3":0.649,"c4":0.6},{"time":0.5,"angle":9.17,"curve":0.382,"c2":0.57,"c3":0.735},{"time":0.6},{"time":0.8333,"angle":32.33,"curve":0.243,"c3":0.649,"c4":0.6},{"time":1,"angle":9.17}]},"zuoshoubi":{"rotate":[{"curve":0.25,"c3":0.75},{"time":0.5,"angle":5.61,"curve":0.25,"c3":0.75},{"time":1}],"translate":[{"curve":0.25,"c3":0.75},{"time":0.5,"x":0.78,"y":2.29,"curve":0.25,"c3":0.75},{"time":1}],"scale":[{"curve":0.25,"c3":0.75},{"time":0.5,"x":0.966,"y":1.027,"curve":0.25,"c3":0.75},{"time":1}]},"zuoshou":{"rotate":[{"curve":0.25,"c3":0.75},{"time":0.5,"angle":-14.87,"curve":0.25,"c3":0.75},{"time":1}]},"youshoubi":{"rotate":[{"curve":0.25,"c3":0.75},{"time":0.5,"angle":-12.33,"curve":0.25,"c3":0.75},{"time":1}]},"youshou":{"rotate":[{"angle":-3.37,"curve":0.382,"c2":0.57,"c3":0.735},{"time":0.1667},{"time":0.6667,"angle":-11.88,"curve":0.243,"c3":0.649,"c4":0.6},{"time":1,"angle":-3.37}]},"youshou2":{"rotate":[{"curve":0.25,"c3":0.75},{"time":0.5,"angle":-2.96,"curve":0.25,"c3":0.75},{"time":1}]},"shengti2":{"rotate":[{"angle":2.75,"curve":0.375,"c2":0.62,"c3":0.716},{"time":0.1},{"time":0.6,"angle":21.15,"curve":0.243,"c3":0.68,"c4":0.71},{"time":1,"angle":2.75}]},"shengti3":{"rotate":[{"angle":5.4,"curve":0.381,"c2":0.55,"c3":0.742},{"time":0.2,"angle":-3.76,"curve":0.25,"c3":0.75},{"time":0.7,"angle":21.15,"curve":0.245,"c3":0.637,"c4":0.56},{"time":1,"angle":5.4}]},"shengti4":{"rotate":[{"angle":0.8,"curve":0.363,"c2":0.44,"c3":0.755},{"time":0.3,"angle":-34.16,"curve":0.25,"c3":0.75},{"time":0.8,"angle":21.15,"curve":0.258,"c3":0.619,"c4":0.45},{"time":1,"angle":0.8}]},"shengti5":{"rotate":[{"angle":-12.86,"curve":0.38,"c2":0.59,"c3":0.727},{"time":0.1333,"angle":-20.49,"curve":0.25,"c3":0.75},{"time":0.6333,"angle":17.15,"curve":0.242,"c3":0.663,"c4":0.65},{"time":1,"angle":-12.86}]},"shengti6":{"rotate":[{"angle":-0.01,"curve":0.372,"c2":0.48,"c3":0.752},{"time":0.2667,"angle":-20.49,"curve":0.25,"c3":0.75},{"time":0.7667,"angle":17.15,"curve":0.252,"c3":0.622,"c4":0.48},{"time":1,"angle":-0.01}]}}},"run":{"slots":{"zuodatui":{"attachment":[{"name":null}]},"zuoxiaotui":{"attachment":[{"name":null}]}},"bones":{"bone":{"translate":[{"y":6.97,"curve":0.25,"c3":0.625,"c4":0.5},{"time":0.1333,"y":-3.24,"curve":0.375,"c2":0.5,"c3":0.75},{"time":0.2667,"y":6.97,"curve":0.25,"c3":0.75},{"time":0.4,"y":-3.24,"curve":0.375,"c2":0.5,"c3":0.75},{"time":0.5333,"y":6.97}]},"shengti":{"rotate":[{"angle":8.24,"curve":0.25,"c3":0.625,"c4":0.5},{"time":0.1333,"angle":2.67,"curve":0.375,"c2":0.5,"c3":0.75},{"time":0.2667,"angle":8.24,"curve":0.25,"c3":0.625,"c4":0.5},{"time":0.4,"angle":2.42,"curve":0.375,"c2":0.5,"c3":0.75},{"time":0.5333,"angle":8.24}],"translate":[{"x":-2.89,"y":-2.02,"curve":0.25,"c3":0.625,"c4":0.5},{"time":0.1333,"x":-2.23,"y":-3.66,"curve":0.375,"c2":0.5,"c3":0.75},{"time":0.2667,"x":-2.89,"y":-2.02}]},"youdatui":{"rotate":[{"angle":-11.02,"curve":0.276,"c3":0.621,"c4":0.4},{"time":0.0667,"angle":5.74,"curve":0.314,"c2":0.27,"c3":0.657,"c4":0.64},{"time":0.1333,"angle":-7.27,"curve":0.343,"c2":0.36,"c3":0.686,"c4":0.73},{"time":0.2,"angle":57.99,"curve":0.379,"c2":0.6,"c3":0.724},{"time":0.2667,"angle":61.37,"curve":0.25,"c3":0.625,"c4":0.5},{"time":0.4,"angle":46.04,"curve":0.343,"c2":0.36,"c3":0.686,"c4":0.73},{"time":0.4667,"angle":-33.15,"curve":0.379,"c2":0.6,"c3":0.724},{"time":0.5333,"angle":-11.02}],"translate":[{"curve":0.276,"c3":0.621,"c4":0.4},{"time":0.0667,"x":-0.61,"y":-3.04,"curve":0.314,"c2":0.27,"c3":0.657,"c4":0.64},{"time":0.1333,"x":5.72,"y":-1.66,"curve":0.343,"c2":0.36,"c3":0.686,"c4":0.73},{"time":0.2,"x":13.17,"y":-2.7,"curve":0.379,"c2":0.6,"c3":0.724},{"time":0.2667,"x":12.79,"y":-2.88,"curve":0.25,"c3":0.625,"c4":0.5},{"time":0.4,"x":3.52,"y":-0.33,"curve":0.375,"c2":0.5,"c3":0.75},{"time":0.5333}]},"youxiaotui":{"rotate":[{"angle":-7.8,"curve":0.276,"c3":0.621,"c4":0.4},{"time":0.0667,"angle":-8.81,"curve":0.314,"c2":0.27,"c3":0.657,"c4":0.64},{"time":0.1333,"angle":24.47,"curve":0.343,"c2":0.36,"c3":0.686,"c4":0.73},{"time":0.2,"angle":-8.53,"curve":0.379,"c2":0.6,"c3":0.724},{"time":0.2667,"angle":49.38,"curve":0.276,"c3":0.621,"c4":0.4},{"time":0.3333,"angle":77.66,"curve":0.314,"c2":0.27,"c3":0.657,"c4":0.64},{"time":0.4,"angle":53.21,"curve":0.343,"c2":0.36,"c3":0.686,"c4":0.73},{"time":0.4667,"angle":75.01,"curve":0.379,"c2":0.6,"c3":0.724},{"time":0.5333,"angle":-7.8}],"translate":[{"curve":0.276,"c3":0.621,"c4":0.4},{"time":0.0667,"x":0.3,"y":-0.24,"curve":0.314,"c2":0.27,"c3":0.657,"c4":0.64},{"time":0.1333,"x":-3.15,"y":-0.68,"curve":0.343,"c2":0.36,"c3":0.686,"c4":0.73},{"time":0.2,"x":-1.36,"y":-0.64,"curve":0.379,"c2":0.6,"c3":0.724},{"time":0.2667,"x":-0.83,"y":1.65,"curve":0.25,"c3":0.625,"c4":0.5},{"time":0.4,"x":-1.2,"y":-1.58,"curve":0.375,"c2":0.5,"c3":0.75},{"time":0.5333}]},"youxiaotui2":{"rotate":[{"angle":-18.84,"curve":0.276,"c3":0.621,"c4":0.4},{"time":0.0667,"angle":-0.92,"curve":0.314,"c2":0.27,"c3":0.657,"c4":0.64},{"time":0.1333,"angle":-19.41,"curve":0.336,"c2":0.34,"c3":0.671,"c4":0.68},{"time":0.1667,"angle":-27.91,"curve":0.343,"c2":0.37,"c3":0.679,"c4":0.71},{"time":0.2,"angle":-16.12,"curve":0.379,"c2":0.6,"c3":0.724},{"time":0.2667,"curve":0.242,"c3":0.667,"c4":0.67},{"time":0.4667,"angle":1.13,"curve":0.379,"c2":0.6,"c3":0.724},{"time":0.5333,"angle":-18.84}]},"naodai":{"rotate":[{"angle":0.17,"curve":0.276,"c3":0.621,"c4":0.4},{"time":0.0667,"angle":-2.61,"curve":0.314,"c2":0.27,"c3":0.657,"c4":0.64},{"time":0.1333,"angle":10.03,"curve":0.343,"c2":0.36,"c3":0.686,"c4":0.73},{"time":0.2,"angle":8.45,"curve":0.379,"c2":0.6,"c3":0.724},{"time":0.2667,"angle":0.17,"curve":0.276,"c3":0.621,"c4":0.4},{"time":0.3333,"angle":1.84,"curve":0.314,"c2":0.27,"c3":0.657,"c4":0.64},{"time":0.4,"angle":9.6,"curve":0.343,"c2":0.36,"c3":0.686,"c4":0.73},{"time":0.4667,"angle":6.43,"curve":0.379,"c2":0.6,"c3":0.724},{"time":0.5333,"angle":0.17}],"translate":[{"x":-0.14,"y":0.9,"curve":0.25,"c3":0.625,"c4":0.5},{"time":0.1333,"x":-1.13,"y":1.2,"curve":0.375,"c2":0.5,"c3":0.75},{"time":0.2667,"x":-0.14,"y":0.9,"curve":0.25,"c3":0.625,"c4":0.5},{"time":0.4,"x":-0.83,"y":1.86,"curve":0.375,"c2":0.5,"c3":0.75},{"time":0.5333,"x":-0.14,"y":0.9}]},"zuoshoubi":{"rotate":[{"angle":-35.74,"curve":0.25,"c3":0.625,"c4":0.5},{"time":0.1333,"angle":12.45,"curve":0.375,"c2":0.5,"c3":0.75},{"time":0.2667,"angle":27.82,"curve":0.25,"c3":0.75},{"time":0.5333,"angle":-35.74}],"translate":[{"x":-2.01,"y":0.31}]},"zuoshou":{"rotate":[{"angle":5.96,"curve":0.25,"c3":0.625,"c4":0.5},{"time":0.1333,"angle":-20.52,"curve":0.375,"c2":0.5,"c3":0.75},{"time":0.2667,"angle":5.96,"curve":0.25,"c3":0.625,"c4":0.5},{"time":0.4,"angle":27.73,"curve":0.375,"c2":0.5,"c3":0.75},{"time":0.5333,"angle":5.96}]},"youshoubi":{"rotate":[{"angle":49.81,"curve":0.25,"c3":0.75},{"time":0.2667,"angle":-6.6,"curve":0.25,"c3":0.75},{"time":0.5333,"angle":49.81}],"translate":[{"x":-1.62,"y":-2.51}]},"youshou":{"rotate":[{"angle":23.3,"curve":0.25,"c3":0.625,"c4":0.5},{"time":0.1333,"angle":35.33,"curve":0.375,"c2":0.5,"c3":0.75},{"time":0.2667,"angle":5.44,"curve":0.25,"c3":0.625,"c4":0.5},{"time":0.4,"angle":12.17,"curve":0.375,"c2":0.5,"c3":0.75},{"time":0.5333,"angle":23.3}]},"youdatui2":{"rotate":[{"angle":48.89,"curve":0.25,"c3":0.625,"c4":0.5},{"time":0.1333,"angle":17.81,"curve":0.343,"c2":0.36,"c3":0.686,"c4":0.73},{"time":0.2,"angle":-49.4,"curve":0.379,"c2":0.6,"c3":0.724},{"time":0.2667,"angle":-21.31,"curve":0.276,"c3":0.621,"c4":0.4},{"time":0.3333,"angle":-13.61,"curve":0.314,"c2":0.27,"c3":0.657,"c4":0.64},{"time":0.4,"angle":-19.52,"curve":0.343,"c2":0.36,"c3":0.686,"c4":0.73},{"time":0.4667,"angle":43.02,"curve":0.379,"c2":0.6,"c3":0.724},{"time":0.5333,"angle":48.89}],"translate":[{"x":-34.8,"y":-3.3,"curve":0.25,"c3":0.625,"c4":0.5},{"time":0.1333,"x":-36.94,"y":-4.52,"curve":0.375,"c2":0.5,"c3":0.75},{"time":0.2667,"x":-46.18,"y":-5.73,"curve":0.276,"c3":0.621,"c4":0.4},{"time":0.3333,"x":-44.73,"y":-5.36,"curve":0.314,"c2":0.27,"c3":0.657,"c4":0.64},{"time":0.4,"x":-38.69,"y":-2.95,"curve":0.375,"c2":0.5,"c3":0.75},{"time":0.5333,"x":-34.8,"y":-3.3}]},"youxiaotui3":{"rotate":[{"angle":56.41,"curve":0.276,"c3":0.621,"c4":0.4},{"time":0.0667,"angle":90.37,"curve":0.314,"c2":0.27,"c3":0.657,"c4":0.64},{"time":0.1333,"angle":89.31,"curve":0.343,"c2":0.36,"c3":0.686,"c4":0.73},{"time":0.2,"angle":79.92,"curve":0.379,"c2":0.6,"c3":0.724},{"time":0.2667,"angle":-5.18,"curve":0.25,"c3":0.625,"c4":0.5},{"time":0.4,"angle":30.21,"curve":0.343,"c2":0.36,"c3":0.686,"c4":0.73},{"time":0.4667,"angle":-5.78,"curve":0.379,"c2":0.6,"c3":0.724},{"time":0.5333,"angle":56.41}],"translate":[{"x":-3.81,"y":0.3,"curve":0.25,"c3":0.625,"c4":0.5},{"time":0.1333,"x":-4.82,"y":0.25,"curve":0.343,"c2":0.36,"c3":0.686,"c4":0.73},{"time":0.2,"x":-3.15,"y":-0.13,"curve":0.379,"c2":0.6,"c3":0.724},{"time":0.2667,"x":-3.81,"y":0.3,"curve":0.276,"c3":0.621,"c4":0.4},{"time":0.3333,"x":-1.31,"y":0.05,"curve":0.333,"c2":0.33,"c3":0.758},{"time":0.5333,"x":-3.81,"y":0.3}]},"youxiaotui4":{"rotate":[{"angle":-7.63,"curve":0.242,"c3":0.667,"c4":0.67},{"time":0.2,"angle":10.26,"curve":0.379,"c2":0.6,"c3":0.724},{"time":0.2667,"angle":-7.63,"curve":0.276,"c3":0.621,"c4":0.4},{"time":0.3333,"angle":3.06,"curve":0.314,"c2":0.27,"c3":0.657,"c4":0.64},{"time":0.4,"angle":-13.47,"curve":0.336,"c2":0.34,"c3":0.671,"c4":0.68},{"time":0.4333,"angle":-30.45,"curve":0.343,"c2":0.37,"c3":0.679,"c4":0.71},{"time":0.4667,"angle":-18.41,"curve":0.379,"c2":0.6,"c3":0.724},{"time":0.5333,"angle":-7.63}]},"naodai2":{"rotate":[{"angle":-11.72},{"time":0.1333,"angle":24.38},{"time":0.2667,"angle":-11.72},{"time":0.4,"angle":25.59},{"time":0.5333,"angle":-11.72}]},"naodai3":{"rotate":[{"angle":-11.72},{"time":0.1333,"angle":24.38},{"time":0.2667,"angle":-11.72},{"time":0.4,"angle":25.59},{"time":0.5333,"angle":-11.72}]},"naodai4":{"rotate":[{"angle":-11.72},{"time":0.1333,"angle":24.38},{"time":0.2667,"angle":-11.72},{"time":0.4,"angle":25.59},{"time":0.5333,"angle":-11.72}]},"naodai5":{"rotate":[{"angle":-11.72},{"time":0.1333,"angle":24.38},{"time":0.2667,"angle":-11.72},{"time":0.4,"angle":25.59},{"time":0.5333,"angle":-11.72}]},"naodai6":{"rotate":[{"angle":-11.72},{"time":0.1333,"angle":24.38},{"time":0.2667,"angle":-11.72},{"time":0.4,"angle":25.59},{"time":0.5333,"angle":-11.72}]},"shengti2":{"rotate":[{"angle":-11.72},{"time":0.1333,"angle":24.38},{"time":0.2667,"angle":-11.72},{"time":0.4,"angle":25.59},{"time":0.5333,"angle":-11.72}]},"shengti3":{"rotate":[{"angle":-11.72},{"time":0.1333,"angle":24.38},{"time":0.2667,"angle":-11.72},{"time":0.4,"angle":25.59},{"time":0.5333,"angle":-11.72}]},"shengti4":{"rotate":[{"angle":-11.72},{"time":0.1333,"angle":24.38},{"time":0.2667,"angle":-11.72},{"time":0.4,"angle":25.59},{"time":0.5333,"angle":-11.72}]},"shengti5":{"rotate":[{"angle":-11.72},{"time":0.1333,"angle":24.38},{"time":0.2667,"angle":-11.72},{"time":0.4,"angle":25.59},{"time":0.5333,"angle":-11.72}]},"shengti6":{"rotate":[{"angle":-11.72},{"time":0.1333,"angle":24.38},{"time":0.2667,"angle":-11.72},{"time":0.4,"angle":25.59},{"time":0.5333,"angle":-11.72}]}}}}}