{"skeleton":{"hash":"WDA2u3V/1lCYuJjEVP4WXK4t3CI","spine":"3.8.86","x":-128.39,"y":-81.07,"width":236,"height":214.48,"images":"./images/","audio":""},"bones":[{"name":"root","y":-79.38},{"name":"bone","parent":"root","x":-0.19,"y":57.37,"scaleX":-1},{"name":"bone2","parent":"bone","x":-0.17,"y":24.12},{"name":"bone3","parent":"bone","x":-13.2,"y":68.66},{"name":"mashenti","parent":"bone2","length":24.57,"rotation":0.74,"x":-44.66,"y":17.18},{"name":"mashenti2","parent":"mashenti","length":33.5,"rotation":-0.2,"x":24.57},{"name":"mashenti3","parent":"mashenti2","length":34.47,"rotation":10.66,"x":33.5},{"name":"mashenti4","parent":"mashenti3","length":24.43,"rotation":29.56,"x":34.47},{"name":"mashenti5","parent":"mashenti4","length":21.73,"rotation":9,"x":24.43},{"name":"mashenti6","parent":"mashenti5","length":28.67,"rotation":-84.34,"x":27.95,"y":-6.86},{"name":"mawei","parent":"mashenti","x":-9.24,"y":17.81},{"name":"mawei2","parent":"mawei","length":20.91,"rotation":-158.06,"x":-7.76,"y":0.96},{"name":"mawei3","parent":"mawei2","length":19.84,"rotation":39.64,"x":20.91},{"name":"mawei4","parent":"mawei3","length":21.32,"rotation":11.2,"x":19.84},{"name":"mawei5","parent":"mawei4","length":20.61,"rotation":9.25,"x":21.32},{"name":"mawei6","parent":"mawei5","length":16.73,"rotation":10.19,"x":20.61},{"name":"mahoutui1","parent":"bone2","length":32.37,"rotation":-99.2,"x":-52.95,"y":7.93},{"name":"mahoutui2","parent":"mahoutui1","length":21.53,"rotation":-39.61,"x":32.37},{"name":"mahoutui3","parent":"mahoutui2","length":30.41,"rotation":59.04,"x":22.75,"y":0.72},{"name":"mahoutui4","parent":"mahoutui3","length":11.03,"rotation":-11.4,"x":30.41},{"name":"mahoutui5","parent":"bone2","length":27.5,"rotation":-107.78,"x":-23.61,"y":1.29},{"name":"mahoutui6","parent":"mahoutui5","length":21.73,"rotation":-31.83,"x":27.5},{"name":"mahoutui7","parent":"mahoutui6","length":28.24,"rotation":61.22,"x":21.73},{"name":"mahoutui8","parent":"mahoutui7","length":14.09,"rotation":-9.6,"x":28.24},{"name":"mashenti7","parent":"bone2","length":40.24,"rotation":-95.13,"x":37.18,"y":4.85},{"name":"mashenti8","parent":"mashenti7","length":35.52,"rotation":4.36,"x":40,"y":-0.02},{"name":"mashenti9","parent":"mashenti8","length":11.54,"rotation":4.35,"x":35.52},{"name":"maqiantui2","parent":"bone2","length":36.51,"rotation":-92.26,"x":54.94,"y":4.61},{"name":"maqiantui3","parent":"maqiantui2","length":37.98,"rotation":-1,"x":36.51},{"name":"maqiantui4","parent":"maqiantui3","length":11.06,"rotation":6.99,"x":37.98},{"name":"shenti","parent":"bone3","length":37,"rotation":82.04,"x":1.2,"y":5.85},{"name":"tou","parent":"shenti","length":35.69,"rotation":-0.93,"x":38.95,"y":-1.52},{"name":"youshou","parent":"shenti","length":23.15,"rotation":-166.67,"x":28.48,"y":9.35},{"name":"youshou2","parent":"youshou","length":19.21,"rotation":57.8,"x":23.15},{"name":"youshou3","parent":"youshou2","length":8.38,"rotation":3.28,"x":19.21},{"name":"weapons1","parent":"youshou3","x":3.94,"y":2.79},{"name":"root_weapons1","parent":"weapons1","rotation":-2.12,"x":46.35,"y":6.56},{"name":"zuoshouzhang","parent":"shenti","length":19.6,"rotation":-147.63,"x":27.87,"y":-6.88},{"name":"zuoshouzhang2","parent":"zuoshouzhang","length":18.34,"rotation":57.79,"x":19.6},{"name":"zuoshouzhi","parent":"zuoshouzhang2","length":9,"rotation":6.73,"x":18.64,"y":0.07},{"name":"zuotui","parent":"bone3","length":15.29,"rotation":-48.65,"x":2.63,"y":2.22},{"name":"zuotui2","parent":"zuotui","length":13.64,"rotation":-64.46,"x":15.29},{"name":"zuotui3","parent":"zuotui2","length":7.25,"rotation":15.84,"x":13.64},{"name":"youtui","parent":"bone3","length":18.18,"rotation":-38.51,"x":11.35,"y":8.04},{"name":"youtui2","parent":"youtui","length":12.76,"rotation":-57,"x":18.28,"y":-0.12},{"name":"youtui3","parent":"youtui2","length":6.93,"rotation":-0.83,"x":12.76}],"slots":[{"name":"a_zuotui","bone":"youtui","attachment":"a_zuotui"},{"name":"a_zuoshou","bone":"zuoshouzhang","attachment":"a_zuoshou"},{"name":"mawei","bone":"mawei","attachment":"mawei"},{"name":"mahoutui2","bone":"mahoutui5","attachment":"mahoutui2"},{"name":"maqiantui2","bone":"maqiantui2","attachment":"maqiantui2"},{"name":"mashenti","bone":"mashenti","attachment":"mashenti"},{"name":"mahoutui1","bone":"mahoutui1","attachment":"mahoutui1"},{"name":"maqiantui1","bone":"mashenti7","attachment":"maqiantui1"},{"name":"a_yifuxia","bone":"shenti","attachment":"a_yifuxia"},{"name":"a_lian","bone":"tou","attachment":"a_lian"},{"name":"a_youtui","bone":"zuotui","attachment":"a_youtui"},{"name":"a_yifushang","bone":"shenti","attachment":"a_yifushang"},{"name":"a_maozi","bone":"tou","attachment":"a_maozi"},{"name":"a_weapons1","bone":"weapons1","attachment":"a_weapons1"},{"name":"a_youshou","bone":"youshou","attachment":"a_youshou"}],"skins":[{"name":"default","attachments":{"a_lian":{"a_lian":{"x":14.06,"y":-5.49,"rotation":-81.11,"width":38,"height":42}},"a_maozi":{"a_maozi":{"x":20.02,"y":-1.48,"rotation":-81.11,"width":57,"height":46}},"a_weapons1":{"a_weapons1":{"x":18.77,"y":6.39,"rotation":23.55,"width":54,"height":25}},"a_yifushang":{"a_yifushang":{"x":18.87,"y":-0.95,"rotation":-82.04,"width":39,"height":54}},"a_yifuxia":{"a_yifuxia":{"x":33.79,"y":-8.19,"rotation":-82.04,"width":15,"height":15}},"a_youshou":{"a_youshou":{"type":"mesh","uvs":[0.43623,0,0.43623,0.40263,0.43623,0.44752,0.63517,0.62479,0.68614,0.62746,1,0.64388,1,1,0.53412,1,0.4457,0.90843,0.0652,0.70819,0,0.67388,0,0,0.26003,0.59933,0.20871,0.57806,0.58831,0.78993,0.65836,0.81381],"triangles":[7,15,6,6,15,5,15,4,5,7,14,15,7,8,14,9,12,8,8,12,14,15,14,4,4,14,3,14,12,3,12,2,3,9,13,12,9,10,13,10,11,13,12,13,2,2,13,1,13,11,1,11,0,1],"vertices":[1,32,-3.14,8.64,1,2,32,14.57,8.25,0.84822,33,2.41,11.65,0.15178,2,32,16.55,8.2,0.68983,33,3.42,9.96,0.31017,3,32,24.51,15.59,0.02194,33,13.91,7.15,0.83288,34,-4.87,7.44,0.14517,3,32,24.67,17.52,0.00576,33,15.64,8.05,0.66864,34,-3.1,8.24,0.3256,2,33,26.24,13.56,0.02372,34,7.8,13.13,0.97628,1,34,15.07,-0.75,1,2,33,19.1,-8.98,0.45649,34,-0.61,-8.96,0.54351,2,33,14.15,-7.25,0.85707,34,-5.46,-6.95,0.14293,2,32,27.7,-6.15,0.30671,33,-2.78,-7.12,0.69329,2,32,26.13,-8.59,0.4899,33,-5.68,-7.1,0.5101,1,32,-3.51,-7.93,1,2,32,23.07,1.36,0.22379,33,1.11,0.79,0.77621,1,32,22.1,-0.57,1,3,32,31.74,13.64,0,33,16.12,0.01,0.99971,34,-3.08,0.18,2.9E-4,2,33,18.94,0.47,0.66455,34,-0.23,0.49,0.33545],"hull":12,"edges":[4,6,10,12,12,14,14,16,20,22,0,22,4,24,16,18,18,20,24,18,0,2,2,4,2,26,26,20,6,28,28,16,6,8,8,10,8,30,30,14],"width":38,"height":44}},"a_youtui":{"a_youtui":{"type":"mesh","uvs":[0,0.38785,0.36086,0.57154,0.40699,0.59502,0.40167,0.80496,0.39672,1,1,1,1,0.73762,1,0.45243,1,0.35019,0.57135,0,0,0,0.70148,0.55197,0.7049,0.4874,0.55766,0.83178],"triangles":[4,13,5,13,6,5,4,3,13,3,2,13,13,11,6,13,2,11,11,7,6,11,2,12,12,2,1,11,12,7,9,12,1,7,12,8,9,8,12,9,1,0,0,10,9],"vertices":[2,40,-5.21,-14.26,0.99507,41,4.03,-24.64,0.00493,3,40,8.45,-10.42,0.65911,41,6.46,-10.66,0.30234,42,-9.82,-8.29,0.03855,3,40,10.2,-9.93,0.46777,41,6.76,-8.87,0.45231,42,-9.04,-6.66,0.07992,3,40,16.7,-15.88,0.01168,41,14.94,-5.57,0.17067,42,-0.27,-5.71,0.81765,2,41,22.54,-2.5,1.0E-5,42,7.88,-4.84,0.99999,2,41,14.73,15.81,0.45775,42,5.36,14.91,0.54225,3,40,27.62,0.81,0.00169,41,4.59,11.48,0.85093,42,-5.57,13.51,0.14738,2,40,18.63,8.72,0.64375,41,-6.43,6.78,0.35625,2,40,15.41,11.56,0.87742,41,-10.37,5.09,0.12258,1,40,-4.98,10.65,1,1,40,-17.43,-3.5,1,3,40,15.26,-1.44,0.05039,41,1.29,-0.64,0.94933,42,-12.06,2.76,2.9E-4,1,40,13.3,0.44,1,3,40,20.95,-12.76,2.8E-4,41,13.96,-0.39,0.1592,42,0.2,-0.46,0.84052],"hull":11,"edges":[8,10,10,12,16,18,18,20,0,20,4,22,12,14,14,16,22,14,16,24,0,2,2,4,24,2,4,6,6,8,6,26,26,12],"width":33,"height":42}},"a_zuoshou":{"a_zuoshou":{"type":"mesh","uvs":[0.40912,0,0.45998,0.48902,0.4636,0.52385,0.67207,0.5592,0.72579,0.56831,1,0.60616,1,1,0.60236,1,0.55503,1,0.07122,1,0.06671,0.98137,0.04496,0.89159,0,0.70595,0,0,0.23521,0.62579,0.28066,0.6688,0.56836,0.72171,0.64002,0.74598],"triangles":[6,17,5,17,4,5,7,17,6,7,8,17,9,15,8,8,16,17,8,15,16,9,10,15,10,11,15,11,14,15,17,3,4,17,16,3,15,2,16,16,2,3,15,14,2,11,12,14,12,13,14,14,1,2,1,13,0,1,14,13],"vertices":[1,37,-1.37,8.62,1,3,37,15.36,8.43,0.45412,38,6.66,6.69,0.54351,39,-11.12,7.98,0.00237,3,37,16.55,8.42,0.27037,38,7.02,5.55,0.7209,39,-10.9,6.81,0.00873,3,37,18.7,15.93,2.4E-4,38,14.82,5.89,0.52834,39,-3.11,6.23,0.47142,2,38,16.83,5.98,0.2619,39,-1.1,6.08,0.7381,1,39,9.11,5.61,1,2,38,29.66,-6.42,2.3E-4,39,10.19,-7.74,0.99977,2,38,15.24,-9.31,0.93233,39,-4.48,-8.92,0.06767,2,38,13.52,-9.66,0.97894,39,-6.23,-9.06,0.02106,2,37,30.83,-7.99,0.23017,38,-4.03,-13.17,0.76983,2,37,30.18,-8.07,0.23489,38,-4.32,-12.58,0.76511,2,37,27.05,-8.5,0.34519,38,-5.71,-9.75,0.65481,2,37,20.58,-9.37,0.78343,38,-8.58,-3.89,0.21657,1,37,-3.24,-6.4,1,1,37,18.95,-0.39,1,1,38,1.36,-0.61,1,1,38,12.15,-0.28,1,1,38,14.91,-0.57,1],"hull":14,"edges":[8,10,10,12,16,18,24,26,0,26,0,2,2,4,2,28,22,24,28,22,4,30,18,20,20,22,30,20,4,6,6,8,6,32,32,16,8,34,12,14,14,16,34,14],"width":37,"height":34}},"a_zuotui":{"a_zuotui":{"type":"mesh","uvs":[0,0.42474,0.40759,0.6695,0.40987,0.71603,0.41503,0.82104,0.42382,1,1,1,1,0.78347,1,0.65455,0.95327,0.40792,0.89874,0.33181,0.85475,0.2704,0.7565,0.13326,0.5293,0,0,0,0.64493,0.46958,0.66522,0.52003,0.61856,0.81337],"triangles":[4,16,5,16,6,5,4,3,16,3,2,16,6,16,7,16,2,15,16,15,7,2,1,15,1,14,15,1,0,14,15,8,7,15,14,9,15,9,8,0,12,14,14,10,9,14,11,10,14,12,11,0,13,12],"vertices":[2,43,-0.67,-13.12,0.91218,44,0.58,-22.98,0.08782,3,43,16.28,-11.52,0.11021,44,8.47,-7.88,0.84755,45,-4.17,-7.95,0.04224,3,43,17.45,-12.85,0.03579,44,10.22,-7.63,0.8215,45,-2.42,-7.67,0.14271,3,43,20.07,-15.86,9.7E-4,44,14.18,-7.07,0.44239,45,1.52,-7.05,0.55665,2,44,20.92,-6.11,0.01584,45,8.25,-5.99,0.98416,3,43,40.33,-8.44,1.8E-4,44,18.98,13.96,0.1255,45,6.02,14.05,0.87432,3,43,35.2,-2,0.04919,44,10.79,13.17,0.39925,45,-2.16,13.14,0.55156,3,43,32.15,1.84,0.1646,44,5.92,12.7,0.57087,45,-7.03,12.6,0.26453,3,43,25.04,8.15,0.66934,44,-3.25,10.17,0.3137,45,-16.16,9.94,0.01696,3,43,21.74,9.23,0.84081,44,-5.95,8,0.15668,45,-18.82,7.72,0.00251,3,43,19.09,10.09,0.946,44,-8.13,6.24,0.05398,45,-20.97,5.93,2.0E-5,1,43,13.15,12.03,1,1,43,3.78,11.04,1,1,43,-10.72,-0.49,1,1,44,0.11,-0.34,1,3,43,19.8,-1.46,0.02621,44,1.95,0.55,0.9731,45,-10.81,0.39,6.9E-4,2,44,13.21,-0.01,0.05254,45,0.45,0,0.94746],"hull":14,"edges":[0,2,8,10,14,16,22,24,24,26,0,26,2,28,20,22,28,20,16,18,18,20,18,30,2,4,30,4,4,6,6,8,6,32,10,12,12,14,32,12],"width":35,"height":38}},"mahoutui1":{"mahoutui1":{"type":"mesh","uvs":[0.64552,0,0.32901,0,0.20469,0.12715,0.20469,0.17687,0.20469,0.29823,0.20788,0.39003,0.1787,0.40917,0,0.52634,0,0.58656,0,0.86365,0,0.8902,0,1,0.69264,1,0.60017,0.86489,0.58726,0.84603,0.43364,0.62158,0.4907,0.60511,0.68261,0.54972,0.74573,0.5315,0.85587,0.49971,0.9563,0.47072,1,0.45811,1,0.23318,1,0,0.65111,0.12096,0.84798,0.25869,0.59798,0.1796,0.75423,0.30505,0.82469,0.07838,0.49047,0.46736,0.4346,0.4931,0.14576,0.61196,0.16693,0.5854,0.26483,0.8775,0.27012,0.89944],"triangles":[13,34,33,13,33,14,10,33,34,11,10,34,34,13,12,11,34,12,31,8,32,9,8,31,33,31,15,33,15,14,9,31,33,10,9,33,30,5,29,6,5,30,32,7,6,17,29,18,30,29,17,30,32,6,8,7,32,16,30,17,32,30,16,15,32,16,31,32,15,24,2,1,26,3,2,24,26,2,25,26,24,4,3,26,27,26,25,4,26,27,29,5,4,25,22,21,20,27,25,27,29,4,27,19,29,25,21,20,20,19,27,18,29,19,28,0,23,24,0,28,24,1,0,28,23,22,25,24,28,28,22,25],"vertices":[2,4,-5.85,9.72,0.80027,16,-19.02,-0.75,0.19973,2,4,-21.05,9.91,0.30872,16,-16.59,-15.75,0.69128,2,4,-27.19,-3.99,0.05383,16,-1.83,-19.4,0.94617,3,4,-27.27,-9.46,0.01248,16,3.57,-18.53,0.98627,17,-10.37,-32.63,0.00125,2,16,16.75,-16.39,0.91035,17,-1.58,-22.59,0.08965,2,16,26.69,-14.63,0.49818,17,4.95,-14.89,0.50182,2,16,28.99,-15.67,0.32601,17,7.39,-14.22,0.67399,3,16,43.09,-22.08,6.5E-4,17,22.34,-10.17,0.96858,18,-9.56,-5.24,0.03078,2,17,26.7,-5.19,0.48171,18,-3.04,-6.42,0.51829,2,18,26.96,-11.83,0.69163,19,-1.04,-12.28,0.30837,2,18,29.83,-12.35,0.50019,19,1.88,-12.22,0.49981,2,18,41.72,-14.5,0.04771,19,13.95,-11.98,0.95229,2,18,47.62,18.22,0.04894,19,13.27,21.26,0.95106,2,18,32.21,16.49,0.46429,19,-1.49,16.52,0.53571,3,17,24.28,34.86,3.0E-5,18,30.06,16.25,0.57874,19,-3.56,15.86,0.42123,3,16,50.1,0.14,3.0E-5,17,13.57,11.42,0.6091,18,4.45,13.38,0.39087,3,16,47.87,2.56,0.00726,17,10.32,11.86,0.82382,18,3.15,16.4,0.16892,3,16,40.39,10.68,0.40079,17,-0.63,13.34,0.59537,18,-1.21,26.54,0.00384,4,4,-1.8,-48.8,7.0E-5,16,37.92,13.35,0.6184,17,-4.23,13.83,0.38142,18,-2.64,29.88,1.1E-4,3,4,3.53,-45.38,0.00329,16,33.63,18.01,0.87181,17,-10.51,14.68,0.1249,3,4,8.39,-42.25,0.0111,16,29.71,22.26,0.95731,17,-16.24,15.45,0.03159,3,4,10.5,-40.89,0.01403,16,28,24.1,0.96669,17,-18.73,15.79,0.01928,2,4,10.83,-16.15,0.38542,16,3.58,20.15,0.61458,2,4,11.16,9.5,0.99988,16,-21.74,16.05,1.2E-4,2,4,-5.76,-3.59,0.45858,16,-5.93,1.64,0.54142,2,4,3.49,-18.86,0.22114,16,7.52,13.39,0.77886,1,16,0.85,0.16,1,2,4,-1.07,-23.9,0.07062,16,13.27,9.77,0.92938,1,4,2.63,0.98,1,3,16,32.92,0.12,0.32685,17,0.35,0.45,0.67314,18,-11.76,19.08,1.0E-5,2,17,4.23,0.81,0.99922,18,-9.45,15.93,7.8E-4,1,18,0.96,-0.03,1,2,17,20.58,-0.01,0.99678,18,-1.74,1.49,0.00322,2,18,30.72,0.41,0.40018,19,0.22,0.46,0.59982,1,19,2.63,0.76,1],"hull":24,"edges":[2,4,8,10,22,24,4,48,48,50,40,42,50,40,4,6,6,8,6,52,52,54,38,40,54,38,2,0,0,46,0,56,42,44,44,46,56,44,10,58,36,38,58,36,10,12,12,14,12,60,34,36,60,34,14,16,16,62,62,30,14,64,30,32,32,34,64,32,16,18,18,66,28,30,66,28,24,26,26,28,26,68,18,20,20,22,68,20],"width":48,"height":110}},"mahoutui2":{"mahoutui2":{"type":"mesh","uvs":[0.58564,0,0.22817,0,0.18977,0.0713,0.14817,0.14852,0.14817,0.33706,0.14817,0.37417,0.14817,0.42316,0,0.48403,0,0.54935,0,0.82429,0,0.85991,0,1,0.67084,1,0.57693,0.83931,0.5589,0.80846,0.44917,0.6207,0.4335,0.59388,0.45484,0.54638,0.58496,0.49287,0.65239,0.46515,0.85255,0.38284,1,0.32222,1,0.18033,1,0,0.62283,0.15001,0.58817,0.23166,0.4575,0.41871,0.43617,0.45137,0.1455,0.56123,0.15084,0.59388,0.24684,0.85101,0.25217,0.8807],"triangles":[13,31,30,13,30,14,10,30,31,11,10,31,31,13,12,11,31,12,29,28,16,8,28,29,29,16,15,9,8,29,30,29,15,30,15,14,9,29,30,10,9,30,26,5,4,27,6,5,26,27,5,18,27,26,17,27,18,28,8,7,6,28,7,28,6,27,28,27,17,16,28,17,22,24,0,2,1,0,24,2,0,22,0,23,24,3,2,25,3,24,21,25,24,22,21,24,4,3,25,20,25,21,25,26,4,19,26,25,20,19,25,19,18,26],"vertices":[1,20,-13.41,-5.77,1,2,20,-7.52,-24.15,0.99974,21,-17.01,-38.99,2.6E-4,2,20,-0.3,-24.01,0.99131,21,-10.95,-35.06,0.00869,2,20,7.52,-23.87,0.95579,21,-4.39,-30.81,0.04421,2,20,24.93,-18.28,0.52903,21,7.46,-16.88,0.47097,2,20,28.36,-17.18,0.36091,21,9.8,-14.14,0.63909,2,20,32.89,-15.73,0.12924,21,12.88,-10.52,0.87076,3,20,40.95,-21.54,0.00163,21,22.8,-11.21,0.88017,22,-9.31,-6.33,0.1182,2,21,26.9,-6.38,0.50906,22,-3.1,-7.61,0.49094,2,22,23.02,-12.97,0.73681,23,-2.99,-13.66,0.26319,2,22,26.41,-13.67,0.52799,23,0.47,-13.78,0.47201,2,22,39.72,-16.4,0.03793,23,14.05,-14.26,0.96207,1,23,15.32,21.94,1,3,21,21.4,35.23,6.5E-4,22,30.71,17.25,0.32408,23,-0.44,17.42,0.67527,3,21,20.2,32.32,0.00406,22,27.59,16.9,0.48178,23,-3.46,16.55,0.51416,3,21,12.91,14.61,0.36092,22,8.56,14.76,0.63702,23,-21.87,11.27,0.00206,2,21,11.87,12.08,0.54616,22,5.84,14.45,0.45384,3,20,39.21,3.69,0.01786,21,8.01,9.31,0.8398,22,1.56,16.51,0.14234,3,20,32.12,8.8,0.46753,21,-0.71,9.91,0.52961,22,-2.12,24.44,0.00286,2,20,28.45,11.44,0.76704,21,-5.22,10.22,0.23296,2,20,17.55,19.3,0.99945,21,-18.63,11.15,5.5E-4,1,20,9.51,25.08,1,1,20,-3.59,20.88,1,1,20,-20.25,15.53,1,1,20,-0.17,0.59,1,1,20,7.94,1.22,1,2,20,27.37,0.04,0.55218,21,-0.13,-0.03,0.44782,2,21,2.8,1.64,0.99844,22,-7.68,17.38,0.00156,2,21,21.66,-0.41,0.6115,22,-0.39,-0.14,0.3885,1,22,2.77,-0.5,1,2,22,28.24,-0.44,0.49142,23,0.07,-0.43,0.50858,2,22,31.12,-0.73,0.00406,23,2.96,-0.24,0.99594],"hull":24,"edges":[12,14,22,24,32,34,2,4,4,6,4,48,6,50,40,42,50,40,48,42,6,8,8,52,38,40,52,38,8,10,10,12,10,54,34,36,36,38,54,36,14,56,56,32,14,16,16,58,30,32,58,30,16,18,18,60,28,30,60,28,18,20,20,22,20,62,24,26,26,28,62,26,2,0,0,46,42,44,44,46,0,44],"width":54,"height":97}},"maqiantui1":{"maqiantui1":{"type":"mesh","uvs":[0.40436,0,0,0.10608,0,0.22033,0,0.26053,0,0.42608,0.14976,0.56785,0.18533,0.60152,0.03414,0.75198,0.09388,0.86039,0.11042,0.89041,0.17081,1,0.91109,1,0.8203,0.87516,0.80175,0.84966,0.75164,0.78075,0.71178,0.60092,0.75961,0.56631,1,0.39233,1,0.29102,1,0.24251,1,0,0.49304,0.57791,0.48426,0.60424,0.57432,0.21275,0.5301,0.24195,0.44915,0.88559,0.46773,0.90245],"triangles":[2,1,23,1,0,23,23,0,20,10,26,11,26,12,11,10,9,26,9,25,26,12,26,13,26,25,13,9,8,25,25,14,13,14,25,7,14,7,22,22,15,14,7,25,8,7,6,22,22,21,15,22,6,21,6,5,21,15,21,16,17,16,21,21,5,4,17,21,4,4,24,17,4,3,24,24,18,17,18,24,19,24,23,19,3,2,24,23,20,19,24,2,23],"vertices":[1,6,19.47,9.19,1,1,6,3.1,0.31,1,3,24,1.01,-20.81,0.50964,25,-40.46,-17.76,0.00738,6,0.57,-12.46,0.48298,3,24,5.57,-20.4,0.68405,25,-35.88,-17.7,0.01772,6,-0.33,-16.96,0.29823,3,24,24.37,-18.71,0.80546,25,-17.01,-17.44,0.18361,6,-3.99,-35.47,0.01093,2,24,39.98,-11.89,0.59098,25,-0.92,-11.84,0.40902,2,24,43.69,-10.27,0.6187,25,2.9,-10.5,0.3813,3,24,61.26,-14.16,0.08078,25,20.12,-15.71,0.91915,26,-16.55,-14.5,7.0E-5,3,24,73.38,-10.91,0.00692,25,32.45,-13.4,0.79904,26,-4.08,-13.12,0.19404,3,24,76.74,-10.01,0.00192,25,35.87,-12.75,0.60928,26,-0.62,-12.74,0.3888,2,25,48.33,-10.41,0.03446,26,11.98,-11.35,0.96554,2,25,47.97,16.24,0.05334,26,13.64,15.24,0.94666,2,25,33.78,12.78,0.60238,26,-0.77,12.87,0.39762,2,25,30.89,12.07,0.78195,26,-3.71,12.39,0.21805,2,25,23.06,10.16,0.99338,26,-11.66,11.07,0.00662,2,24,41.93,8.6,0.56568,25,2.58,8.45,0.43432,2,24,37.85,9.96,0.9345,25,-1.39,10.11,0.0655,1,24,17.32,16.8,1,2,24,5.81,15.77,0.98034,6,34.31,-27.36,0.01966,2,24,0.31,15.28,0.89445,6,35.39,-21.94,0.10555,1,6,40.76,5.18,1,2,24,40.02,0.52,0.77153,25,0.06,0.54,0.22847,2,24,43.04,0.47,0.57026,25,3.07,0.26,0.42974,3,24,-1.62,-0.37,0.93919,25,-41.53,2.82,0,6,20.92,-15.69,0.06081,3,24,1.83,-1.64,0.98326,25,-38.19,1.28,1.6E-4,6,18.72,-18.64,0.01658,3,24,75.1,2.08,0,25,35.15,-0.57,0.66947,26,-0.41,-0.54,0.33053,1,26,1.55,0.01,1],"hull":21,"edges":[0,2,12,14,20,22,28,30,0,40,8,10,10,12,10,42,30,32,32,34,42,32,12,44,44,30,2,4,4,46,38,40,46,38,4,6,6,8,6,48,34,36,36,38,48,36,14,16,16,50,26,28,50,26,16,18,18,20,18,52,22,24,24,26,52,24],"width":36,"height":114}},"maqiantui2":{"maqiantui2":{"type":"mesh","uvs":[9.7E-4,0.25503,0.00109,0.22302,0.00143,0.13019,0.00192,0,0.62259,0,0.64892,0.10452,0.67135,0.19354,0.68077,0.23092,0.53669,0.49088,0.52845,0.54181,0.48241,0.82655,0.47688,0.86076,0.61021,0.91894,0.59355,1,0,1,0,0.87901,0,0.8444,0,0.54301,0,0.51349,0.33918,0.20061,0.33185,0.22941,0.31352,0.54301,0.29152,0.57021,0.23285,0.89021,0.23285,0.85661],"triangles":[2,3,4,14,23,13,13,23,12,12,23,11,14,15,23,15,24,23,23,24,11,15,16,24,11,24,10,10,24,22,24,16,22,16,17,22,10,22,9,22,21,9,22,17,21,17,18,21,21,18,20,9,21,8,20,18,0,8,21,20,8,20,7,0,1,20,20,19,7,19,6,7,20,1,19,1,2,19,19,5,6,19,2,5,2,4,5],"vertices":[2,27,5.45,-15.32,0.91526,6,22.02,-22.76,0.08474,2,27,1.93,-15.46,0.83271,6,22.71,-19.31,0.16729,2,27,-8.28,-15.84,0.3787,6,24.71,-9.3,0.6213,2,27,-22.59,-16.38,5.0E-4,6,27.52,4.75,0.9995,2,27,-23.76,13.38,0.44644,6,56.74,-1.04,0.55356,2,27,-12.32,15.1,0.67531,6,55.75,-12.57,0.32469,2,27,-2.58,16.56,0.92423,6,54.9,-22.38,0.07577,2,27,1.51,17.18,0.97157,6,54.54,-26.5,0.02843,2,27,30.36,11.39,0.90668,28,-6.35,11.28,0.09332,2,27,35.97,11.22,0.56388,28,-0.73,11.21,0.43612,2,28,30.66,10.78,0.81252,29,-5.95,11.59,0.18748,2,28,34.43,10.73,0.51691,29,-2.21,11.08,0.48309,2,28,40.46,17.49,0.07861,29,4.59,17.05,0.92139,1,29,13.43,15.68,1,2,28,51.03,-11.25,0.00277,29,11.58,-12.75,0.99723,2,28,37.74,-12.01,0.4973,29,-1.7,-11.89,0.5027,2,28,33.94,-12.22,0.73886,29,-5.5,-11.64,0.26114,2,27,37.1,-14.12,0.46694,28,0.84,-14.11,0.53306,2,27,33.86,-14.25,0.66637,28,-2.4,-14.29,0.33363,2,27,-1.17,0.66,0.98124,6,39.11,-20.05,0.01876,1,27,2,0.43,1,2,27,36.51,0.92,0.51261,28,-0.02,0.92,0.48739,2,27,39.54,-0.02,8.0E-5,28,3.03,0.03,0.99992,2,28,38.33,-0.78,0.35048,29,0.26,-0.82,0.64952,2,28,34.64,-0.99,0.99451,29,-3.43,-0.57,0.00549],"hull":19,"edges":[6,8,14,16,22,24,24,26,26,28,6,4,8,10,4,10,4,2,2,38,10,12,12,14,38,12,2,0,0,36,0,40,40,14,16,42,42,36,32,34,34,36,34,44,16,18,44,18,22,46,28,30,30,32,46,30,32,48,18,20,20,22,48,20],"width":48,"height":110}},"mashenti":{"mashenti":{"type":"mesh","uvs":[0,0.6023,0.07633,0.39188,0.16833,0.30421,0.24205,0.33119,0.26416,0.33928,0.4175,0.32926,0.4417,0.30762,0.49033,0.26413,0.50765,0.24304,0.58652,0.14697,0.60033,0.13015,0.70627,0.00111,0.77168,6.1E-4,0.80618,3.4E-4,0.85066,0,1,0.30672,1,0.59478,0.93755,0.6048,0.80918,0.4736,0.78805,0.452,0.76425,0.51032,0.7495,0.54648,0.69605,0.67745,0.67831,0.79046,0.66539,0.87283,0.52483,1,0.46003,1,0.43465,1,0.27628,1,0.25294,1,0.15655,1,0,1,0.24278,0.64256,0.26207,0.65251,0.41536,0.64853,0.43363,0.64853,0.59504,0.55898,0.61331,0.53908,0.68234,0.42166,0.69757,0.40574,0.726,0.13509,0.75239,0.31817,0.77675,0.19678,0.78792,0.32415,0.15031,0.65097],"triangles":[16,17,15,17,18,15,14,15,43,18,43,15,13,14,42,43,18,19,14,43,42,42,12,13,38,39,21,21,39,20,38,8,9,20,39,19,19,39,41,41,43,19,9,10,38,38,10,39,39,40,41,39,10,40,41,42,43,41,40,42,40,12,42,10,11,40,40,11,12,24,36,23,22,23,37,37,23,36,37,38,22,22,38,21,6,7,36,7,8,36,36,8,37,37,8,38,36,24,25,35,25,26,27,34,35,36,25,35,35,26,27,34,5,35,35,6,36,35,5,6,27,28,34,29,33,28,28,33,34,33,29,32,34,33,4,33,32,4,34,4,5,29,30,32,31,44,30,30,44,32,31,0,44,0,1,44,44,3,32,44,2,3,44,1,2,32,3,4],"vertices":[1,4,-24.9,5.13,1,2,4,-9.51,26.19,0.98009,5,-34.17,26.07,0.01991,3,4,8.82,34.8,0.82026,5,-15.87,34.75,0.17936,6,-42.09,43.28,3.8E-4,4,4,23.38,31.89,0.52532,5,-1.3,31.89,0.45368,6,-28.3,37.77,0.02088,7,-35.97,63.82,1.2E-4,4,4,27.74,31.02,0.39084,5,3.07,31.03,0.56607,6,-24.16,36.12,0.04231,7,-33.18,60.34,7.8E-4,5,4,58.11,31.63,0.00226,5,33.44,31.75,0.34752,6,5.82,31.21,0.52166,7,-9.53,41.28,0.10059,8,-27.08,46.09,0.02797,5,4,62.93,33.76,2.0E-5,5,38.25,33.89,0.21151,6,10.94,32.42,0.56844,7,-4.47,39.81,0.1638,8,-22.32,43.84,0.05622,4,5,47.92,38.19,0.06421,6,21.24,34.86,0.4769,7,5.69,36.85,0.30085,8,-12.74,39.33,0.15804,4,5,51.37,40.29,0.03572,6,25.02,36.29,0.40253,7,9.68,36.23,0.34102,8,-8.9,38.09,0.22073,4,5,67.08,49.84,3.8E-4,6,42.22,42.77,0.11251,7,27.84,33.38,0.26784,8,8.59,32.43,0.61927,4,5,69.83,51.51,3.0E-5,6,45.24,43.9,0.08306,7,31.02,32.88,0.22499,8,11.66,31.44,0.69192,4,6,68.35,52.61,0.00177,7,55.42,29.05,0.01376,8,35.15,23.85,0.83669,9,-29.84,10.2,0.14778,3,7,65.26,20.64,1.0E-4,8,43.56,13.99,0.53495,9,-19.21,17.59,0.46494,2,8,47.99,8.8,0.31968,9,-13.6,21.49,0.68032,2,8,53.71,2.1,0.14972,9,-6.37,26.52,0.85028,1,9,35.56,17.79,1,1,9,52.07,-6.17,1,1,9,42.46,-14.02,1,3,7,39.69,-20.4,0.01143,8,11.89,-22.53,0.24616,9,14.02,-17.53,0.74241,3,7,37.95,-16.01,0.06358,8,10.85,-17.93,0.46032,9,9.33,-18.11,0.47609,3,7,30.53,-17.4,0.33856,8,3.31,-18.14,0.50857,9,8.79,-25.63,0.15287,3,7,25.94,-18.25,0.5524,8,-1.37,-18.27,0.37645,9,8.46,-30.3,0.07115,4,6,53.09,-14,0.15915,7,9.28,-21.36,0.82597,8,-18.3,-18.73,0.01458,9,7.25,-47.19,3.0E-4,3,5,84.64,-15.32,2.4E-4,6,47.42,-24.52,0.48698,7,-0.83,-27.72,0.51278,3,5,82,-23.62,0.00386,6,43.29,-32.18,0.62456,7,-8.2,-32.35,0.37158,3,5,54.05,-36.19,0.18872,6,13.5,-39.37,0.78444,7,-37.66,-23.9,0.02684,4,4,65.65,-36.22,0.00196,5,41.21,-36.07,0.39085,6,0.91,-36.88,0.60534,7,-47.38,-15.52,0.00185,4,4,60.63,-36.15,0.00781,5,36.19,-36.02,0.49494,6,-4.02,-35.9,0.49719,7,-51.19,-12.24,6.0E-5,3,4,29.28,-35.74,0.35494,5,4.84,-35.73,0.61913,6,-34.78,-29.81,0.02594,3,4,24.65,-35.68,0.4635,5,0.21,-35.68,0.52553,6,-39.31,-28.91,0.01096,2,4,5.57,-35.43,0.84885,5,-18.87,-35.5,0.15115,1,4,-25.42,-35.03,1,2,4,23.11,0.44,0.81531,5,-1.45,0.44,0.18469,2,4,26.92,-0.61,0.01836,5,2.36,-0.6,0.98164,2,5,32.71,-0.49,0.67414,6,-0.86,-0.34,0.32586,1,6,2.68,-1.04,1,3,6,35.79,1.62,0.07657,7,1.95,0.76,0.923,8,-22.08,4.27,4.2E-4,2,6,39.73,2.89,2.0E-4,7,6,-0.08,0.9998,4,6,55.44,11.87,3.0E-5,7,24.1,-0.02,0.56891,8,-0.33,0.03,0.431,9,-9.64,-27.46,6.0E-5,2,8,2.84,-1.23,0.99529,9,-8.07,-24.43,0.00471,4,6,69.55,38.58,0.00186,7,49.54,16.26,0.01225,8,27.35,12.13,0.86332,9,-18.95,1.27,0.12257,2,8,16.61,-3.81,0.86085,9,-4.15,-10.99,0.13915,2,8,29.08,0.43,0.50504,9,-7.14,1.85,0.49496,2,8,20.69,-9.57,0.39764,9,1.98,-7.49,0.60236,2,4,4.79,-0.17,0.99993,5,-19.77,-0.24,7.0E-5],"hull":32,"edges":[0,2,2,4,8,10,28,30,30,32,32,34,48,50,0,62,4,6,6,8,6,64,64,58,8,66,56,58,66,56,10,68,54,56,68,54,10,12,12,14,12,70,50,52,52,54,70,52,14,72,72,48,14,16,16,74,44,46,46,48,74,46,16,18,18,76,42,44,76,42,18,20,20,22,20,78,38,40,40,42,78,40,22,24,24,80,80,82,82,38,24,26,26,28,26,84,84,86,34,36,36,38,86,36,0,88,58,60,60,62,88,60,4,88],"width":198,"height":101}},"mawei":{"mawei":{"type":"mesh","uvs":[1,0.09911,0.87774,0.11192,0.79688,0.12039,0.5811,0.23741,0.48987,0.42464,0.46634,0.61037,0.31672,0.79007,0.24479,1,0,1,0,0.76564,0,0.54407,0,0.41845,0.15848,0.28237,0.31097,0.10092,0.59006,0,0.80408,0,1,0],"triangles":[6,7,9,7,8,9,6,9,10,5,6,10,5,10,4,10,11,4,11,12,4,4,12,3,12,13,3,3,13,14,0,1,16,1,15,16,3,14,2,2,15,1,2,14,15],"vertices":[2,11,-8.39,9.17,0.0021,10,3.44,-4.41,0.9979,2,11,-1.49,7.6,0.46272,10,-3.54,-5.52,0.53728,3,11,3.07,6.55,0.87586,10,-8.16,-6.26,0.12291,12,-9.56,16.43,0.00123,3,11,18.66,11.96,0.37313,12,5.89,10.65,0.60831,13,-11.61,13.16,0.01856,4,11,30.24,26.2,1.6E-4,12,23.89,14.22,0.14185,13,6.74,13.16,0.84015,14,-12.28,15.34,0.01784,3,13,23.86,16.83,0.3794,14,5.21,16.2,0.60334,15,-12.29,18.67,0.01725,3,13,42.48,13.44,0.00115,14,23.04,9.87,0.25953,15,4.14,9.28,0.73933,1,15,23.63,4.17,1,1,15,22.91,-9.77,1,2,14,23.03,-8.33,0.34262,15,0.91,-8.63,0.65738,2,13,25.43,-10.43,0.32398,14,2.37,-10.95,0.67602,2,13,14.1,-13.78,0.9611,14,-9.34,-12.44,0.0389,2,12,20.83,-8.72,0.376,13,-0.73,-8.74,0.624,2,11,27.92,-5.81,0.05654,12,1.68,-8.94,0.94346,1,11,9.58,-8.43,1,2,11,-1.68,-3.73,0.92951,10,-7.6,5.05,0.07049,2,11,-11.98,0.58,9.1E-4,10,3.56,4.9,0.99909],"hull":17,"edges":[4,6,6,8,8,10,10,12,12,14,14,16,16,18,18,20,20,22,22,24,24,26,26,28,0,32,28,30,30,32,0,2,2,4,30,2],"width":57,"height":94}}}}],"animations":{"attack":{"bones":{"bone2":{"translate":[{"curve":0.25,"c3":0.75},{"time":0.5,"y":-3.48}]},"bone3":{"translate":[{"curve":0.248,"c3":0.628,"c4":0.52},{"time":0.2667,"x":-3.16,"y":-2.36,"curve":0.378,"c2":0.52,"c3":0.748},{"time":0.5,"y":-4.33}]},"mashenti":{"rotate":[{"curve":0.25,"c3":0.75},{"time":0.5,"angle":2.02}]},"mashenti2":{"rotate":[{"curve":0.25,"c3":0.75},{"time":0.5,"angle":-2.52}]},"mashenti3":{"rotate":[{"angle":-0.25,"curve":0.375,"c2":0.62,"c3":0.716},{"time":0.1}]},"mashenti4":{"rotate":[{"curve":0.25,"c3":0.75},{"time":0.5,"angle":4.62}]},"mashenti5":{"rotate":[{"curve":0.25,"c3":0.75},{"time":0.5,"angle":2.42}]},"mashenti6":{"rotate":[{"angle":1.6,"curve":0.382,"c2":0.57,"c3":0.735},{"time":0.1667}]},"mawei2":{"rotate":[{"angle":12.66,"curve":0.25,"c3":0.75},{"time":0.5}]},"mawei3":{"rotate":[{"angle":-2.77,"curve":0.375,"c2":0.62,"c3":0.716},{"time":0.1}]},"mawei4":{"rotate":[{"angle":-7.82,"curve":0.381,"c2":0.55,"c3":0.742},{"time":0.2,"angle":4.97}]},"mawei5":{"rotate":[{"angle":-13.44,"curve":0.363,"c2":0.44,"c3":0.755},{"time":0.3,"angle":5.6}]},"mawei6":{"rotate":[{"angle":-19.79,"curve":0.3,"c2":0.21,"c3":0.756},{"time":0.4333,"angle":6.99}]},"mahoutui1":{"rotate":[{"curve":0.25,"c3":0.75},{"time":0.5,"angle":1.39}],"translate":[{"curve":0.25,"c3":0.75},{"time":0.5,"x":-0.87,"y":1.01}]},"mahoutui2":{"rotate":[{"curve":0.25,"c3":0.75},{"time":0.5,"angle":-3.62}],"translate":[{"curve":0.25,"c3":0.75},{"time":0.5,"x":-0.78,"y":0.57}]},"mahoutui3":{"rotate":[{"curve":0.25,"c3":0.75},{"time":0.5,"angle":3.51}],"translate":[{"curve":0.25,"c3":0.75},{"time":0.5,"x":0.13,"y":-0.74}]},"mahoutui4":{"rotate":[{"curve":0.25,"c3":0.75},{"time":0.5,"angle":-1.28}],"translate":[{"curve":0.25,"c3":0.75},{"time":0.5,"x":-0.74,"y":0.06}]},"mahoutui5":{"rotate":[{"curve":0.25,"c3":0.75},{"time":0.5,"angle":1.14}],"translate":[{"curve":0.25,"c3":0.75},{"time":0.5,"x":0.29,"y":2.16}]},"mahoutui6":{"rotate":[{"curve":0.25,"c3":0.75},{"time":0.5,"angle":-2.47}],"translate":[{"curve":0.25,"c3":0.75},{"time":0.5,"x":0.44,"y":-1.02}]},"mahoutui7":{"rotate":[{"curve":0.25,"c3":0.75},{"time":0.5,"angle":3.04}],"translate":[{"curve":0.25,"c3":0.75},{"time":0.5,"x":-0.1,"y":-0.53}]},"mahoutui8":{"rotate":[{"curve":0.25,"c3":0.75},{"time":0.5,"angle":-1.71}],"translate":[{"curve":0.25,"c3":0.75},{"time":0.5,"x":-0.66,"y":0.2}]},"mashenti7":{"rotate":[{"curve":0.25,"c3":0.75},{"time":0.5,"angle":1.03}],"translate":[{"curve":0.25,"c3":0.75},{"time":0.5,"y":1.42}]},"mashenti8":{"rotate":[{"curve":0.25,"c3":0.75},{"time":0.5,"angle":-3.64}],"translate":[{"curve":0.25,"c3":0.75},{"time":0.5,"x":-1.98,"y":0.34}]},"mashenti9":{"rotate":[{"curve":0.25,"c3":0.75},{"time":0.5,"angle":2.61}],"translate":[{"curve":0.25,"c3":0.75},{"time":0.5,"x":-0.26,"y":0.41}]},"maqiantui2":{"rotate":[{"curve":0.25,"c3":0.75},{"time":0.5,"angle":2.2}],"translate":[{"curve":0.25,"c3":0.75},{"time":0.5,"y":3.61}]},"maqiantui3":{"rotate":[{"curve":0.25,"c3":0.75},{"time":0.5,"angle":-3.99}],"translate":[{"curve":0.25,"c3":0.75},{"time":0.5,"x":-0.03,"y":-0.24}]},"maqiantui4":{"rotate":[{"curve":0.25,"c3":0.75},{"time":0.5,"angle":1.79}],"translate":[{"curve":0.25,"c3":0.75},{"time":0.5,"x":0.08,"y":0.03}]},"shenti":{"rotate":[{"angle":-0.52,"curve":0.276,"c3":0.621,"c4":0.4},{"time":0.0667,"angle":-2.43,"curve":0.312,"c2":0.27,"c3":0.667,"c4":0.67},{"time":0.1667,"angle":7.01,"curve":0.382,"c2":0.56,"c3":0.74},{"time":0.2667,"angle":9.53,"curve":0.25,"c3":0.75},{"time":0.5,"angle":-0.52}],"translate":[{"curve":0.276,"c3":0.621,"c4":0.4},{"time":0.0667,"x":0.62,"y":-1.05,"curve":0.312,"c2":0.27,"c3":0.667,"c4":0.67},{"time":0.1667,"x":-0.07,"y":-1.06,"curve":0.382,"c2":0.56,"c3":0.74},{"time":0.2667,"x":-1.94,"y":-0.39,"curve":0.25,"c3":0.75},{"time":0.5}]},"tou":{"rotate":[{"curve":0.297,"c3":0.634,"c4":0.37},{"time":0.0667,"angle":3.14,"curve":0.304,"c2":0.22,"c3":0.644,"c4":0.58},{"time":0.1667,"angle":-8.81,"curve":0.324,"c2":0.31,"c3":0.664,"c4":0.66},{"time":0.2667,"angle":0.63,"curve":0.378,"c2":0.52,"c3":0.748},{"time":0.5}]},"youshou":{"rotate":[{"angle":46.96,"curve":0.276,"c3":0.621,"c4":0.4},{"time":0.0667,"angle":43.4,"curve":0.321,"c2":0.29,"c3":0.657,"c4":0.63},{"time":0.1,"angle":63.47,"curve":0.329,"c2":0.32,"c3":0.671,"c4":0.68},{"time":0.1667,"angle":83.67,"curve":0.382,"c2":0.56,"c3":0.74},{"time":0.2667,"angle":87.95,"curve":0.25,"c3":0.75},{"time":0.5,"angle":46.96}]},"youshou2":{"rotate":[{"angle":-6.32}]},"youshou3":{"rotate":[{"angle":-29.69,"curve":0.297,"c3":0.634,"c4":0.37},{"time":0.0667,"angle":-29.32,"curve":0.304,"c2":0.22,"c3":0.644,"c4":0.58},{"time":0.1667,"angle":-14.02,"curve":0.324,"c2":0.31,"c3":0.664,"c4":0.66},{"time":0.2667,"angle":-11.68,"curve":0.378,"c2":0.52,"c3":0.748},{"time":0.5,"angle":-29.69}]},"weapons1":{"rotate":[{"angle":17.99}],"translate":[{"x":0.14,"y":-3.4}]},"zuoshouzhang":{"rotate":[{"angle":46.93,"curve":0.297,"c3":0.634,"c4":0.37},{"time":0.0667,"angle":42.86,"curve":0.321,"c2":0.28,"c3":0.655,"c4":0.61},{"time":0.1,"angle":72.5,"curve":0.317,"c2":0.27,"c3":0.653,"c4":0.62},{"time":0.1667,"angle":100.49,"curve":0.324,"c2":0.31,"c3":0.664,"c4":0.66},{"time":0.2667,"angle":109.04,"curve":0.378,"c2":0.52,"c3":0.748},{"time":0.5,"angle":46.93}]},"zuoshouzhang2":{"rotate":[{"angle":-31.06}]},"zuoshouzhi":{"rotate":[{"angle":-38.97}]},"zuotui":{"rotate":[{"curve":0.297,"c3":0.634,"c4":0.37},{"time":0.0667,"angle":0.38,"curve":0.289,"c2":0.18,"c3":0.648,"c4":0.6},{"time":0.2667,"angle":9.36,"curve":0.378,"c2":0.52,"c3":0.748},{"time":0.5}]},"zuotui2":{"rotate":[{"curve":0.297,"c3":0.634,"c4":0.37},{"time":0.0667,"angle":1.24,"curve":0.289,"c2":0.18,"c3":0.648,"c4":0.6},{"time":0.2667,"angle":-8.62,"curve":0.378,"c2":0.52,"c3":0.748},{"time":0.5}]},"youtui":{"rotate":[{"curve":0.297,"c3":0.634,"c4":0.37},{"time":0.0667,"angle":-2.56,"curve":0.289,"c2":0.18,"c3":0.648,"c4":0.6},{"time":0.2667,"angle":8.53,"curve":0.378,"c2":0.52,"c3":0.748},{"time":0.5}]},"youtui2":{"rotate":[{"curve":0.297,"c3":0.634,"c4":0.37},{"time":0.0667,"angle":-2.66,"curve":0.289,"c2":0.18,"c3":0.648,"c4":0.6},{"time":0.2667,"angle":-11.55,"curve":0.378,"c2":0.52,"c3":0.748},{"time":0.5}]}}},"death":{"bones":{"bone2":{"rotate":[{"time":0.2},{"time":0.3667,"angle":15.78},{"time":0.5333,"angle":-15.93},{"time":0.6667,"angle":-7.96}],"translate":[{"curve":0.25,"c3":0.75},{"time":0.0667,"y":-5.38},{"time":0.2,"x":-0.51,"y":-13.87},{"time":0.3667,"x":-3.38,"y":-11.73},{"time":0.5333,"x":-3.75,"y":-56.77},{"time":0.6667,"x":-2.92,"y":-69.13},{"time":0.8,"x":-2.92,"y":-66.32},{"time":0.9333,"x":-2.92,"y":-69.99}]},"bone3":{"rotate":[{},{"time":0.0667,"angle":-1.32},{"time":0.2,"angle":45.23},{"time":0.4,"angle":115.43},{"time":0.6,"angle":116.97}],"translate":[{},{"time":0.0667,"x":-0.5,"y":-10.02},{"time":0.2,"x":-54.17,"y":-10.65},{"time":0.4,"x":-138.5,"y":-107.3},{"time":0.5,"x":-160.96,"y":-100.29},{"time":0.6,"x":-180.51,"y":-107.88},{"time":0.8,"x":-195.14,"y":-108.47}]},"mashenti":{"rotate":[{"curve":0.25,"c3":0.75},{"time":0.0667,"angle":1.69},{"time":0.2,"angle":8.07,"curve":"stepped"},{"time":0.3667,"angle":8.07},{"time":0.5333,"angle":8.52},{"time":0.6667,"angle":12.09},{"time":0.8,"angle":0.82},{"time":0.9333,"angle":8.07}]},"mashenti2":{"rotate":[{"time":0.0667},{"time":0.2,"angle":5.05},{"time":0.3667,"angle":9.19},{"time":0.5333,"angle":5.05},{"time":0.6667,"angle":4.14},{"time":0.8,"angle":8.19},{"time":0.9333,"angle":5.05}]},"mashenti3":{"rotate":[{"angle":-0.25,"curve":0.375,"c2":0.62,"c3":0.716},{"time":0.0667,"angle":6.47},{"time":0.2,"angle":16.45},{"time":0.3667,"angle":-3.3},{"time":0.5333,"angle":-1.66},{"time":0.6667,"angle":-19.75},{"time":0.8,"angle":-9.61},{"time":0.9333,"angle":-16.05}]},"mashenti4":{"rotate":[{"curve":0.25,"c3":0.75},{"time":0.0667,"angle":3.42},{"time":0.2,"angle":-4.22},{"time":0.3667,"angle":-11.49},{"time":0.5333,"angle":-14.39},{"time":0.6667,"angle":-40.54},{"time":0.8,"angle":-31.94},{"time":0.9333,"angle":-40.62}]},"mashenti5":{"rotate":[{"curve":0.25,"c3":0.75},{"time":0.0667,"angle":-24.32},{"time":0.2,"angle":-17.36},{"time":0.3667,"angle":9.5},{"time":0.5333,"angle":10.32},{"time":0.6667,"angle":-10.74},{"time":0.8,"angle":-28.73},{"time":0.9333,"angle":-23.37}]},"mashenti6":{"rotate":[{"angle":1.6,"curve":0.382,"c2":0.57,"c3":0.735},{"time":0.0667,"angle":1.06},{"time":0.2,"angle":42.38},{"time":0.3667,"angle":4.66},{"time":0.5333,"angle":-28.39},{"time":0.6667,"angle":-40.83},{"time":0.8,"angle":-64.26}]},"mawei2":{"rotate":[{"angle":12.66,"curve":0.25,"c3":0.75},{"time":0.0667,"angle":16.9},{"time":0.2,"angle":-4.78},{"time":0.3667,"angle":-42.45},{"time":0.5333,"angle":13.96},{"time":0.6667,"angle":1.71},{"time":0.8,"angle":13.32},{"time":0.9333,"angle":14.24},{"time":1.2667,"angle":13.96}]},"mawei3":{"rotate":[{"angle":-2.77,"curve":0.375,"c2":0.62,"c3":0.716},{"time":0.0667,"angle":-12.54},{"time":0.2,"angle":-2.77},{"time":0.3667,"angle":-55.25},{"time":0.5333,"angle":-49.54},{"time":0.6667,"angle":-32.14},{"time":0.8,"angle":-20.52},{"time":0.9333,"angle":-19.61},{"time":1.2667,"angle":-19.89}]},"mawei4":{"rotate":[{"angle":-7.82,"curve":0.381,"c2":0.55,"c3":0.742},{"time":0.0667,"angle":-9.2},{"time":0.2,"angle":24.08},{"time":0.3667,"angle":-29.71},{"time":0.5333,"angle":-38.95},{"time":0.6667,"angle":-40.41},{"time":0.8,"angle":-28.8},{"time":0.9333,"angle":-27.88},{"time":1.2667,"angle":-28.16}]},"mawei5":{"rotate":[{"angle":-13.44,"curve":0.363,"c2":0.44,"c3":0.755},{"time":0.0667,"angle":-62.13},{"time":0.2,"angle":18.46},{"time":0.3667,"angle":-35.46},{"time":0.5333,"angle":-70.37},{"time":0.6667,"angle":-46.3},{"time":0.8,"angle":-34.68},{"time":0.9333,"angle":-33.77},{"time":1.2667,"angle":-34.05}]},"mawei6":{"rotate":[{"angle":-19.79,"curve":0.3,"c2":0.21,"c3":0.756},{"time":0.0667,"angle":-68.47},{"time":0.2,"angle":12.11},{"time":0.3667,"angle":-15.55},{"time":0.5333,"angle":-61.94},{"time":0.6667,"angle":-52.4},{"time":0.8,"angle":-40.78},{"time":0.9333,"angle":-39.86},{"time":1.2667,"angle":-40.15}]},"mahoutui1":{"rotate":[{"time":0.2},{"time":0.3667,"angle":13.67},{"time":0.5333,"angle":2.78},{"time":0.6667,"angle":-22.84},{"time":0.8,"angle":-15.88}],"translate":[{"curve":0.25,"c3":0.75},{"time":0.0667,"y":4.5},{"time":0.2,"x":-2.48,"y":6.56}]},"mahoutui2":{"rotate":[{"time":0.2},{"time":0.3667,"angle":-67.25}],"translate":[{"time":0.0667},{"time":0.2,"x":-2.37,"y":1.71},{"time":0.3667,"x":0.08,"y":-0.89}]},"mahoutui3":{"rotate":[{"time":0.2},{"time":0.3667,"angle":36.31},{"time":0.5333,"angle":5.69,"curve":"stepped"},{"time":0.6667,"angle":5.69},{"time":0.8,"angle":18.06},{"time":0.9333,"angle":16.52}],"translate":[{"time":0.0667},{"time":0.2,"x":-2.37,"y":0.43}]},"mahoutui4":{"rotate":[{"time":0.2},{"time":0.3667,"angle":-4.1}],"translate":[{"time":0.0667},{"time":0.2,"x":-2.11,"y":-0.04},{"time":0.3667,"x":-4.27,"y":0.75}]},"mahoutui5":{"rotate":[{"time":0.2},{"time":0.3667,"angle":6.3},{"time":0.5333,"angle":-15.47},{"time":0.6667,"angle":-45.62},{"time":0.8,"angle":-37.43},{"time":0.9333,"angle":-39.25}],"translate":[{"curve":0.25,"c3":0.75},{"time":0.0667,"y":4.5},{"time":0.2,"x":-2.48,"y":6.56}]},"mahoutui6":{"rotate":[{"time":0.2},{"time":0.3667,"angle":-23.49}],"translate":[{"time":0.0667},{"time":0.2,"x":-2.6,"y":1.34},{"time":0.3667,"x":-1.71,"y":0.21},{"time":0.5333,"x":-0.82,"y":-0.91}]},"mahoutui7":{"translate":[{"time":0.0667},{"time":0.2,"x":-2.38,"y":0.39},{"time":0.3667,"x":-3.96,"y":-5.88}]},"mahoutui8":{"translate":[{"time":0.0667},{"time":0.2,"x":-2.11,"y":0.01}]},"mashenti7":{"rotate":[{"time":0.0667},{"time":0.2,"angle":33.68},{"time":0.3667,"angle":59.74},{"time":0.5333,"angle":-2.47},{"time":0.6667,"angle":-15.23},{"time":0.8,"angle":-25.62},{"time":0.9333,"angle":-35.39}],"translate":[{"curve":0.25,"c3":0.75},{"time":0.0667,"y":4.91},{"time":0.2,"x":-2.02,"y":16.04,"curve":"stepped"},{"time":0.6667,"x":-2.02,"y":16.04},{"time":0.8,"x":-1.38,"y":11.43},{"time":0.9333,"x":-2.02,"y":16.04}]},"mashenti8":{"rotate":[{"time":0.0667},{"time":0.2,"angle":-99.45},{"time":0.3667,"angle":-86.44},{"time":0.5333,"angle":-97.18},{"time":0.6667,"angle":-84.13},{"time":0.8,"angle":-73.42},{"time":0.9333,"angle":-58.63}]},"mashenti9":{"rotate":[{"time":0.2},{"time":0.3667,"angle":-70.84},{"time":0.5333,"angle":-7.94},{"time":0.6667,"angle":-26.15},{"time":0.8,"angle":-70.84}]},"maqiantui2":{"rotate":[{"time":0.0667},{"time":0.2,"angle":33.68},{"time":0.3667,"angle":-3.64},{"time":0.5333,"angle":-8.56},{"time":0.6667,"angle":-34.64},{"time":0.8,"angle":-45.45},{"time":0.9333,"angle":-55.22}],"translate":[{"curve":0.25,"c3":0.75},{"time":0.0667,"y":4.91},{"time":0.2,"x":-2.02,"y":16.04,"curve":"stepped"},{"time":0.6667,"x":-2.02,"y":16.04},{"time":0.8,"x":-1.38,"y":11.43},{"time":0.9333,"x":-2.02,"y":16.04}]},"maqiantui3":{"rotate":[{"time":0.0667},{"time":0.2,"angle":-74.16},{"time":0.3667,"angle":-108.67},{"time":0.5333,"angle":-90.77},{"time":0.6667,"angle":-58.29,"curve":"stepped"},{"time":0.8,"angle":-58.29},{"time":0.9333,"angle":-39.98}]},"maqiantui4":{"rotate":[{"time":0.2},{"time":0.3667,"angle":-54.54}]},"shenti":{"rotate":[{"angle":-0.52,"curve":0.38,"c2":0.59,"c3":0.727},{"time":0.0667,"angle":-21.32},{"time":0.2,"angle":16.12},{"time":0.4,"angle":-8.67},{"time":0.6,"angle":-17.95},{"time":0.8,"angle":-17.71}],"translate":[{"time":0.2},{"time":0.4,"x":1.18,"y":-0.59},{"time":0.6,"x":1.77,"y":-0.9}]},"tou":{"rotate":[{"curve":0.25,"c3":0.75},{"time":0.0667,"angle":-27.82},{"time":0.2,"angle":15.71},{"time":0.4,"angle":-57.73},{"time":0.6,"angle":10.53},{"time":0.8,"angle":4.9}]},"youshou":{"rotate":[{"time":0.0667},{"time":0.2,"angle":42.18},{"time":0.4,"angle":30.81},{"time":0.6,"angle":-15.32},{"time":0.7667,"angle":-9.21},{"time":0.9333,"angle":-12.98}]},"youshou2":{"rotate":[{"angle":-1.47,"curve":"stepped"},{"time":0.0667,"angle":-1.47},{"time":0.2,"angle":-31.9},{"time":0.4,"angle":-46.81},{"time":0.6,"angle":-35.37},{"time":0.7667,"angle":-42.84},{"time":0.9333,"angle":-38}]},"youshou3":{"rotate":[{"time":0.2},{"time":0.4,"angle":-13.45},{"time":0.6,"angle":-26.86},{"time":0.9333,"angle":-46.73}]},"zuoshouzhang":{"rotate":[{"time":0.0667},{"time":0.2,"angle":34.94},{"time":0.4,"angle":-19.84},{"time":0.6,"angle":-73.74}]},"zuoshouzhang2":{"rotate":[{"angle":-2.54,"curve":"stepped"},{"time":0.0667,"angle":-2.54},{"time":0.2,"angle":-34.05}]},"zuoshouzhi":{"translate":[{"time":0.2},{"time":0.6,"x":0.02,"y":0.27}]},"zuotui":{"rotate":[{"time":0.0667},{"time":0.2,"angle":-26.41},{"time":0.4,"angle":43.83},{"time":0.6,"angle":-77.47},{"time":0.8,"angle":-75.31}],"translate":[{"time":0.2},{"time":0.8,"x":-5.36,"y":2.11}]},"zuotui2":{"rotate":[{"time":0.0667},{"time":0.2,"angle":26.56},{"time":0.8,"angle":55.37}]},"youtui":{"rotate":[{"time":0.0667},{"time":0.2,"angle":-16.18},{"time":0.4,"angle":-9.11},{"time":0.6,"angle":-81.33}],"translate":[{"time":0.2},{"time":0.8,"x":-6.96,"y":-0.44}]},"youtui2":{"rotate":[{"time":0.0667},{"time":0.2,"angle":39.89},{"time":0.8,"angle":45.83}]}}},"idle":{"bones":{"bone2":{"translate":[{"curve":0.25,"c3":0.75},{"time":0.5,"y":-3.48,"curve":0.25,"c3":0.75},{"time":1}]},"bone3":{"translate":[{"curve":0.25,"c3":0.75},{"time":0.5,"y":-4.33,"curve":0.25,"c3":0.75},{"time":1}]},"mashenti":{"rotate":[{"curve":0.25,"c3":0.75},{"time":0.5,"angle":2.02,"curve":0.25,"c3":0.75},{"time":1}]},"mashenti2":{"rotate":[{"curve":0.25,"c3":0.75},{"time":0.5,"angle":-2.52,"curve":0.25,"c3":0.75},{"time":1}]},"mashenti3":{"rotate":[{"angle":-0.25,"curve":0.375,"c2":0.62,"c3":0.716},{"time":0.1},{"time":0.6,"angle":-1.96,"curve":0.243,"c3":0.68,"c4":0.71},{"time":1,"angle":-0.25}]},"mashenti4":{"rotate":[{"curve":0.25,"c3":0.75},{"time":0.5,"angle":4.62,"curve":0.25,"c3":0.75},{"time":1}]},"mashenti5":{"rotate":[{"curve":0.25,"c3":0.75},{"time":0.5,"angle":2.42,"curve":0.25,"c3":0.75},{"time":1}]},"mashenti6":{"rotate":[{"angle":1.6,"curve":0.382,"c2":0.57,"c3":0.735},{"time":0.1667},{"time":0.6667,"angle":5.65,"curve":0.243,"c3":0.649,"c4":0.6},{"time":1,"angle":1.6}]},"mawei2":{"rotate":[{"angle":12.66,"curve":0.25,"c3":0.75},{"time":0.5,"curve":0.25,"c3":0.75},{"time":1,"angle":12.66}]},"mawei3":{"rotate":[{"angle":-2.77,"curve":0.375,"c2":0.62,"c3":0.716},{"time":0.1},{"time":0.6,"angle":-21.26,"curve":0.243,"c3":0.68,"c4":0.71},{"time":1,"angle":-2.77}]},"mawei4":{"rotate":[{"angle":-7.82,"curve":0.381,"c2":0.55,"c3":0.742},{"time":0.2,"angle":4.97},{"time":0.7,"angle":-21.26,"curve":0.245,"c3":0.637,"c4":0.56},{"time":1,"angle":-7.82}]},"mawei5":{"rotate":[{"angle":-13.44,"curve":0.363,"c2":0.44,"c3":0.755},{"time":0.3,"angle":5.6},{"time":0.8,"angle":-23.53,"curve":0.258,"c3":0.619,"c4":0.45},{"time":1,"angle":-13.44}]},"mawei6":{"rotate":[{"angle":-19.79,"curve":0.3,"c2":0.21,"c3":0.756},{"time":0.4333,"angle":6.99},{"time":0.9333,"angle":-21.26,"curve":0.297,"c3":0.634,"c4":0.37},{"time":1,"angle":-19.79}]},"mahoutui1":{"rotate":[{"curve":0.25,"c3":0.75},{"time":0.5,"angle":1.39,"curve":0.25,"c3":0.75},{"time":1}],"translate":[{"curve":0.25,"c3":0.75},{"time":0.5,"x":-0.87,"y":1.01,"curve":0.25,"c3":0.75},{"time":1}]},"mahoutui2":{"rotate":[{"curve":0.25,"c3":0.75},{"time":0.5,"angle":-3.62,"curve":0.25,"c3":0.75},{"time":1}],"translate":[{"curve":0.25,"c3":0.75},{"time":0.5,"x":-0.78,"y":0.57,"curve":0.25,"c3":0.75},{"time":1}]},"mahoutui3":{"rotate":[{"curve":0.25,"c3":0.75},{"time":0.5,"angle":3.51,"curve":0.25,"c3":0.75},{"time":1}],"translate":[{"curve":0.25,"c3":0.75},{"time":0.5,"x":0.13,"y":-0.74,"curve":0.25,"c3":0.75},{"time":1}]},"mahoutui4":{"rotate":[{"curve":0.25,"c3":0.75},{"time":0.5,"angle":-1.28,"curve":0.25,"c3":0.75},{"time":1}],"translate":[{"curve":0.25,"c3":0.75},{"time":0.5,"x":-0.74,"y":0.06,"curve":0.25,"c3":0.75},{"time":1}]},"mahoutui5":{"rotate":[{"curve":0.25,"c3":0.75},{"time":0.5,"angle":1.14,"curve":0.25,"c3":0.75},{"time":1}],"translate":[{"curve":0.25,"c3":0.75},{"time":0.5,"x":0.29,"y":2.16,"curve":0.25,"c3":0.75},{"time":1}]},"mahoutui6":{"rotate":[{"curve":0.25,"c3":0.75},{"time":0.5,"angle":-2.47,"curve":0.25,"c3":0.75},{"time":1}],"translate":[{"curve":0.25,"c3":0.75},{"time":0.5,"x":0.44,"y":-1.02,"curve":0.25,"c3":0.75},{"time":1}]},"mahoutui7":{"rotate":[{"curve":0.25,"c3":0.75},{"time":0.5,"angle":3.04,"curve":0.25,"c3":0.75},{"time":1}],"translate":[{"curve":0.25,"c3":0.75},{"time":0.5,"x":-0.1,"y":-0.53,"curve":0.25,"c3":0.75},{"time":1}]},"mahoutui8":{"rotate":[{"curve":0.25,"c3":0.75},{"time":0.5,"angle":-1.71,"curve":0.25,"c3":0.75},{"time":1}],"translate":[{"curve":0.25,"c3":0.75},{"time":0.5,"x":-0.66,"y":0.2,"curve":0.25,"c3":0.75},{"time":1}]},"mashenti7":{"rotate":[{"curve":0.25,"c3":0.75},{"time":0.5,"angle":1.03,"curve":0.25,"c3":0.75},{"time":1}],"translate":[{"curve":0.25,"c3":0.75},{"time":0.5,"y":1.42,"curve":0.25,"c3":0.75},{"time":1}]},"mashenti8":{"rotate":[{"curve":0.25,"c3":0.75},{"time":0.5,"angle":-3.64,"curve":0.25,"c3":0.75},{"time":1}],"translate":[{"curve":0.25,"c3":0.75},{"time":0.5,"x":-1.98,"y":0.34,"curve":0.25,"c3":0.75},{"time":1}]},"mashenti9":{"rotate":[{"curve":0.25,"c3":0.75},{"time":0.5,"angle":2.61,"curve":0.25,"c3":0.75},{"time":1}],"translate":[{"curve":0.25,"c3":0.75},{"time":0.5,"x":-0.26,"y":0.41,"curve":0.25,"c3":0.75},{"time":1}]},"maqiantui2":{"rotate":[{"curve":0.25,"c3":0.75},{"time":0.5,"angle":2.2,"curve":0.25,"c3":0.75},{"time":1}],"translate":[{"curve":0.25,"c3":0.75},{"time":0.5,"y":3.61,"curve":0.25,"c3":0.75},{"time":1}]},"maqiantui3":{"rotate":[{"curve":0.25,"c3":0.75},{"time":0.5,"angle":-3.99,"curve":0.25,"c3":0.75},{"time":1}],"translate":[{"curve":0.25,"c3":0.75},{"time":0.5,"x":-0.03,"y":-0.24,"curve":0.25,"c3":0.75},{"time":1}]},"maqiantui4":{"rotate":[{"curve":0.25,"c3":0.75},{"time":0.5,"angle":1.79,"curve":0.25,"c3":0.75},{"time":1}],"translate":[{"curve":0.25,"c3":0.75},{"time":0.5,"x":0.08,"y":0.03,"curve":0.25,"c3":0.75},{"time":1}]},"shenti":{"rotate":[{"angle":-0.52,"curve":0.38,"c2":0.59,"c3":0.727},{"time":0.1333},{"time":0.6333,"angle":-2.59,"curve":0.242,"c3":0.663,"c4":0.65},{"time":1,"angle":-0.52}]},"tou":{"rotate":[{"curve":0.25,"c3":0.75},{"time":0.5,"angle":7.37,"curve":0.25,"c3":0.75},{"time":1}]},"youshou2":{"rotate":[{"angle":-1.47,"curve":0.382,"c2":0.57,"c3":0.735},{"time":0.1667},{"time":0.6667,"angle":-5.18,"curve":0.243,"c3":0.649,"c4":0.6},{"time":1,"angle":-1.47}]},"zuoshouzhang":{"rotate":[{"angle":-17.49}]},"zuoshouzhang2":{"rotate":[{"angle":-2.54,"curve":0.382,"c2":0.57,"c3":0.735},{"time":0.1667},{"time":0.6667,"angle":-8.96,"curve":0.243,"c3":0.649,"c4":0.6},{"time":1,"angle":-2.54}]},"zuotui":{"rotate":[{"curve":0.25,"c3":0.75},{"time":0.5,"angle":5.83,"curve":0.25,"c3":0.75},{"time":1}]},"zuotui2":{"rotate":[{"curve":0.25,"c3":0.75},{"time":0.5,"angle":-6.46,"curve":0.25,"c3":0.75},{"time":1}]},"youtui":{"rotate":[{"curve":0.25,"c3":0.75},{"time":0.5,"angle":3.44,"curve":0.25,"c3":0.75},{"time":1}]},"youtui2":{"rotate":[{"curve":0.25,"c3":0.75},{"time":0.5,"angle":-8,"curve":0.25,"c3":0.75},{"time":1}]}}},"run":{"bones":{"bone":{"translate":[{"y":9.67}]},"bone2":{"rotate":[{"angle":-6.03,"curve":0.247,"c3":0.631,"c4":0.53},{"time":0.1667,"angle":-0.26,"curve":0.379,"c2":0.53,"c3":0.746},{"time":0.3,"angle":-0.08,"curve":0.254,"c3":0.621,"c4":0.47},{"time":0.4333,"angle":-6.84,"curve":0.369,"c2":0.47,"c3":0.753},{"time":0.6,"angle":-6.03}],"translate":[{"y":3.05,"curve":0.25,"c3":0.75},{"time":0.3,"y":-8.13,"curve":0.25,"c3":0.75},{"time":0.6,"y":3.05}]},"bone3":{"translate":[{"y":11.76,"curve":0.25,"c3":0.75},{"time":0.3,"y":-10.08,"curve":0.25,"c3":0.75},{"time":0.6,"y":11.76}]},"mashenti":{"rotate":[{"angle":10.86,"curve":0.247,"c3":0.631,"c4":0.53},{"time":0.1667,"angle":-3.31,"curve":0.379,"c2":0.53,"c3":0.746},{"time":0.3,"angle":-8.26,"curve":0.254,"c3":0.621,"c4":0.47},{"time":0.4333,"angle":5.06,"curve":0.369,"c2":0.47,"c3":0.753},{"time":0.6,"angle":10.86}]},"mashenti2":{"rotate":[{"angle":-1.53,"curve":0.247,"c3":0.631,"c4":0.53},{"time":0.1667,"angle":4.36,"curve":0.379,"c2":0.53,"c3":0.746},{"time":0.3,"angle":4.64,"curve":0.254,"c3":0.621,"c4":0.47},{"time":0.4333,"angle":0.2,"curve":0.369,"c2":0.47,"c3":0.753},{"time":0.6,"angle":-1.53}]},"mashenti3":{"rotate":[{"angle":-14.47,"curve":0.247,"c3":0.631,"c4":0.53},{"time":0.1667,"angle":-3.6,"curve":0.379,"c2":0.53,"c3":0.746},{"time":0.3,"angle":-1.01,"curve":0.254,"c3":0.621,"c4":0.47},{"time":0.4333,"angle":-10.6,"curve":0.369,"c2":0.47,"c3":0.753},{"time":0.6,"angle":-14.47}],"translate":[{"curve":0.247,"c3":0.631,"c4":0.53},{"time":0.1667,"x":1.76,"y":-0.04,"curve":0.379,"c2":0.53,"c3":0.746},{"time":0.3}]},"mashenti4":{"rotate":[{"curve":0.25,"c3":0.75},{"time":0.3,"angle":9.77,"curve":0.25,"c3":0.75},{"time":0.6}]},"mashenti5":{"rotate":[{"angle":-6.72,"curve":0.25,"c3":0.75},{"time":0.3,"angle":8.4,"curve":0.25,"c3":0.75},{"time":0.6,"angle":-6.72}]},"mashenti6":{"rotate":[{"angle":10.48,"curve":0.25,"c3":0.75},{"time":0.3,"angle":-22.39,"curve":0.25,"c3":0.75},{"time":0.6,"angle":10.48}]},"mawei2":{"rotate":[{"angle":12.66,"curve":0.25,"c3":0.75},{"time":0.3,"angle":-28.86,"curve":0.25,"c3":0.75},{"time":0.6,"angle":12.66}]},"mawei3":{"rotate":[{"angle":-14.55,"curve":0.382,"c2":0.57,"c3":0.735},{"time":0.1,"angle":-2.77,"curve":0.25,"c3":0.75},{"time":0.4,"angle":-44.29,"curve":0.243,"c3":0.649,"c4":0.6},{"time":0.6,"angle":-14.55}]},"mawei4":{"rotate":[{"angle":-31.63,"curve":0.369,"c2":0.47,"c3":0.753},{"time":0.1667,"angle":5.35,"curve":0.25,"c3":0.75},{"time":0.4667,"angle":-49.34,"curve":0.254,"c3":0.621,"c4":0.47},{"time":0.6,"angle":-31.63}]},"mawei5":{"rotate":[{"angle":-48.56,"curve":0.326,"c2":0.31,"c3":0.757},{"time":0.2333,"angle":-7.12,"curve":0.25,"c3":0.75},{"time":0.5333,"angle":-54.96,"curve":0.28,"c3":0.623,"c4":0.39},{"time":0.6,"angle":-48.56}]},"mawei6":{"rotate":[{"angle":-59.17,"curve":0.293,"c2":0.18,"c3":0.755},{"time":0.2667,"angle":-19.79,"curve":0.25,"c3":0.75},{"time":0.5667,"angle":-61.31,"curve":0.302,"c3":0.638,"c4":0.36},{"time":0.6,"angle":-59.17}]},"mahoutui1":{"rotate":[{"angle":68.26,"curve":0.25,"c3":0.75},{"time":0.1,"angle":30.3,"curve":0.325,"c2":0.31,"c3":0.675,"c4":0.69},{"time":0.2,"angle":2.24,"curve":0.382,"c2":0.57,"c3":0.735},{"time":0.3,"angle":-23.77,"curve":0.265,"c3":0.618,"c4":0.43},{"time":0.4,"angle":3.34,"curve":0.325,"c2":0.31,"c3":0.675,"c4":0.69},{"time":0.5,"angle":47.76,"curve":0.382,"c2":0.57,"c3":0.735},{"time":0.6,"angle":68.26}],"translate":[{"x":2.91,"y":-3.71,"curve":0.25,"c3":0.75},{"time":0.1,"x":1.94,"y":-7.84,"curve":0.325,"c2":0.31,"c3":0.675,"c4":0.69},{"time":0.2,"x":-4.84,"y":-2.8,"curve":0.382,"c2":0.57,"c3":0.735},{"time":0.3,"x":-3.34,"y":-4.29,"curve":0.243,"c3":0.649,"c4":0.6},{"time":0.5,"x":3.49,"y":-4,"curve":0.382,"c2":0.57,"c3":0.735},{"time":0.6,"x":2.91,"y":-3.71}]},"mahoutui2":{"rotate":[{"angle":-35.15,"curve":0.265,"c3":0.618,"c4":0.43},{"time":0.1,"angle":-13.84,"curve":0.351,"c2":0.4,"c3":0.757},{"time":0.3,"curve":0.265,"c3":0.618,"c4":0.43},{"time":0.4,"angle":-69.29,"curve":0.325,"c2":0.31,"c3":0.675,"c4":0.69},{"time":0.5,"angle":-57.61,"curve":0.382,"c2":0.57,"c3":0.735},{"time":0.6,"angle":-35.15}]},"mahoutui3":{"rotate":[{"angle":17.35,"curve":0.25,"c3":0.75},{"time":0.1,"curve":0.325,"c2":0.31,"c3":0.675,"c4":0.69},{"time":0.2,"angle":-7.44,"curve":0.382,"c2":0.57,"c3":0.735},{"time":0.3,"angle":-21.49,"curve":0.265,"c3":0.618,"c4":0.43},{"time":0.4,"angle":31.72,"curve":0.325,"c2":0.31,"c3":0.675,"c4":0.69},{"time":0.5,"angle":48.11,"curve":0.382,"c2":0.57,"c3":0.735},{"time":0.6,"angle":17.35}],"translate":[{"curve":0.265,"c3":0.618,"c4":0.43},{"time":0.1,"x":-0.03,"y":0.64,"curve":0.351,"c2":0.4,"c3":0.757},{"time":0.3}]},"mahoutui4":{"rotate":[{"angle":-40.78,"curve":0.25,"c3":0.75},{"time":0.1,"angle":-28.51,"curve":0.325,"c2":0.31,"c3":0.675,"c4":0.69},{"time":0.2,"angle":-0.03,"curve":0.382,"c2":0.57,"c3":0.735},{"time":0.3,"angle":-46.31,"curve":0.265,"c3":0.618,"c4":0.43},{"time":0.4,"angle":-31.86,"curve":0.325,"c2":0.31,"c3":0.675,"c4":0.69},{"time":0.5,"angle":-22.12,"curve":0.382,"c2":0.57,"c3":0.735},{"time":0.6,"angle":-40.78}]},"mahoutui5":{"rotate":[{"angle":29.15,"curve":0.265,"c3":0.618,"c4":0.43},{"time":0.1,"angle":51.22,"curve":0.325,"c2":0.31,"c3":0.675,"c4":0.69},{"time":0.2,"angle":37.12,"curve":0.382,"c2":0.57,"c3":0.735},{"time":0.3,"angle":-2.45,"curve":0.265,"c3":0.618,"c4":0.43},{"time":0.4,"angle":-12.14,"curve":0.325,"c2":0.31,"c3":0.675,"c4":0.69},{"time":0.5,"angle":-5.48,"curve":0.382,"c2":0.57,"c3":0.735},{"time":0.6,"angle":29.15}],"translate":[{"x":-14.15,"y":3.9,"curve":0.265,"c3":0.618,"c4":0.43},{"time":0.1,"x":-13.39,"y":4.33,"curve":0.325,"c2":0.31,"c3":0.675,"c4":0.69},{"time":0.2,"x":-11,"y":-2.81,"curve":0.382,"c2":0.57,"c3":0.735},{"time":0.3,"x":-18.13,"y":-2.34,"curve":0.265,"c3":0.618,"c4":0.43},{"time":0.4,"x":-24.06,"y":2.09,"curve":0.351,"c2":0.4,"c3":0.757},{"time":0.6,"x":-14.15,"y":3.9}]},"mahoutui6":{"rotate":[{"angle":-24.83,"curve":0.265,"c3":0.618,"c4":0.43},{"time":0.1,"angle":-25.21,"curve":0.325,"c2":0.31,"c3":0.675,"c4":0.69},{"time":0.2,"curve":0.382,"c2":0.57,"c3":0.735},{"time":0.3,"curve":0.265,"c3":0.618,"c4":0.43},{"time":0.4,"angle":-27,"curve":0.325,"c2":0.31,"c3":0.675,"c4":0.69},{"time":0.5,"angle":-50.74,"curve":0.382,"c2":0.57,"c3":0.735},{"time":0.6,"angle":-24.83}]},"mahoutui7":{"rotate":[{"angle":14.81,"curve":0.265,"c3":0.618,"c4":0.43},{"time":0.1,"angle":32.96,"curve":0.325,"c2":0.31,"c3":0.675,"c4":0.69},{"time":0.2,"angle":-7.49,"curve":0.382,"c2":0.57,"c3":0.735},{"time":0.3,"angle":-14.79,"curve":0.265,"c3":0.618,"c4":0.43},{"time":0.4,"angle":-14.7,"curve":0.325,"c2":0.31,"c3":0.675,"c4":0.69},{"time":0.5,"angle":22.65,"curve":0.382,"c2":0.57,"c3":0.735},{"time":0.6,"angle":14.81}]},"mahoutui8":{"rotate":[{"angle":-52.79,"curve":0.265,"c3":0.618,"c4":0.43},{"time":0.1,"angle":-44.35,"curve":0.325,"c2":0.31,"c3":0.675,"c4":0.69},{"time":0.2,"angle":-34.91,"curve":0.382,"c2":0.57,"c3":0.735},{"time":0.3,"angle":14.67,"curve":0.265,"c3":0.618,"c4":0.43},{"time":0.4,"angle":-19.5,"curve":0.325,"c2":0.31,"c3":0.675,"c4":0.69},{"time":0.5,"angle":-27.28,"curve":0.382,"c2":0.57,"c3":0.735},{"time":0.6,"angle":-52.79}]},"mashenti7":{"rotate":[{"angle":31.91,"curve":0.265,"c3":0.618,"c4":0.43},{"time":0.1,"angle":70.89,"curve":0.325,"c2":0.31,"c3":0.675,"c4":0.69},{"time":0.2,"angle":81.84,"curve":0.382,"c2":0.57,"c3":0.735},{"time":0.3,"angle":29.83,"curve":0.265,"c3":0.618,"c4":0.43},{"time":0.4,"angle":-16.46,"curve":0.325,"c2":0.31,"c3":0.675,"c4":0.69},{"time":0.5,"angle":-17.27,"curve":0.382,"c2":0.57,"c3":0.735},{"time":0.6,"angle":31.91}],"translate":[{"x":11.85,"y":4.3,"curve":0.265,"c3":0.618,"c4":0.43},{"time":0.1,"x":17.6,"y":3.76,"curve":0.325,"c2":0.31,"c3":0.675,"c4":0.69},{"time":0.2,"x":20.15,"y":-0.6,"curve":0.382,"c2":0.57,"c3":0.735},{"time":0.3,"x":5.75,"y":-5.51,"curve":0.265,"c3":0.618,"c4":0.43},{"time":0.4,"x":-0.32,"y":-5.16,"curve":0.351,"c2":0.4,"c3":0.757},{"time":0.6,"x":11.85,"y":4.3}]},"mashenti8":{"rotate":[{"angle":-106.97,"curve":0.265,"c3":0.618,"c4":0.43},{"time":0.1,"angle":-93.7,"curve":0.325,"c2":0.31,"c3":0.675,"c4":0.69},{"time":0.2,"angle":-77.28,"curve":0.382,"c2":0.57,"c3":0.735},{"time":0.3,"angle":-8.09,"curve":0.265,"c3":0.618,"c4":0.43},{"time":0.4,"angle":-10.82,"curve":0.325,"c2":0.31,"c3":0.675,"c4":0.69},{"time":0.5,"angle":-73.63,"curve":0.382,"c2":0.57,"c3":0.735},{"time":0.6,"angle":-106.97}]},"mashenti9":{"rotate":[{"angle":-44.84,"curve":0.265,"c3":0.618,"c4":0.43},{"time":0.1,"angle":-82.47,"curve":0.325,"c2":0.31,"c3":0.675,"c4":0.69},{"time":0.2,"angle":-21.74,"curve":0.382,"c2":0.57,"c3":0.735},{"time":0.3,"angle":-0.88,"curve":0.265,"c3":0.618,"c4":0.43},{"time":0.4,"angle":11.82,"curve":0.351,"c2":0.4,"c3":0.757},{"time":0.6,"angle":-44.84}]},"maqiantui2":{"rotate":[{"angle":-13.45,"curve":0.265,"c3":0.618,"c4":0.43},{"time":0.1,"angle":19.72,"curve":0.325,"c2":0.31,"c3":0.675,"c4":0.69},{"time":0.2,"angle":61.05,"curve":0.382,"c2":0.57,"c3":0.735},{"time":0.3,"angle":64.24,"curve":0.265,"c3":0.618,"c4":0.43},{"time":0.4,"angle":31.15,"curve":0.325,"c2":0.31,"c3":0.675,"c4":0.69},{"time":0.5,"angle":-10.84,"curve":0.382,"c2":0.57,"c3":0.735},{"time":0.6,"angle":-13.45}],"translate":[{"curve":0.265,"c3":0.618,"c4":0.43},{"time":0.1,"x":-3.48,"y":-1.37,"curve":0.325,"c2":0.31,"c3":0.675,"c4":0.69},{"time":0.2,"x":0.67,"y":-2.17,"curve":0.382,"c2":0.57,"c3":0.735},{"time":0.3,"x":3.96,"y":0.57,"curve":0.265,"c3":0.618,"c4":0.43},{"time":0.4,"x":0.05,"y":-6.54,"curve":0.325,"c2":0.31,"c3":0.675,"c4":0.69},{"time":0.5,"x":-7.64,"y":-3.19,"curve":0.382,"c2":0.57,"c3":0.735},{"time":0.6}]},"maqiantui3":{"rotate":[{"angle":-42.99,"curve":0.265,"c3":0.618,"c4":0.43},{"time":0.1,"angle":-103.2,"curve":0.325,"c2":0.31,"c3":0.675,"c4":0.69},{"time":0.2,"angle":-88.78,"curve":0.382,"c2":0.57,"c3":0.735},{"time":0.3,"angle":-38.81,"curve":0.265,"c3":0.618,"c4":0.43},{"time":0.4,"angle":-3.29,"curve":0.325,"c2":0.31,"c3":0.675,"c4":0.69},{"time":0.5,"angle":-1.24,"curve":0.382,"c2":0.57,"c3":0.735},{"time":0.6,"angle":-42.99}]},"maqiantui4":{"rotate":[{"angle":0.59,"curve":0.265,"c3":0.618,"c4":0.43},{"time":0.1,"angle":-84.93,"curve":0.351,"c2":0.4,"c3":0.757},{"time":0.3,"angle":-34.69,"curve":0.243,"c3":0.649,"c4":0.6},{"time":0.5,"angle":10.02,"curve":0.382,"c2":0.57,"c3":0.735},{"time":0.6,"angle":0.59}]},"shenti":{"rotate":[{"angle":-4.96,"curve":0.369,"c2":0.47,"c3":0.753},{"time":0.1667,"angle":-0.52,"curve":0.25,"c3":0.75},{"time":0.4667,"angle":-8.27,"curve":0.254,"c3":0.621,"c4":0.47},{"time":0.6,"angle":-4.96}]},"tou":{"rotate":[{"curve":0.25,"c3":0.75},{"time":0.3,"angle":11.74,"curve":0.25,"c3":0.75},{"time":0.6}]},"youshou2":{"rotate":[{"angle":-1.47,"curve":0.25,"c3":0.75},{"time":0.3,"angle":11.37,"curve":0.25,"c3":0.75},{"time":0.6,"angle":-1.47}]},"zuoshouzhang":{"rotate":[{"angle":-7.26}]},"zuoshouzhang2":{"rotate":[{"angle":-19.72,"curve":0.25,"c3":0.75},{"time":0.3,"angle":2.05,"curve":0.25,"c3":0.75},{"time":0.6,"angle":-19.72}]}}}}}