{"skeleton":{"hash":"yhJSc6JmYtjtCuWZmHHzfMxcLgw","spine":"3.8.86","x":-58.1,"y":-48.34,"width":108,"height":129,"images":"./images/","audio":""},"bones":[{"name":"root","y":-48.38},{"name":"bone","parent":"root","x":-0.26,"y":35.42},{"name":"yaodai","parent":"bone","x":0.11,"y":3.93},{"name":"shengti","parent":"yaodai","length":32.78,"rotation":89.74,"x":1.64,"y":2.23},{"name":"lian","parent":"shengti","length":36.53,"rotation":12.82,"x":34.62,"y":0.18},{"name":"youshouxiuzi","parent":"shengti","length":20.94,"rotation":-134.74,"x":28.8,"y":-11.5},{"name":"youshou","parent":"youshouxiuzi","length":17.62,"rotation":-95.19,"x":21.34,"y":-1},{"name":"youshou2","parent":"youshou","length":12.05,"rotation":-7.23,"x":17.93,"y":-0.07},{"name":"zuoshouxiuzi","parent":"shengti","length":23.61,"rotation":144.81,"x":23.76,"y":10.33},{"name":"zuoshou","parent":"zuoshouxiuzi","length":15.04,"rotation":129.8,"x":26.66,"y":0.77},{"name":"zuoshou2","parent":"zuoshou","length":9.54,"rotation":28.8,"x":16.03,"y":0.09},{"name":"dao","parent":"youshou2","rotation":-179.43,"x":7.03,"y":-4.61},{"name":"jianqiao","parent":"yaodai","x":15.13,"y":1.45},{"name":"zuotui","parent":"bone","length":13.31,"rotation":-134.61,"x":-2.25,"y":-1.31},{"name":"zuotui2","parent":"zuotui","length":16.83,"rotation":49.41,"x":13.67,"y":0.18},{"name":"zuotui3","parent":"zuotui2","length":5.77,"rotation":-7.34,"x":16.95,"y":-0.01},{"name":"youtui","parent":"bone","length":14.61,"rotation":-93.01,"x":11.07,"y":-0.54},{"name":"youtui2","parent":"youtui","length":13.68,"rotation":34.62,"x":15.74,"y":0.57},{"name":"youtui3","parent":"youtui2","length":6.53,"rotation":-31.61,"x":14.22,"y":-0.34}],"slots":[{"name":"zuoshoubi","bone":"zuoshouxiuzi","attachment":"zuoshoubi"},{"name":"zuoshouxiuzi","bone":"zuoshouxiuzi","attachment":"zuoshouxiuzi"},{"name":"shengti","bone":"shengti","attachment":"shengti"},{"name":"jianqiao","bone":"jianqiao","attachment":"jianqiao"},{"name":"zuotui","bone":"zuotui","attachment":"zuotui"},{"name":"yaodai","bone":"yaodai","attachment":"yaodai"},{"name":"youtui","bone":"youtui","attachment":"youtui"},{"name":"yifuxia","bone":"shengti","attachment":"yifuxia"},{"name":"lian","bone":"lian","attachment":"lian"},{"name":"yifushang","bone":"shengti","attachment":"yifushang"},{"name":"maozi","bone":"lian","attachment":"maozi"},{"name":"dao","bone":"dao","attachment":"dao"},{"name":"zuoshou","bone":"zuoshou","attachment":"zuoshou"},{"name":"youshoubi","bone":"youshouxiuzi","attachment":"youshoubi"},{"name":"youshouxiuzi","bone":"youshouxiuzi","attachment":"youshouxiuzi"},{"name":"youshou","bone":"youshou","attachment":"youshou"}],"skins":[{"name":"default","attachments":{"dao":{"dao":{"y":44.57,"rotation":-33.15,"width":78,"height":97}},"jianqiao":{"jianqiao":{"x":13.93,"y":-12.26,"width":42,"height":43}},"lian":{"lian":{"type":"mesh","uvs":[0,0.17553,0.2393,0,0.8118,0,1,0.1387,1,0.55359,0.9493,0.63696,0.9736,0.6862,1,0.73972,1,0.92972,0.8718,1,0.6543,1,0.4318,1,0.41701,0.96691,0.3943,0.91614,0.1368,0.92196,0.03931,0.74747,0,0.71257,0.73649,0.75223,0.75843,0.80277,0.58843,0.89298,0.5438,0.84453],"triangles":[8,9,18,11,19,10,9,10,18,10,19,18,11,12,19,19,13,20,19,12,13,18,7,8,13,15,20,19,20,18,20,17,18,18,6,7,14,15,13,20,15,17,18,17,6,17,5,6,5,17,0,4,5,0,4,0,1,17,16,0,17,15,16,4,1,2,2,3,4],"vertices":[2,4,34.09,18.59,0.99596,3,63.73,25.87,0.00404,1,4,40.51,7.84,1,1,4,35.78,-13.39,1,1,4,27.59,-18.9,1,2,4,7.75,-14.48,0.96938,3,45.38,-12.22,0.03062,2,4,4.18,-11.71,0.83686,3,41.29,-10.31,0.16314,2,4,1.62,-12.08,0.65506,3,38.88,-11.24,0.34494,2,4,-1.16,-12.49,0.47472,3,36.26,-12.26,0.52528,2,4,-10.24,-10.47,0.04963,3,26.95,-12.3,0.95037,2,4,-12.55,-4.97,9.1E-4,3,23.48,-7.45,0.99909,2,4,-10.75,3.1,0.00139,3,23.45,0.82,0.99861,2,4,-8.91,11.35,0.10865,3,23.41,9.27,0.89135,2,4,-7.21,11.55,0.14196,3,25.03,9.84,0.85804,2,4,-4.59,11.85,0.2825,3,27.51,10.72,0.7175,2,4,-2.74,21.46,0.55353,3,27.18,20.5,0.44647,2,4,6.41,23.22,0.71712,3,35.71,24.25,0.28288,2,4,8.4,24.31,0.75162,3,37.42,25.75,0.24838,2,4,0.42,-2.59,0.74579,3,35.6,-2.25,0.25421,2,4,-2.18,-2.86,0.20303,3,33.13,-3.09,0.79697,2,4,-5.09,4.4,0.07047,3,28.68,3.35,0.92953,2,4,-2.4,5.54,0.25289,3,31.05,5.05,0.74711],"hull":17,"edges":[0,2,2,4,4,6,6,8,8,10,14,16,16,18,18,20,20,22,26,28,28,30,30,32,0,32,10,34,10,12,12,14,12,36,36,38,22,24,24,26,38,24,26,40,40,34],"width":38,"height":49}},"maozi":{"maozi":{"x":20.68,"y":6.21,"rotation":-102.56,"width":48,"height":42}},"shengti":{"shengti":{"x":13.95,"y":-0.36,"rotation":-89.74,"width":32,"height":41}},"yaodai":{"yaodai":{"x":4.56,"y":-1.81,"width":31,"height":21}},"yifushang":{"yifushang":{"x":17.49,"y":-9.34,"rotation":-89.74,"width":28,"height":48}},"yifuxia":{"yifuxia":{"x":16.91,"y":9.15,"rotation":-89.74,"width":23,"height":49}},"youshou":{"youshou":{"type":"mesh","uvs":[0.70845,0,0.4837,0.20672,0.33645,0.45472,0.1117,0.39987,0,0.52626,0,0.86725,0.10008,1,0.49533,1,0.52633,0.81241,0.78401,0.6121,1,0.32833,1,0,0.41395,0.65264],"triangles":[7,6,12,12,5,2,3,2,4,5,12,6,2,5,4,8,7,12,8,12,9,9,12,1,12,2,1,1,0,9,9,0,10,0,11,10],"vertices":[1,6,0.26,-7.37,1,2,6,9.23,-7.85,0.99986,7,-7.65,-8.81,1.4E-4,2,6,16.98,-5.91,0.51751,7,-0.21,-5.91,0.48249,2,6,21.59,-11.61,0.02303,7,5.08,-10.98,0.97697,2,6,26.44,-11.37,2.0E-4,7,9.87,-10.14,0.9998,1,7,14.64,-2.67,1,2,6,31.86,0.14,8.9E-4,7,13.8,1.96,0.99911,2,6,22.15,8.24,0.63404,7,3.14,8.77,0.36596,2,6,18.26,5.12,0.91354,7,-0.32,5.2,0.08646,1,6,8.59,6.4,1,1,6,-1.44,5.16,1,1,6,-6.91,-1.4,1,1,7,0.47,-0.24,1],"hull":12,"edges":[0,2,2,4,4,6,6,8,8,10,10,12,12,14,14,16,16,18,18,20,20,22,0,22,4,24,24,16],"width":32,"height":26}},"youshoubi":{"youshoubi":{"x":14.91,"y":-0.36,"rotation":45,"width":17,"height":15}},"youshouxiuzi":{"youshouxiuzi":{"x":6.43,"y":-1.06,"rotation":45,"width":22,"height":20}},"youtui":{"youtui":{"type":"mesh","uvs":[0.22136,0,0,0.10122,0,0.45842,0,0.56155,0,0.63702,0.27093,0.69402,0.28976,0.72651,0.30727,0.75672,0.14206,0.84412,0.14206,0.99802,1,1,1,0.78332,0.95292,0.72776,0.89214,0.65602,0.85249,0.55722,0.94501,0.42802,0.92461,0.37721,0.77318,0,0.68727,0.82702,0.67405,0.77762,0.37773,0.5053,0.36468,0.45843],"triangles":[18,12,11,9,8,7,18,11,10,9,7,18,10,9,18,14,20,15,4,3,20,5,4,20,14,6,5,7,6,19,20,14,5,14,19,6,14,13,19,19,13,12,18,19,12,7,19,18,21,2,1,21,0,17,21,17,16,21,16,15,21,1,0,20,21,15,21,20,3,21,3,2],"vertices":[1,16,-4.95,-4.07,1,1,16,-0.64,-8.94,1,2,16,13.62,-8.19,0.87297,17,-6.72,-6.01,0.12703,2,16,17.74,-7.98,0.55458,17,-3.2,-8.17,0.44542,2,16,20.76,-7.82,0.40223,17,-0.63,-9.76,0.59777,3,16,22.71,-1.47,0.04542,17,4.58,-5.64,0.87906,18,-5.43,-9.58,0.07552,3,16,23.98,-0.97,0.01162,17,5.91,-5.96,0.81041,18,-4.13,-9.14,0.17797,3,16,25.17,-0.51,9.3E-4,17,7.15,-6.25,0.65837,18,-2.92,-8.74,0.34071,2,17,8.14,-11.32,0.25007,18,0.57,-12.54,0.74993,2,17,13.38,-14.54,0.11141,18,6.73,-12.54,0.88859,2,17,23.79,2.22,0.00103,18,6.81,7.19,0.99897,3,16,25.39,15.46,6.0E-5,17,16.41,6.76,0.54921,18,-1.86,7.19,0.45073,3,16,23.23,14.26,0.0029,17,13.95,7.01,0.78656,18,-4.08,6.11,0.21055,3,16,20.44,12.71,0.03203,17,10.77,7.32,0.94531,18,-6.95,4.71,0.02265,2,16,16.54,11.6,0.19609,17,6.93,8.61,0.80391,2,16,11.27,13.45,0.51789,17,3.64,13.14,0.48211,2,16,9.26,12.87,0.60575,17,1.66,13.8,0.39425,2,16,-5.62,8.6,0.99774,17,-13.01,18.74,0.00226,2,17,14.13,-0.28,0.10813,18,-0.11,0,0.89187,2,16,25.56,7.96,4.0E-5,17,12.28,0.5,0.99996,2,16,15.04,0.58,0.48824,17,-0.57,0.4,0.51176,2,16,13.18,0.18,0.98326,17,-2.32,1.13,0.01674],"hull":18,"edges":[0,2,2,4,8,10,14,16,16,18,18,20,20,22,26,28,28,30,0,34,14,36,36,22,22,24,24,26,24,38,10,12,12,14,38,12,30,40,40,8,4,6,6,8,6,42,30,32,32,34,42,32],"width":23,"height":40}},"zuoshou":{"zuoshou":{"type":"mesh","uvs":[0,0.5115,0.22474,0.25887,0.45974,0.3515,0.50224,0.31781,0.60974,0,0.94724,0,1,0.2715,1,0.64623,0.92474,0.84413,0.68224,0.88623,0.63724,0.92413,0.53724,1,0.11224,1,0,0.99571,0.59724,0.62518,0.55474,0.64623],"triangles":[11,12,15,2,15,12,11,15,10,2,12,1,1,12,0,12,13,0,15,14,10,2,3,15,15,3,14,10,14,9,9,14,8,8,14,6,7,8,6,4,6,14,6,4,5,14,3,4],"vertices":[1,9,-3.27,3.36,1,1,9,4.26,7.6,1,2,10,-1.36,6.66,0.14035,9,11.63,5.27,0.85965,2,10,0.13,6.45,0.37015,9,13.03,5.81,0.62985,2,10,6.31,9.63,0.89872,9,16.92,11.57,0.10128,1,10,15.35,3.72,1,1,10,13.95,-1.52,1,1,10,10.05,-7.48,1,1,10,5.98,-9.31,1,2,10,-0.95,-5.74,0.75523,9,17.96,-5.4,0.24477,2,10,-2.55,-5.55,0.53268,9,16.46,-6.01,0.46732,2,10,-6.02,-5.01,0.18783,9,13.16,-7.2,0.81217,1,9,-0.4,-6.17,1,1,9,-3.97,-5.82,1,2,10,-0.52,-0.1,0.45795,9,15.62,-0.25,0.54205,1,9,14.23,-0.54,1],"hull":14,"edges":[0,2,2,4,4,6,6,8,8,10,10,12,12,14,14,16,16,18,18,20,20,22,22,24,24,26,0,26,6,28,28,18,4,30,30,20],"width":32,"height":19}},"zuoshoubi":{"zuoshoubi":{"x":19.5,"y":-0.05,"rotation":125.45,"width":14,"height":19}},"zuoshouxiuzi":{"zuoshouxiuzi":{"x":7.87,"y":-0.97,"rotation":125.45,"width":20,"height":23}},"zuotui":{"zuotui":{"type":"mesh","uvs":[0.48125,0,0.07176,0.31444,0.07755,0.35778,0.11108,0.60894,0.26832,0.67781,0.26504,0.76806,0,0.78706,0,1,0.74987,1,0.70728,0.84169,0.69418,0.69444,0.86125,0.58044,0.85215,0.49306,0.84814,0.45456,1,0.40469,1,0,0.39607,0.42606,0.3928,0.46406,0.47469,0.84643],"triangles":[18,5,4,9,18,10,7,6,5,18,9,8,7,5,18,8,7,18,16,2,1,17,2,16,17,16,13,17,13,12,3,2,17,4,3,17,10,17,12,10,12,11,4,17,10,10,18,4,13,0,15,0,16,1,0,13,16,15,14,13],"vertices":[1,13,0.42,-10.3,1,2,13,17.72,-9.92,0.67617,14,-5.03,-9.64,0.32383,2,13,18.83,-8.58,0.59402,14,-3.29,-9.62,0.40598,3,13,25.3,-0.83,0.02781,14,6.8,-9.49,0.96941,15,-8.86,-10.7,0.00278,2,14,9.93,-5.18,0.88871,15,-6.31,-6.03,0.11129,2,14,13.52,-5.58,0.31769,15,-2.7,-5.96,0.68231,1,15,-1.6,-13.61,1,1,15,6.91,-13.23,1,1,15,5.95,8.5,1,2,14,17.53,6.96,0.37404,15,-0.32,6.98,0.62596,3,13,15.86,13.61,0.01994,14,11.62,7.07,0.95257,15,-6.19,6.34,0.02749,2,13,9.21,13.85,0.19723,14,7.49,12.28,0.80277,2,13,6.91,11.21,0.38295,14,3.98,12.31,0.61705,2,13,5.9,10.05,0.54834,14,2.44,12.32,0.45166,2,13,1.38,11.78,0.8103,14,0.82,16.88,0.1897,1,13,-10.14,0.41,1,1,14,0.2,-0.65,1,1,14,1.71,-0.87,1,1,15,0.17,0.25,1],"hull":16,"edges":[0,2,6,8,8,10,10,12,12,14,14,16,16,18,18,20,20,22,26,28,28,30,0,30,2,32,32,26,2,4,4,6,4,34,22,24,24,26,34,24,10,36,36,18],"width":29,"height":40}}}}],"animations":{"attack":{"bones":{"root":{"translate":[{"y":0.68,"curve":0.265,"c3":0.618,"c4":0.43},{"time":0.1333}]},"yaodai":{"rotate":[{"curve":0.243,"c3":0.689,"c4":0.75},{"time":0.1333,"angle":-1.07,"curve":0.371,"c2":0.62,"c3":0.71},{"time":0.2333,"angle":-1.18,"curve":0.25,"c3":0.75},{"time":0.3667,"angle":31.18,"curve":"stepped"},{"time":0.6,"angle":31.18,"curve":0.25,"c3":0.75},{"time":0.8}],"translate":[{"curve":0.243,"c3":0.689,"c4":0.75},{"time":0.1333,"x":-0.53,"y":3.29,"curve":0.371,"c2":0.62,"c3":0.71},{"time":0.2333,"x":-0.58,"y":3.65,"curve":0.25,"c3":0.75},{"time":0.3667,"x":-5.96,"y":0.28,"curve":0.25,"c3":0.75},{"time":0.4667,"x":-6.6,"y":1.41,"curve":0.25,"c3":0.75},{"time":0.6,"x":-6.92,"y":0.28,"curve":0.25,"c3":0.75},{"time":0.8}]},"shengti":{"rotate":[{"angle":0.49,"curve":0.243,"c3":0.689,"c4":0.75},{"time":0.1333,"angle":-16.24,"curve":0.371,"c2":0.62,"c3":0.71},{"time":0.2333,"angle":-18.03,"curve":0.258,"c3":0.619,"c4":0.45},{"time":0.2667,"angle":11.28,"curve":0.363,"c2":0.44,"c3":0.755},{"time":0.3667,"angle":-3.65,"curve":0.25,"c3":0.75},{"time":0.4667,"angle":-1.27,"curve":0.25,"c3":0.75},{"time":0.6,"angle":-3.65,"curve":0.25,"c3":0.75},{"time":0.8,"angle":0.49}],"scale":[{"time":0.3667,"curve":0.25,"c3":0.75},{"time":0.4667,"x":1.008,"y":1.016,"curve":0.25,"c3":0.75},{"time":0.6,"y":1.016,"curve":0.25,"c3":0.75},{"time":0.8}]},"lian":{"rotate":[{"angle":2.13,"curve":0.265,"c3":0.618,"c4":0.43},{"time":0.1333,"angle":-6.81,"curve":0.329,"c2":0.32,"c3":0.663,"c4":0.65},{"time":0.2333,"angle":-19.53,"curve":0.363,"c2":0.44,"c3":0.755},{"time":0.3667,"angle":-29.54,"curve":0.25,"c3":0.75},{"time":0.4667,"angle":-26.73,"curve":0.25,"c3":0.75},{"time":0.6,"angle":-23,"curve":0.25,"c3":0.75},{"time":0.8,"angle":2.13}],"translate":[{"curve":0.265,"c3":0.618,"c4":0.43},{"time":0.1333,"x":0.38,"y":1.19,"curve":0.329,"c2":0.32,"c3":0.663,"c4":0.65},{"time":0.2333,"x":0.49,"y":1.55,"curve":0.363,"c2":0.44,"c3":0.755},{"time":0.3667,"x":1.34,"y":4.21,"curve":0.25,"c3":0.75},{"time":0.4667,"x":0.27,"y":3.55,"curve":0.25,"c3":0.75},{"time":0.6,"x":1.34,"y":4.14,"curve":0.25,"c3":0.75},{"time":0.8}],"scale":[{"time":0.3667,"curve":0.25,"c3":0.75},{"time":0.4667,"x":0.992,"y":0.984,"curve":0.25,"c3":0.75},{"time":0.6,"y":0.984,"curve":0.25,"c3":0.75},{"time":0.8}]},"youshouxiuzi":{"rotate":[{"curve":0.243,"c3":0.689,"c4":0.75},{"time":0.1333,"angle":-126.85,"curve":0.371,"c2":0.62,"c3":0.71},{"time":0.2333,"angle":-140.39,"curve":0.284,"c3":0.625,"c4":0.38},{"time":0.2667,"angle":-111.04,"curve":0.363,"c2":0.44,"c3":0.755},{"time":0.3667,"angle":32.22,"curve":0.25,"c3":0.625,"c4":0.5},{"time":0.4667,"angle":36.86,"curve":0.25,"c3":0.75},{"time":0.6,"angle":32.22,"curve":0.25,"c3":0.75},{"time":0.8}],"translate":[{"time":0.2333,"curve":0.331,"c2":0.33,"c3":0.673,"c4":0.69},{"time":0.2667,"x":-6.06,"y":5.05,"curve":0.382,"c2":0.56,"c3":0.738},{"time":0.3667,"curve":0.25,"c3":0.75},{"time":0.4667,"x":-0.24,"y":0.18,"curve":0.25,"c3":0.75},{"time":0.6,"y":0.18,"curve":0.25,"c3":0.75},{"time":0.8}],"scale":[{"time":0.2333,"curve":0.33,"c2":0.32,"c3":0.666,"c4":0.66},{"time":0.2667,"x":1.081,"curve":0.382,"c2":0.56,"c3":0.738},{"time":0.3667,"curve":0.25,"c3":0.75},{"time":0.4667,"x":0.992,"y":0.984,"curve":0.25,"c3":0.75},{"time":0.6,"y":0.984,"curve":0.25,"c3":0.75},{"time":0.8}]},"youshou":{"rotate":[{"curve":0.243,"c3":0.689,"c4":0.75},{"time":0.1333,"angle":53.66,"curve":0.371,"c2":0.62,"c3":0.71},{"time":0.2333,"angle":59.39,"curve":0.284,"c3":0.625,"c4":0.38},{"time":0.3667,"angle":56.38,"curve":0.25,"c3":0.625,"c4":0.5},{"time":0.4667,"angle":46.54,"curve":0.25,"c3":0.75},{"time":0.6,"angle":44.25,"curve":0.25,"c3":0.75},{"time":0.8}]},"youshou2":{"rotate":[{"curve":0.243,"c3":0.689,"c4":0.75},{"time":0.1333,"angle":7.7,"curve":0.371,"c2":0.62,"c3":0.71},{"time":0.2333,"angle":8.52,"curve":0.258,"c3":0.619,"c4":0.45},{"time":0.2667,"angle":71.82,"curve":0.363,"c2":0.44,"c3":0.755},{"time":0.3667,"angle":5.55,"curve":0.25,"c3":0.625,"c4":0.5},{"time":0.4667,"angle":9.84,"curve":0.25,"c3":0.75},{"time":0.6,"angle":15.37,"curve":0.25,"c3":0.75},{"time":0.8}]},"zuoshouxiuzi":{"rotate":[{"curve":0.256,"c3":0.619,"c4":0.46},{"time":0.0667,"angle":-42.92,"curve":0.344,"c2":0.37,"c3":0.704,"c4":0.79},{"time":0.1333,"angle":-54.26,"curve":0.371,"c2":0.62,"c3":0.71},{"time":0.2333,"angle":-60.05,"curve":0.284,"c3":0.625,"c4":0.38},{"time":0.2667,"angle":-25.09,"curve":0.363,"c2":0.44,"c3":0.755},{"time":0.3667,"angle":-7.16,"curve":"stepped"},{"time":0.6,"angle":-7.16,"curve":0.25,"c3":0.75},{"time":0.8}],"translate":[{"curve":0.265,"c3":0.618,"c4":0.43},{"time":0.1333,"x":1.29,"y":0.26,"curve":0.329,"c2":0.32,"c3":0.663,"c4":0.65},{"time":0.2333,"x":1.68,"y":0.34,"curve":0.363,"c2":0.44,"c3":0.755},{"time":0.3667,"x":4.55,"y":0.93,"curve":0.25,"c3":0.75},{"time":0.4667,"x":4.32,"y":0.75,"curve":0.25,"c3":0.75},{"time":0.6,"x":4.55,"y":0.75,"curve":0.25,"c3":0.75},{"time":0.8}],"scale":[{"time":0.3667,"curve":0.25,"c3":0.75},{"time":0.4667,"x":0.992,"y":0.984,"curve":0.25,"c3":0.75},{"time":0.6,"y":0.984,"curve":0.25,"c3":0.75},{"time":0.8}]},"zuoshou":{"rotate":[{"curve":0.256,"c3":0.619,"c4":0.46},{"time":0.0667,"angle":29.74,"curve":0.344,"c2":0.37,"c3":0.704,"c4":0.79},{"time":0.1333,"angle":121.55,"curve":0.371,"c2":0.62,"c3":0.71},{"time":0.2333,"angle":122.45,"curve":0.284,"c3":0.625,"c4":0.38},{"time":0.2667,"angle":4.13,"curve":0.363,"c2":0.44,"c3":0.755},{"time":0.3667,"angle":-10.58,"curve":0.25,"c3":0.75},{"time":0.4667,"angle":-2.42,"curve":0.25,"c3":0.75},{"time":0.6,"angle":0.51,"curve":0.25,"c3":0.75},{"time":0.8}],"translate":[{"curve":0.243,"c3":0.689,"c4":0.75},{"time":0.1333,"x":-0.03,"y":-0.33,"curve":0.371,"c2":0.62,"c3":0.71},{"time":0.2333,"x":-0.03,"y":-0.36,"curve":0.25,"c3":0.75},{"time":0.3667}],"scale":[{"curve":0.29,"c3":0.629,"c4":0.38},{"time":0.0667,"x":0.662,"curve":0.311,"c2":0.25,"c3":0.649,"c4":0.6},{"time":0.1333,"curve":"stepped"},{"time":0.2333,"curve":0.331,"c2":0.33,"c3":0.673,"c4":0.69},{"time":0.2667,"x":0.827,"curve":0.382,"c2":0.56,"c3":0.738},{"time":0.3667}]},"zuoshou2":{"rotate":[{"curve":0.243,"c3":0.689,"c4":0.75},{"time":0.1333,"angle":-59.86,"curve":0.371,"c2":0.62,"c3":0.71},{"time":0.2333,"angle":-66.25,"curve":0.318,"c3":0.652,"c4":0.34},{"time":0.2667,"angle":-18.57,"curve":0.321,"c2":0.23,"c3":0.654,"c4":0.57},{"time":0.3,"angle":-26.33,"curve":0.314,"c2":0.24,"c3":0.649,"c4":0.58},{"time":0.3667,"angle":-6.95,"curve":"stepped"},{"time":0.6,"angle":-6.95,"curve":0.25,"c3":0.75},{"time":0.8}]},"jianqiao":{"rotate":[{"angle":2.8,"curve":0.313,"c3":0.647,"c4":0.35},{"time":0.1667,"angle":-4.23,"curve":0.32,"c2":0.25,"c3":0.654,"c4":0.58},{"time":0.3,"angle":-25.34,"curve":0.323,"c2":0.28,"c3":0.657,"c4":0.62},{"time":0.4,"angle":-10.02,"curve":0.327,"c2":0.31,"c3":0.661,"c4":0.64},{"time":0.5,"angle":5.13,"curve":0.328,"c2":0.31,"c3":0.662,"c4":0.65},{"time":0.6333,"angle":13.51,"curve":0.326,"c2":0.31,"c3":0.66,"c4":0.65},{"time":0.8,"angle":2.8}]},"zuotui":{"rotate":[{"curve":0.243,"c3":0.689,"c4":0.75},{"time":0.1333,"angle":13.57,"curve":0.371,"c2":0.62,"c3":0.71},{"time":0.2333,"angle":15.02,"curve":0.243,"c3":0.68,"c4":0.71},{"time":0.2667,"angle":1.95,"curve":0.375,"c2":0.62,"c3":0.716},{"time":0.3667,"curve":"stepped"},{"time":0.4667,"curve":0.25,"c3":0.75},{"time":0.6,"angle":1.33,"curve":0.25,"c3":0.75},{"time":0.8}],"translate":[{"curve":0.243,"c3":0.689,"c4":0.75},{"time":0.1333,"x":-2.95,"y":3.39,"curve":0.371,"c2":0.62,"c3":0.71},{"time":0.2333,"x":-3.27,"y":3.75,"curve":0.243,"c3":0.68,"c4":0.71},{"time":0.2667,"x":-6.24,"y":-0.14,"curve":0.375,"c2":0.62,"c3":0.716},{"time":0.3667,"x":-6.68,"y":-0.72,"curve":0.25,"c3":0.75},{"time":0.4667,"x":-7.2,"y":-0.1,"curve":0.25,"c3":0.75},{"time":0.6,"x":-7.61,"y":-0.11,"curve":0.25,"c3":0.75},{"time":0.8}]},"zuotui2":{"rotate":[{"curve":0.243,"c3":0.689,"c4":0.75},{"time":0.1333,"angle":-18.15,"curve":0.371,"c2":0.62,"c3":0.71},{"time":0.2333,"angle":-20.09,"curve":0.243,"c3":0.68,"c4":0.71},{"time":0.2667,"angle":3.84,"curve":0.375,"c2":0.62,"c3":0.716},{"time":0.3667,"angle":7.42,"curve":0.25,"c3":0.75},{"time":0.4667,"angle":5.38,"curve":0.25,"c3":0.75},{"time":0.6,"angle":6.09,"curve":0.25,"c3":0.75},{"time":0.8}],"translate":[{"curve":0.243,"c3":0.689,"c4":0.75},{"time":0.1333,"x":0.44,"y":0.18,"curve":0.371,"c2":0.62,"c3":0.71},{"time":0.2333,"x":0.49,"y":0.2,"curve":0.243,"c3":0.68,"c4":0.71},{"time":0.2667,"x":1.83,"y":-0.1,"curve":0.375,"c2":0.62,"c3":0.716},{"time":0.3667,"x":2.02,"y":-0.15,"curve":0.25,"c3":0.75},{"time":0.4667,"x":1.1,"y":0.46,"curve":0.25,"c3":0.75},{"time":0.6,"x":1.84,"y":0.59,"curve":0.25,"c3":0.75},{"time":0.8}]},"zuotui3":{"rotate":[{"curve":0.243,"c3":0.689,"c4":0.75},{"time":0.1333,"angle":4.03,"curve":0.371,"c2":0.62,"c3":0.71},{"time":0.2333,"angle":4.46,"curve":0.243,"c3":0.68,"c4":0.71},{"time":0.2667,"angle":-6.07,"curve":0.375,"c2":0.62,"c3":0.716},{"time":0.3667,"angle":-7.65,"curve":0.25,"c3":0.75},{"time":0.4667,"angle":-5.61,"curve":0.25,"c3":0.75},{"time":0.6,"angle":-7.65,"curve":0.25,"c3":0.75},{"time":0.8}],"translate":[{"curve":0.243,"c3":0.689,"c4":0.75},{"time":0.1333,"x":1.1,"y":-0.23,"curve":0.371,"c2":0.62,"c3":0.71},{"time":0.2333,"x":1.22,"y":-0.26,"curve":0.243,"c3":0.68,"c4":0.71},{"time":0.2667,"x":-1.1,"y":0.13,"curve":0.375,"c2":0.62,"c3":0.716},{"time":0.3667,"x":-1.45,"y":0.19,"curve":0.25,"c3":0.75},{"time":0.4667,"x":-0.72,"y":0.03,"curve":0.25,"c3":0.75},{"time":0.6,"x":-1.45,"y":0.19,"curve":0.25,"c3":0.75},{"time":0.8}]},"youtui":{"rotate":[{"curve":0.243,"c3":0.689,"c4":0.75},{"time":0.1333,"angle":7.79,"curve":0.371,"c2":0.62,"c3":0.71},{"time":0.2333,"angle":8.62,"curve":0.25,"c3":0.75},{"time":0.3667,"angle":21.03,"curve":0.25,"c3":0.75},{"time":0.4667,"angle":23.06,"curve":0.25,"c3":0.75},{"time":0.6,"angle":21.03,"curve":0.25,"c3":0.75},{"time":0.8}],"translate":[{"curve":0.243,"c3":0.689,"c4":0.75},{"time":0.1333,"x":-3.3,"y":3.58,"curve":0.371,"c2":0.62,"c3":0.71},{"time":0.2333,"x":-3.65,"y":3.96,"curve":0.25,"c3":0.75},{"time":0.3667,"x":-8.03,"y":3.16,"curve":0.25,"c3":0.75},{"time":0.4667,"x":-8.89,"y":3.44,"curve":0.25,"c3":0.75},{"time":0.6,"x":-8.03,"y":3.16,"curve":0.25,"c3":0.75},{"time":0.8}]},"youtui2":{"rotate":[{"curve":0.243,"c3":0.689,"c4":0.75},{"time":0.1333,"angle":-10.54,"curve":0.371,"c2":0.62,"c3":0.71},{"time":0.2333,"angle":-11.66,"curve":0.25,"c3":0.75},{"time":0.3667,"angle":-21.03,"curve":0.25,"c3":0.75},{"time":0.4667,"angle":-23.06,"curve":0.25,"c3":0.75},{"time":0.6,"angle":-21.03,"curve":0.25,"c3":0.75},{"time":0.8}],"translate":[{"curve":0.243,"c3":0.689,"c4":0.75},{"time":0.1333,"x":1.35,"y":0.29,"curve":0.371,"c2":0.62,"c3":0.71},{"time":0.2333,"x":1.49,"y":0.32,"curve":0.25,"c3":0.75},{"time":0.3667,"x":3.96,"y":0.97,"curve":0.25,"c3":0.75},{"time":0.4667,"x":3.93,"y":0.9,"curve":0.25,"c3":0.75},{"time":0.6,"x":3.96,"y":0.97,"curve":0.25,"c3":0.75},{"time":0.8}]},"youtui3":{"rotate":[{"curve":0.243,"c3":0.689,"c4":0.75},{"time":0.1333,"angle":2.75,"curve":0.371,"c2":0.62,"c3":0.71},{"time":0.2333,"angle":3.04,"curve":0.25,"c3":0.75},{"time":0.3667}],"translate":[{"curve":0.243,"c3":0.689,"c4":0.75},{"time":0.1333,"x":2.64,"y":-0.2,"curve":0.371,"c2":0.62,"c3":0.71},{"time":0.2333,"x":2.92,"y":-0.22,"curve":0.25,"c3":0.75},{"time":0.3667,"x":0.67,"y":-0.16,"curve":0.25,"c3":0.75},{"time":0.4667,"x":1.3,"y":-0.21,"curve":0.25,"c3":0.75},{"time":0.6,"x":0.67,"y":-0.16,"curve":0.25,"c3":0.75},{"time":0.8}]}}},"death":{"bones":{"bone":{"rotate":[{"time":0.0667,"curve":0.278,"c3":0.622,"c4":0.4},{"time":0.2,"angle":-45.26,"curve":0.311,"c2":0.26,"c3":0.657,"c4":0.64},{"time":0.3667,"angle":-69.21,"curve":0.378,"c2":0.51,"c3":0.748},{"time":0.6333,"angle":-92.63}],"translate":[{"time":0.0667,"curve":0.257,"c3":0.619,"c4":0.46},{"time":0.2,"x":26.76,"y":20.62,"curve":0.332,"c2":0.33,"c3":0.673,"c4":0.69},{"time":0.3667,"x":58.38,"y":27.13,"curve":0.351,"c2":0.39,"c3":0.689,"c4":0.75},{"time":0.5,"x":64.17,"y":-17.78,"curve":0.373,"c2":0.62,"c3":0.712},{"time":0.6333,"x":69.08,"y":-14.12,"curve":0.25,"c3":0.75},{"time":0.9667,"x":68.36,"y":-18.76}]},"yaodai":{"rotate":[{"curve":0.25,"c3":0.75},{"time":0.0667,"angle":7,"curve":0.257,"c3":0.619,"c4":0.46},{"time":0.2,"angle":-8.79,"curve":0.364,"c2":0.45,"c3":0.754},{"time":0.6333}],"translate":[{"curve":0.25,"c3":0.75},{"time":0.0667,"x":9.1,"y":3.09,"curve":0.257,"c3":0.619,"c4":0.46},{"time":0.2,"x":1.94,"y":3.65,"curve":0.332,"c2":0.33,"c3":0.673,"c4":0.69},{"time":0.3667,"x":2.56,"y":4.93,"curve":0.382,"c2":0.56,"c3":0.738},{"time":0.6333}]},"shengti":{"rotate":[{"angle":0.49,"curve":0.25,"c3":0.75},{"time":0.0667,"angle":16.38,"curve":0.257,"c3":0.619,"c4":0.46},{"time":0.2,"angle":-16.82,"curve":0.342,"c2":0.36,"c3":0.701,"c4":0.78},{"time":0.5,"angle":6.34,"curve":0.373,"c2":0.62,"c3":0.712},{"time":0.6333,"angle":-7.13,"curve":0.25,"c3":0.75},{"time":0.9667,"angle":0.49}],"translate":[{"curve":0.25,"c3":0.75},{"time":0.0667,"x":-0.1,"y":-0.82,"curve":0.25,"c3":0.75},{"time":0.6333}]},"lian":{"rotate":[{"angle":2.13,"curve":0.25,"c3":0.75},{"time":0.0667,"angle":22.23,"curve":0.257,"c3":0.619,"c4":0.46},{"time":0.2,"angle":38.79,"curve":0.332,"c2":0.33,"c3":0.673,"c4":0.69},{"time":0.3667,"angle":-49.28,"curve":0.351,"c2":0.39,"c3":0.689,"c4":0.75},{"time":0.5,"angle":-17.9,"curve":0.373,"c2":0.62,"c3":0.712},{"time":0.6333,"angle":1.34,"curve":0.25,"c3":0.75},{"time":0.9667,"angle":-20.33}]},"youshouxiuzi":{"rotate":[{"curve":0.25,"c3":0.75},{"time":0.0667,"angle":-12.93,"curve":0.257,"c3":0.619,"c4":0.46},{"time":0.2,"angle":-6.23,"curve":0.332,"c2":0.33,"c3":0.673,"c4":0.69},{"time":0.3667,"angle":-99.97,"curve":0.351,"c2":0.39,"c3":0.689,"c4":0.75},{"time":0.5,"angle":-87.46,"curve":0.373,"c2":0.62,"c3":0.712},{"time":0.6333,"angle":-68.55,"curve":0.25,"c3":0.75},{"time":0.9667,"angle":-36.9}]},"youshou":{"rotate":[{"curve":0.25,"c3":0.75},{"time":0.0667,"angle":5.84,"curve":0.257,"c3":0.619,"c4":0.46},{"time":0.2,"angle":78.33,"curve":0.332,"c2":0.33,"c3":0.673,"c4":0.69},{"time":0.3667,"angle":89.64,"curve":0.351,"c2":0.39,"c3":0.689,"c4":0.75},{"time":0.5,"angle":56.09,"curve":0.373,"c2":0.62,"c3":0.712},{"time":0.6333,"angle":47.02,"curve":0.25,"c3":0.625,"c4":0.5},{"time":0.8,"angle":68.02,"curve":0.375,"c2":0.5,"c3":0.75},{"time":0.9667,"angle":78.68}]},"youshou2":{"rotate":[{"curve":0.25,"c3":0.75},{"time":0.0667,"angle":3.99,"curve":0.257,"c3":0.619,"c4":0.46},{"time":0.2,"angle":-11.87,"curve":0.332,"c2":0.33,"c3":0.673,"c4":0.69},{"time":0.3667,"angle":48.74,"curve":0.351,"c2":0.39,"c3":0.689,"c4":0.75},{"time":0.5,"angle":41.78,"curve":0.373,"c2":0.62,"c3":0.712},{"time":0.6333,"angle":25,"curve":0.25,"c3":0.75},{"time":0.9667,"angle":5.47}]},"zuoshouxiuzi":{"rotate":[{"curve":0.25,"c3":0.75},{"time":0.0667,"angle":-16.72,"curve":0.257,"c3":0.619,"c4":0.46},{"time":0.2,"angle":5.57,"curve":0.332,"c2":0.33,"c3":0.673,"c4":0.69},{"time":0.3667,"angle":-61.63,"curve":0.351,"c2":0.39,"c3":0.689,"c4":0.75},{"time":0.5,"angle":-25.52,"curve":0.373,"c2":0.62,"c3":0.712},{"time":0.6333,"angle":-5,"curve":0.25,"c3":0.75},{"time":0.9667,"angle":6.72}]},"zuoshou":{"rotate":[{"curve":0.25,"c3":0.75},{"time":0.0667,"angle":-4.12,"curve":0.257,"c3":0.619,"c4":0.46},{"time":0.2,"angle":-110.11,"curve":0.332,"c2":0.33,"c3":0.673,"c4":0.69},{"time":0.3667,"angle":-98.8,"curve":0.351,"c2":0.39,"c3":0.689,"c4":0.75},{"time":0.5,"angle":-140.11,"curve":0.373,"c2":0.62,"c3":0.712},{"time":0.6333,"angle":-64.68,"curve":0.25,"c3":0.75},{"time":0.9667,"angle":-39.97}],"scale":[{"curve":0.25,"c3":0.75},{"time":0.0667,"x":0.955,"curve":0.25,"c3":0.75},{"time":0.6333}]},"zuoshou2":{"rotate":[{"curve":0.25,"c3":0.75},{"time":0.0667,"angle":14.38,"curve":0.257,"c3":0.619,"c4":0.46},{"time":0.2,"angle":-46.5,"curve":0.364,"c2":0.45,"c3":0.754},{"time":0.6333,"angle":-24.91}]},"dao":{"rotate":[{"curve":0.25,"c3":0.75},{"time":0.6667,"angle":-25.59},{"time":0.8333,"angle":-88.18}]},"jianqiao":{"rotate":[{"angle":2.8,"curve":"stepped"},{"time":0.0667,"angle":2.8,"curve":0.25,"c3":0.75},{"time":0.6333,"angle":-40.61}]},"zuotui":{"rotate":[{"curve":0.25,"c3":0.75},{"time":0.0667,"angle":3.35,"curve":0.257,"c3":0.619,"c4":0.46},{"time":0.2,"angle":-8.93,"curve":0.332,"c2":0.33,"c3":0.673,"c4":0.69},{"time":0.3667,"angle":-36.39,"curve":0.351,"c2":0.39,"c3":0.689,"c4":0.75},{"time":0.5,"angle":37.66,"curve":0.373,"c2":0.62,"c3":0.712},{"time":0.6333,"angle":27.6,"curve":0.25,"c3":0.625,"c4":0.5},{"time":0.8,"angle":16.48,"curve":0.375,"c2":0.5,"c3":0.75},{"time":0.9667,"angle":27.6}],"translate":[{"curve":0.25,"c3":0.75},{"time":0.0667,"x":6.5,"y":3.71,"curve":0.248,"c3":0.628,"c4":0.52},{"time":0.3667,"x":3.04,"y":2.9,"curve":0.378,"c2":0.51,"c3":0.748},{"time":0.6333}]},"zuotui2":{"rotate":[{"curve":0.25,"c3":0.75},{"time":0.0667,"angle":-26.12,"curve":0.257,"c3":0.619,"c4":0.46},{"time":0.2,"angle":10.38,"curve":0.332,"c2":0.33,"c3":0.673,"c4":0.69},{"time":0.3667,"angle":-26.78,"curve":0.351,"c2":0.39,"c3":0.689,"c4":0.75},{"time":0.5,"angle":-8.84,"curve":0.373,"c2":0.62,"c3":0.712},{"time":0.8,"angle":37.05,"curve":0.25,"c3":0.75},{"time":0.9667,"angle":32.4}],"translate":[{"curve":0.25,"c3":0.75},{"time":0.0667,"x":2.21,"y":0.53,"curve":0.25,"c3":0.75},{"time":0.8}]},"zuotui3":{"rotate":[{"curve":0.25,"c3":0.75},{"time":0.0667,"angle":22.77,"curve":0.248,"c3":0.628,"c4":0.52},{"time":0.3667,"angle":0.06,"curve":0.378,"c2":0.51,"c3":0.748},{"time":0.6333,"angle":42.54}],"translate":[{"curve":0.25,"c3":0.75},{"time":0.0667,"x":1.65,"y":1.18,"curve":0.25,"c3":0.75},{"time":0.6333}]},"youtui":{"rotate":[{"curve":0.25,"c3":0.75},{"time":0.0667,"angle":-16.94,"curve":0.257,"c3":0.619,"c4":0.46},{"time":0.2,"angle":-28.86,"curve":0.332,"c2":0.33,"c3":0.673,"c4":0.69},{"time":0.3667,"angle":-75.02,"curve":0.351,"c2":0.39,"c3":0.689,"c4":0.75},{"time":0.5,"angle":-40.53,"curve":0.373,"c2":0.62,"c3":0.712},{"time":0.6333,"angle":-3.33,"curve":0.25,"c3":0.75},{"time":0.9667,"angle":-9.38},{"time":1.1667,"angle":-3.33}],"translate":[{"curve":0.25,"c3":0.75},{"time":0.0667,"x":9.56,"y":5.19,"curve":0.25,"c3":0.75},{"time":0.6333}]},"youtui2":{"rotate":[{"curve":0.25,"c3":0.75},{"time":0.0667,"angle":-4.35,"curve":0.278,"c3":0.622,"c4":0.4},{"time":0.2,"angle":22.65,"curve":0.311,"c2":0.26,"c3":0.657,"c4":0.64},{"time":0.3667,"angle":27.88,"curve":0.345,"c2":0.37,"c3":0.687,"c4":0.73},{"time":0.5,"angle":-4.15,"curve":0.378,"c2":0.6,"c3":0.722},{"time":0.6333,"angle":-18.22,"curve":0.25,"c3":0.75},{"time":0.9667,"angle":-11.11},{"time":1.1667,"angle":-18.22}],"translate":[{"curve":0.25,"c3":0.75},{"time":0.0667,"x":0.25,"y":-0.97,"curve":0.25,"c3":0.75},{"time":0.6333}]},"youtui3":{"rotate":[{"curve":0.25,"c3":0.75},{"time":0.0667,"angle":21.3,"curve":0.257,"c3":0.619,"c4":0.46},{"time":0.2,"angle":39.44,"curve":0.364,"c2":0.45,"c3":0.754},{"time":0.6333,"angle":36.33}],"translate":[{"curve":0.25,"c3":0.75},{"time":0.0667,"x":4.38,"y":0.18,"curve":0.25,"c3":0.75},{"time":0.6333}]}}},"idle":{"bones":{"yaodai":{"translate":[{"curve":0.25,"c3":0.75},{"time":0.5,"y":-3.84,"curve":0.25,"c3":0.75},{"time":1}]},"shengti":{"rotate":[{"angle":0.49,"curve":0.375,"c2":0.62,"c3":0.716},{"time":0.1},{"time":0.6,"angle":3.78,"curve":0.243,"c3":0.68,"c4":0.71},{"time":1,"angle":0.49}]},"lian":{"rotate":[{"angle":2.13,"curve":0.382,"c2":0.57,"c3":0.735},{"time":0.1667},{"time":0.6667,"angle":7.49,"curve":0.243,"c3":0.649,"c4":0.6},{"time":1,"angle":2.13}]},"youshouxiuzi":{"rotate":[{"curve":0.25,"c3":0.75},{"time":0.5,"angle":7.01,"curve":0.25,"c3":0.75},{"time":1}]},"youshou":{"rotate":[{"curve":0.25,"c3":0.75},{"time":0.5,"angle":-20.22,"curve":0.25,"c3":0.75},{"time":1}],"translate":[{"curve":0.25,"c3":0.75},{"time":0.5,"x":-0.52,"y":-0.4,"curve":0.25,"c3":0.75},{"time":1}],"scale":[{"curve":0.25,"c3":0.625,"c4":0.5},{"time":0.5,"x":1.013,"curve":0.375,"c2":0.5,"c3":0.75},{"time":1}]},"youshou2":{"rotate":[{"curve":0.25,"c3":0.75},{"time":0.5,"angle":10.95,"curve":0.25,"c3":0.75},{"time":1}]},"zuoshouxiuzi":{"rotate":[{"curve":0.25,"c3":0.75},{"time":0.5,"angle":-11.63,"curve":0.25,"c3":0.75},{"time":1}]},"zuoshou":{"rotate":[{"curve":0.25,"c3":0.75},{"time":0.5,"angle":13.35,"curve":0.25,"c3":0.75},{"time":1}],"translate":[{"curve":0.25,"c3":0.625,"c4":0.5},{"time":0.5,"x":-0.74,"y":0.39,"curve":0.375,"c2":0.5,"c3":0.75},{"time":1}]},"zuoshou2":{"rotate":[{"curve":0.25,"c3":0.75},{"time":0.5,"angle":1.63,"curve":0.25,"c3":0.75},{"time":1}],"translate":[{"curve":0.25,"c3":0.75},{"time":0.5,"x":1.74,"y":0.53,"curve":0.25,"c3":0.75},{"time":1}]},"jianqiao":{"rotate":[{"angle":2.8,"curve":0.351,"c2":0.4,"c3":0.757},{"time":0.3333,"angle":9.85,"curve":0.25,"c3":0.75},{"time":0.8333,"curve":0.265,"c3":0.618,"c4":0.43},{"time":1,"angle":2.8}]},"zuotui":{"rotate":[{"curve":0.25,"c3":0.75},{"time":0.5,"angle":-0.76,"curve":0.25,"c3":0.75},{"time":1}],"translate":[{"curve":0.25,"c3":0.75},{"time":0.5,"x":-1.33,"y":-2.17,"curve":0.25,"c3":0.75},{"time":1}]},"zuotui2":{"rotate":[{"curve":0.25,"c3":0.75},{"time":0.5,"angle":4.28,"curve":0.25,"c3":0.75},{"time":1}],"translate":[{"curve":0.25,"c3":0.75},{"time":0.5,"x":-0.6,"y":0.52,"curve":0.25,"c3":0.75},{"time":1}]},"zuotui3":{"rotate":[{"curve":0.25,"c3":0.75},{"time":0.5,"angle":-3.52,"curve":0.25,"c3":0.75},{"time":1}],"translate":[{"curve":0.25,"c3":0.75},{"time":0.5,"x":-1.91,"y":-0.1,"curve":0.25,"c3":0.75},{"time":1}]},"youtui":{"rotate":[{"curve":0.25,"c3":0.75},{"time":0.5,"angle":-1.86,"curve":0.25,"c3":0.75},{"time":1}],"translate":[{"curve":0.25,"c3":0.75},{"time":0.5,"x":0.03,"y":-2.72,"curve":0.25,"c3":0.75},{"time":1}]},"youtui2":{"rotate":[{"curve":0.25,"c3":0.75},{"time":0.5,"angle":8.76,"curve":0.25,"c3":0.75},{"time":1}],"translate":[{"curve":0.25,"c3":0.75},{"time":0.5,"x":-1.66,"y":-0.5,"curve":0.25,"c3":0.75},{"time":1}]},"youtui3":{"rotate":[{"curve":0.25,"c3":0.75},{"time":0.5,"angle":-6.91,"curve":0.25,"c3":0.75},{"time":1}],"translate":[{"curve":0.25,"c3":0.75},{"time":0.5,"x":-0.41,"y":-0.42,"curve":0.25,"c3":0.75},{"time":1}]}}},"run":{"bones":{"bone":{"translate":[{"y":6.24,"curve":0.25,"c3":0.625,"c4":0.5},{"time":0.1333,"x":-1.83,"y":-1.99,"curve":0.375,"c2":0.5,"c3":0.75},{"time":0.2667,"x":-3.65,"y":6.24,"curve":0.25,"c3":0.625,"c4":0.5},{"time":0.4,"x":-1.83,"y":-2.87,"curve":0.375,"c2":0.5,"c3":0.75},{"time":0.5333,"y":6.24}]},"yaodai":{"rotate":[{"angle":20.4}],"translate":[{"x":-1.25,"y":-0.31}]},"shengti":{"rotate":[{"angle":2.22,"curve":0.25,"c3":0.625,"c4":0.5},{"time":0.1333,"angle":4.74,"curve":0.375,"c2":0.5,"c3":0.75},{"time":0.2667,"angle":2.22,"curve":0.25,"c3":0.625,"c4":0.5},{"time":0.4,"angle":6.22,"curve":0.375,"c2":0.5,"c3":0.75},{"time":0.5333,"angle":2.22}]},"lian":{"rotate":[{"angle":-20.25,"curve":0.276,"c3":0.621,"c4":0.4},{"time":0.0667,"angle":-23.65,"curve":0.314,"c2":0.27,"c3":0.657,"c4":0.64},{"time":0.1333,"angle":-20.25,"curve":0.343,"c2":0.36,"c3":0.686,"c4":0.73},{"time":0.2,"angle":-15.88,"curve":0.379,"c2":0.6,"c3":0.724},{"time":0.2667,"angle":-20.25,"curve":0.276,"c3":0.621,"c4":0.4},{"time":0.3333,"angle":-24.48,"curve":0.314,"c2":0.27,"c3":0.657,"c4":0.64},{"time":0.4,"angle":-20.25,"curve":0.343,"c2":0.36,"c3":0.686,"c4":0.73},{"time":0.4667,"angle":-15.27,"curve":0.379,"c2":0.6,"c3":0.724},{"time":0.5333,"angle":-20.25}],"translate":[{"x":0.16,"y":2.81}]},"youshouxiuzi":{"rotate":[{"angle":1.14,"curve":0.25,"c3":0.625,"c4":0.5},{"time":0.1333,"angle":16.57,"curve":0.375,"c2":0.5,"c3":0.75},{"time":0.2667,"angle":32.01,"curve":0.25,"c3":0.625,"c4":0.5},{"time":0.4,"angle":16.57,"curve":0.375,"c2":0.5,"c3":0.75},{"time":0.5333,"angle":1.14}]},"youshou":{"rotate":[{"angle":-4.43,"curve":0.25,"c3":0.625,"c4":0.5},{"time":0.1333,"angle":-9.77,"curve":0.375,"c2":0.5,"c3":0.75},{"time":0.2667,"angle":-15.12,"curve":0.25,"c3":0.625,"c4":0.5},{"time":0.4,"angle":-9.77,"curve":0.375,"c2":0.5,"c3":0.75},{"time":0.5333,"angle":-4.43}]},"youshou2":{"rotate":[{"angle":3.67}]},"zuoshouxiuzi":{"rotate":[{"angle":-10.58,"curve":0.25,"c3":0.625,"c4":0.5},{"time":0.1333,"angle":2.38,"curve":0.375,"c2":0.5,"c3":0.75},{"time":0.2667,"angle":15.34,"curve":0.25,"c3":0.625,"c4":0.5},{"time":0.4,"angle":2.38,"curve":0.375,"c2":0.5,"c3":0.75},{"time":0.5333,"angle":-10.58}],"translate":[{"x":1.27,"y":0.53}]},"zuoshou":{"rotate":[{"angle":-0.56,"curve":0.25,"c3":0.625,"c4":0.5},{"time":0.1333,"angle":-9.61,"curve":0.375,"c2":0.5,"c3":0.75},{"time":0.2667,"angle":-18.66,"curve":0.25,"c3":0.625,"c4":0.5},{"time":0.4,"angle":-9.61,"curve":0.375,"c2":0.5,"c3":0.75},{"time":0.5333,"angle":-0.56}],"translate":[{"x":-0.96,"y":-0.18}]},"zuoshou2":{"rotate":[{"angle":32.6}],"translate":[{"x":3.78,"y":-1.08,"curve":0.25,"c3":0.625,"c4":0.5},{"time":0.1333,"x":3.2,"y":-0.7,"curve":0.375,"c2":0.5,"c3":0.75},{"time":0.2667,"x":2.62,"y":-0.32,"curve":0.25,"c3":0.625,"c4":0.5},{"time":0.4,"x":3.2,"y":-0.7,"curve":0.375,"c2":0.5,"c3":0.75},{"time":0.5333,"x":3.78,"y":-1.08}]},"dao":{"translate":[{"x":1.81,"y":-2.32}]},"jianqiao":{"rotate":[{"curve":0.25,"c3":0.625,"c4":0.5},{"time":0.1333,"angle":14.77,"curve":0.375,"c2":0.5,"c3":0.75},{"time":0.2667,"curve":0.25,"c3":0.625,"c4":0.5},{"time":0.4,"angle":18.97,"curve":0.375,"c2":0.5,"c3":0.75},{"time":0.5333}]},"zuotui":{"rotate":[{"angle":8.87,"curve":0.276,"c3":0.621,"c4":0.4},{"time":0.0667,"angle":15.02,"curve":0.314,"c2":0.27,"c3":0.657,"c4":0.64},{"time":0.1333,"angle":3.26,"curve":0.343,"c2":0.36,"c3":0.686,"c4":0.73},{"time":0.2,"angle":70.29,"curve":0.379,"c2":0.6,"c3":0.724},{"time":0.2667,"angle":77.52,"curve":0.25,"c3":0.625,"c4":0.5},{"time":0.4,"angle":26.23,"curve":0.343,"c2":0.36,"c3":0.686,"c4":0.73},{"time":0.4667,"angle":-23.39,"curve":0.379,"c2":0.6,"c3":0.724},{"time":0.5333,"angle":8.87}],"translate":[{"curve":0.276,"c3":0.621,"c4":0.4},{"time":0.0667,"x":2.75,"y":-0.01,"curve":0.314,"c2":0.27,"c3":0.657,"c4":0.64},{"time":0.1333,"x":8.87,"y":2.01,"curve":0.375,"c2":0.5,"c3":0.75},{"time":0.2667,"x":12.96,"y":1.05,"curve":0.25,"c3":0.625,"c4":0.5},{"time":0.4,"x":13.35,"y":1.9,"curve":0.375,"c2":0.5,"c3":0.75},{"time":0.5333}]},"zuotui2":{"rotate":[{"angle":-39.8,"curve":0.276,"c3":0.621,"c4":0.4},{"time":0.0667,"angle":-34.86,"curve":0.314,"c2":0.27,"c3":0.657,"c4":0.64},{"time":0.1333,"angle":-7.74,"curve":0.343,"c2":0.36,"c3":0.686,"c4":0.73},{"time":0.2,"angle":-30.24,"curve":0.379,"c2":0.6,"c3":0.724},{"time":0.2667,"angle":22.24,"curve":0.25,"c3":0.625,"c4":0.5},{"time":0.4,"angle":57.02,"curve":0.343,"c2":0.36,"c3":0.686,"c4":0.73},{"time":0.4667,"angle":45.76,"curve":0.379,"c2":0.6,"c3":0.724},{"time":0.5333,"angle":-39.8}],"translate":[{"curve":0.276,"c3":0.621,"c4":0.4},{"time":0.0667,"x":0.68,"y":-0.19,"curve":0.314,"c2":0.27,"c3":0.657,"c4":0.64},{"time":0.1333}]},"zuotui3":{"rotate":[{"angle":16.99,"curve":0.276,"c3":0.621,"c4":0.4},{"time":0.0667,"angle":23.89,"curve":0.314,"c2":0.27,"c3":0.657,"c4":0.64},{"time":0.1333,"angle":5.53,"curve":0.336,"c2":0.34,"c3":0.671,"c4":0.68},{"time":0.1667,"angle":-18.2,"curve":0.343,"c2":0.37,"c3":0.679,"c4":0.71},{"time":0.2,"angle":4.2,"curve":0.379,"c2":0.6,"c3":0.724},{"time":0.2667,"angle":16.99,"curve":"stepped"},{"time":0.4,"angle":16.99,"curve":0.343,"c2":0.36,"c3":0.686,"c4":0.73},{"time":0.4667,"angle":18.45,"curve":0.379,"c2":0.6,"c3":0.724},{"time":0.5333,"angle":16.99}]},"youtui":{"rotate":[{"angle":38.06,"curve":0.25,"c3":0.625,"c4":0.5},{"time":0.1333,"angle":-5,"curve":0.343,"c2":0.36,"c3":0.686,"c4":0.73},{"time":0.2,"angle":-52.58,"curve":0.379,"c2":0.6,"c3":0.724},{"time":0.2667,"angle":-38.27,"curve":0.276,"c3":0.621,"c4":0.4},{"time":0.3333,"angle":-31.53,"curve":0.314,"c2":0.27,"c3":0.657,"c4":0.64},{"time":0.4,"angle":-43.77,"curve":0.343,"c2":0.36,"c3":0.686,"c4":0.73},{"time":0.4667,"angle":25.25,"curve":0.379,"c2":0.6,"c3":0.724},{"time":0.5333,"angle":38.06}],"translate":[{"x":-1.73,"y":-0.73,"curve":0.25,"c3":0.625,"c4":0.5},{"time":0.1333,"x":-2.17,"y":1.12,"curve":0.375,"c2":0.5,"c3":0.75},{"time":0.2667,"x":-11.13,"y":-0.97,"curve":0.25,"c3":0.625,"c4":0.5},{"time":0.4,"x":-3.8,"y":-0.24,"curve":0.375,"c2":0.5,"c3":0.75},{"time":0.5333,"x":-1.73,"y":-0.73}]},"youtui2":{"rotate":[{"angle":22.84,"curve":0.25,"c3":0.625,"c4":0.5},{"time":0.1333,"angle":70.23,"curve":0.343,"c2":0.36,"c3":0.686,"c4":0.73},{"time":0.2,"angle":53.58,"curve":0.379,"c2":0.6,"c3":0.724},{"time":0.2667,"angle":-12.9,"curve":0.276,"c3":0.621,"c4":0.4},{"time":0.3333,"angle":-21.43,"curve":0.314,"c2":0.27,"c3":0.657,"c4":0.64},{"time":0.4,"angle":11.75,"curve":0.343,"c2":0.36,"c3":0.686,"c4":0.73},{"time":0.4667,"angle":-7.97,"curve":0.379,"c2":0.6,"c3":0.724},{"time":0.5333,"angle":22.84}],"translate":[{"time":0.2667,"curve":0.25,"c3":0.625,"c4":0.5},{"time":0.4,"x":-1.24,"y":-0.74,"curve":0.375,"c2":0.5,"c3":0.75},{"time":0.5333}]},"youtui3":{"rotate":[{"angle":37.4,"curve":"stepped"},{"time":0.1333,"angle":37.4,"curve":0.343,"c2":0.36,"c3":0.686,"c4":0.73},{"time":0.2,"angle":42.84,"curve":0.379,"c2":0.6,"c3":0.724},{"time":0.2667,"angle":37.4,"curve":0.276,"c3":0.621,"c4":0.4},{"time":0.3333,"angle":42.42,"curve":0.314,"c2":0.27,"c3":0.657,"c4":0.64},{"time":0.4,"angle":35.31,"curve":0.336,"c2":0.34,"c3":0.671,"c4":0.68},{"time":0.4333,"angle":7,"curve":0.382,"c2":0.56,"c3":0.74},{"time":0.5333,"angle":37.4}],"translate":[{"time":0.2667,"curve":0.276,"c3":0.621,"c4":0.4},{"time":0.3333,"x":1.15,"y":0.45,"curve":0.314,"c2":0.27,"c3":0.657,"c4":0.64},{"time":0.4,"curve":0.336,"c2":0.34,"c3":0.671,"c4":0.68},{"time":0.4333,"x":-0.9,"y":0.43,"curve":0.382,"c2":0.56,"c3":0.74},{"time":0.5333}]}}}}}